timestamp,flowRate,rpm,vibration,suctionPressure,dischargePressure,motorTemp,status,faultType
2026-05-01T05:04:54Z,184.8,2376.0,2.7,1.7,7.3,41.3,RUNNING,
2026-05-01T05:04:55Z,182.3,2385.6,2.6,1.7,7.4,41.0,RUNNING,
2026-05-01T05:04:56Z,180.4,2352.8,2.6,1.7,7.2,41.0,RUNNING,
2026-05-01T05:04:57Z,181.5,2355.4,2.7,1.7,7.2,41.0,RUNNING,
2026-05-01T05:04:58Z,176.8,2308.5,2.5,1.7,7.0,40.3,RUNNING,
2026-05-01T05:04:59Z,180.3,2338.7,2.5,1.7,7.2,40.5,RUNNING,
2026-05-01T05:05:00Z,177.6,2336.5,2.6,1.7,7.2,40.5,RUNNING,
2026-05-01T05:05:01Z,178.4,2334.9,2.7,1.7,7.1,40.8,RUNNING,
2026-05-01T05:05:02Z,177.3,2335.2,2.6,1.7,7.1,40.7,RUNNING,
2026-05-01T05:05:03Z,178.2,2337.6,2.5,1.7,7.1,40.5,RUNNING,
2026-05-01T05:05:04Z,179.7,2347.9,2.6,1.7,7.2,40.7,RUNNING,
2026-05-01T05:05:05Z,180.4,2351.2,2.5,1.7,7.2,40.7,RUNNING,
2026-05-01T05:05:06Z,180.4,2364.3,2.5,1.7,7.3,41.1,RUNNING,
2026-05-01T05:05:07Z,181.4,2352.9,2.6,1.7,7.2,40.9,RUNNING,
2026-05-01T05:05:08Z,177.4,2336.0,2.6,1.7,7.1,40.4,RUNNING,
2026-05-01T05:05:09Z,178.0,2326.5,2.6,1.7,7.2,40.0,RUNNING,
2026-05-01T05:05:10Z,177.7,2342.2,2.5,1.7,7.3,40.4,RUNNING,
2026-05-01T05:05:11Z,179.4,2341.2,2.5,1.7,7.1,40.4,RUNNING,
2026-05-01T05:05:12Z,178.9,2329.1,2.5,1.7,7.1,40.4,RUNNING,
2026-05-01T05:05:13Z,178.0,2326.6,2.5,1.7,7.1,40.5,RUNNING,
2026-05-01T05:05:14Z,180.7,2344.0,2.5,1.7,7.3,40.8,RUNNING,
2026-05-01T05:05:15Z,179.3,2358.4,2.5,1.7,7.2,40.8,RUNNING,
2026-05-01T05:05:16Z,179.8,2336.6,2.6,1.8,7.1,40.5,RUNNING,
2026-05-01T05:05:17Z,175.6,2325.4,2.5,1.7,7.1,40.2,RUNNING,
2026-05-01T05:05:18Z,175.8,2335.6,2.6,1.7,7.1,40.6,RUNNING,
2026-05-01T05:05:19Z,175.8,2332.7,2.7,1.7,7.1,40.2,RUNNING,
2026-05-01T05:05:20Z,179.8,2338.8,2.6,1.7,7.1,40.5,RUNNING,
2026-05-01T05:05:21Z,180.2,2351.4,2.7,1.7,7.1,40.6,RUNNING,
2026-05-01T05:05:22Z,173.8,2304.5,2.6,1.7,7.0,39.9,RUNNING,
2026-05-01T05:05:23Z,174.9,2314.3,2.5,1.7,6.9,40.3,RUNNING,
2026-05-01T05:05:24Z,176.0,2315.9,2.7,1.7,7.0,40.4,RUNNING,
2026-05-01T05:05:25Z,177.8,2322.5,2.6,1.7,7.2,40.2,RUNNING,
2026-05-01T05:05:26Z,178.4,2341.4,2.6,1.7,7.1,40.5,RUNNING,
2026-05-01T05:05:27Z,180.4,2339.2,2.6,1.7,7.1,40.7,RUNNING,
2026-05-01T05:05:28Z,178.2,2326.7,2.6,1.7,7.2,40.4,RUNNING,
2026-05-01T05:05:29Z,181.5,2335.0,2.6,1.7,7.1,40.5,RUNNING,
2026-05-01T05:05:30Z,179.1,2353.6,2.5,1.7,7.2,40.6,RUNNING,
2026-05-01T05:05:31Z,176.9,2346.0,2.5,1.7,7.3,40.3,RUNNING,
2026-05-01T05:05:32Z,181.7,2366.9,2.5,1.7,7.2,40.8,RUNNING,
2026-05-01T05:05:33Z,180.6,2371.1,2.6,1.7,7.3,40.9,RUNNING,
2026-05-01T05:05:34Z,180.3,2369.2,2.5,1.7,7.3,41.0,RUNNING,
2026-05-01T05:05:35Z,175.8,2315.0,2.6,1.7,7.1,40.5,RUNNING,
2026-05-01T05:05:36Z,175.5,2321.1,2.6,1.7,7.1,40.5,RUNNING,
2026-05-01T05:05:37Z,178.4,2319.5,2.4,1.7,7.1,40.4,RUNNING,
2026-05-01T05:05:38Z,177.1,2325.1,2.5,1.7,7.1,40.6,RUNNING,
2026-05-01T05:05:39Z,174.6,2308.7,2.5,1.7,7.0,40.3,RUNNING,
2026-05-01T05:05:40Z,173.2,2296.9,2.5,1.8,7.0,39.8,RUNNING,
2026-05-01T05:05:41Z,173.9,2280.1,2.4,1.8,6.9,39.9,RUNNING,
2026-05-01T05:05:42Z,172.4,2270.5,2.5,1.8,6.9,39.4,RUNNING,
2026-05-01T05:05:43Z,172.5,2267.9,2.5,1.8,7.0,39.5,RUNNING,
2026-05-01T05:05:44Z,173.2,2271.0,2.5,1.8,6.8,39.4,RUNNING,
2026-05-01T05:05:45Z,170.2,2246.4,2.3,1.8,6.8,39.1,RUNNING,
2026-05-01T05:05:46Z,169.2,2234.9,2.4,1.8,6.7,38.9,RUNNING,
2026-05-01T05:05:47Z,169.2,2234.5,2.4,1.8,6.8,39.1,RUNNING,
2026-05-01T05:05:48Z,165.8,2218.2,2.4,1.8,6.7,38.6,RUNNING,
2026-05-01T05:05:49Z,167.6,2214.8,2.3,1.8,6.6,38.7,RUNNING,
2026-05-01T05:05:50Z,167.8,2224.2,2.4,1.8,6.8,38.7,RUNNING,
2026-05-01T05:05:51Z,171.5,2232.2,2.4,1.8,6.8,39.1,RUNNING,
2026-05-01T05:05:52Z,165.1,2182.0,2.3,1.9,6.5,38.4,RUNNING,
2026-05-01T05:05:53Z,162.0,2164.7,2.3,1.9,6.4,37.8,RUNNING,
2026-05-01T05:05:54Z,162.5,2183.3,2.3,1.9,6.6,38.5,RUNNING,
2026-05-01T05:05:55Z,162.6,2178.2,2.4,1.9,6.5,38.2,RUNNING,
2026-05-01T05:05:56Z,166.6,2172.5,2.4,1.9,6.5,38.3,RUNNING,
2026-05-01T05:05:57Z,161.2,2169.8,2.4,1.9,6.5,38.1,RUNNING,
2026-05-01T05:05:58Z,166.1,2192.3,2.3,1.8,6.6,38.3,RUNNING,
2026-05-01T05:05:59Z,169.5,2221.0,2.4,1.8,6.7,38.9,RUNNING,
2026-05-01T05:06:00Z,166.1,2216.7,2.3,1.8,6.7,39.1,RUNNING,
2026-05-01T05:06:01Z,170.4,2238.5,2.3,1.8,6.7,39.0,RUNNING,
2026-05-01T05:06:02Z,168.9,2242.6,2.4,1.8,6.7,39.0,RUNNING,
2026-05-01T05:06:03Z,171.0,2265.2,2.4,1.8,6.8,39.4,RUNNING,
2026-05-01T05:06:04Z,167.8,2230.4,2.3,1.8,6.7,38.8,RUNNING,
2026-05-01T05:06:05Z,169.1,2228.5,2.5,1.8,6.8,39.0,RUNNING,
2026-05-01T05:06:06Z,168.4,2225.0,2.5,1.8,6.7,39.1,RUNNING,
2026-05-01T05:06:07Z,171.4,2247.3,2.3,1.8,6.8,38.9,RUNNING,
2026-05-01T05:06:08Z,165.0,2207.1,2.3,1.9,6.7,38.4,RUNNING,
2026-05-01T05:06:09Z,166.7,2232.2,2.4,1.8,6.8,38.8,RUNNING,
2026-05-01T05:06:10Z,169.3,2247.9,2.4,1.8,6.8,39.2,RUNNING,
2026-05-01T05:06:11Z,172.9,2267.6,2.5,1.8,6.9,39.7,RUNNING,
2026-05-01T05:06:12Z,173.5,2271.0,2.4,1.8,6.9,39.4,RUNNING,
2026-05-01T05:06:13Z,175.7,2286.3,2.5,1.7,7.0,39.9,RUNNING,
2026-05-01T05:06:14Z,171.8,2279.7,2.5,1.8,6.9,39.5,RUNNING,
2026-05-01T05:06:15Z,171.8,2258.4,2.4,1.8,6.8,39.3,RUNNING,
2026-05-01T05:06:16Z,171.3,2264.5,2.5,1.8,6.9,39.4,RUNNING,
2026-05-01T05:06:17Z,170.1,2265.8,2.5,1.8,6.8,39.6,RUNNING,
2026-05-01T05:06:18Z,170.8,2272.0,2.4,1.8,6.8,39.4,RUNNING,
2026-05-01T05:06:19Z,167.3,2236.5,2.4,1.8,6.7,39.1,RUNNING,
2026-05-01T05:06:20Z,170.3,2252.4,2.5,1.8,6.9,39.5,RUNNING,
2026-05-01T05:06:21Z,172.5,2253.6,2.5,1.8,6.9,39.0,RUNNING,
2026-05-01T05:06:22Z,169.5,2247.2,2.3,1.8,6.8,39.0,RUNNING,
2026-05-01T05:06:23Z,169.1,2244.3,2.4,1.8,6.8,39.3,RUNNING,
2026-05-01T05:06:24Z,168.6,2250.2,2.4,1.8,6.8,39.3,RUNNING,
2026-05-01T05:06:25Z,170.6,2258.4,2.4,1.8,6.8,39.2,RUNNING,
2026-05-01T05:06:26Z,169.2,2240.7,2.4,1.8,6.7,39.3,RUNNING,
2026-05-01T05:06:27Z,171.9,2260.8,2.4,1.8,6.9,39.2,RUNNING,
2026-05-01T05:06:28Z,171.2,2257.0,2.5,1.8,6.8,39.4,RUNNING,
2026-05-01T05:06:29Z,170.5,2237.1,2.4,1.8,6.9,39.0,RUNNING,
2026-05-01T05:06:30Z,167.9,2245.6,2.4,1.8,6.7,39.1,RUNNING,
2026-05-01T05:06:31Z,165.3,2205.4,2.4,1.8,6.6,38.3,RUNNING,
2026-05-01T05:06:32Z,167.3,2226.1,2.3,1.8,6.7,38.9,RUNNING,
2026-05-01T05:06:33Z,166.9,2194.2,2.4,1.9,6.6,38.8,RUNNING,
2026-05-01T05:06:34Z,166.4,2226.5,2.4,1.8,6.7,38.6,RUNNING,
2026-05-01T05:06:35Z,168.0,2222.3,2.3,1.8,6.6,38.7,RUNNING,
2026-05-01T05:06:36Z,166.8,2238.5,2.4,1.8,6.8,38.9,RUNNING,
2026-05-01T05:06:37Z,164.7,2208.6,2.3,1.8,6.7,38.6,RUNNING,
2026-05-01T05:06:38Z,169.1,2214.2,2.3,1.8,6.7,38.7,RUNNING,
2026-05-01T05:06:39Z,167.6,2224.4,2.4,1.8,6.8,38.9,RUNNING,
2026-05-01T05:06:40Z,169.6,2247.1,2.4,1.8,6.8,39.0,RUNNING,
2026-05-01T05:06:41Z,170.4,2259.0,2.4,1.8,6.9,39.4,RUNNING,
2026-05-01T05:06:42Z,171.0,2255.9,2.5,1.8,6.8,39.5,RUNNING,
2026-05-01T05:06:43Z,170.4,2266.2,2.4,1.8,6.8,39.2,RUNNING,
2026-05-01T05:06:44Z,170.4,2259.1,2.5,1.8,6.9,39.5,RUNNING,
2026-05-01T05:06:45Z,168.9,2242.9,2.3,1.8,6.7,39.2,RUNNING,
2026-05-01T05:06:46Z,169.3,2248.8,2.4,1.8,6.7,39.0,RUNNING,
2026-05-01T05:06:47Z,172.2,2279.6,2.5,1.8,6.9,39.7,RUNNING,
2026-05-01T05:06:48Z,170.9,2269.4,2.5,1.8,6.9,39.5,RUNNING,
2026-05-01T05:06:49Z,170.2,2248.5,2.4,1.8,6.8,39.3,RUNNING,
2026-05-01T05:06:50Z,172.3,2269.3,2.5,1.8,6.9,39.4,RUNNING,
2026-05-01T05:06:51Z,170.7,2278.6,2.4,1.8,7.0,39.8,RUNNING,
2026-05-01T05:06:52Z,172.2,2259.6,2.5,1.7,6.9,39.4,RUNNING,
2026-05-01T05:06:53Z,170.1,2262.6,2.4,1.8,6.8,39.2,RUNNING,
2026-05-01T05:06:54Z,168.7,2255.3,2.5,1.8,6.8,39.0,RUNNING,
2026-05-01T05:06:55Z,170.5,2250.2,2.3,1.8,6.8,39.5,RUNNING,
2026-05-01T05:06:56Z,175.5,2257.7,2.5,1.8,7.0,39.3,RUNNING,
2026-05-01T05:06:57Z,169.8,2238.2,2.3,1.8,6.7,38.9,RUNNING,
2026-05-01T05:06:58Z,168.7,2208.5,2.3,1.8,6.6,38.5,RUNNING,
2026-05-01T05:06:59Z,163.2,2190.5,2.3,1.8,6.6,38.3,RUNNING,
2026-05-01T05:07:00Z,159.5,2145.9,2.3,1.9,6.4,37.6,RUNNING,
2026-05-01T05:07:01Z,158.0,2127.6,2.1,1.9,6.3,37.3,RUNNING,
2026-05-01T05:07:02Z,157.7,2113.9,2.2,1.9,6.4,37.4,RUNNING,
2026-05-01T05:07:03Z,154.9,2101.2,2.2,1.9,6.2,37.0,RUNNING,
2026-05-01T05:07:04Z,155.8,2092.3,2.1,2.0,6.2,36.7,RUNNING,
2026-05-01T05:07:05Z,153.9,2080.7,2.2,2.0,6.2,36.9,RUNNING,
2026-05-01T05:07:06Z,155.7,2087.3,2.1,2.0,6.2,36.8,RUNNING,
2026-05-01T05:07:07Z,153.7,2068.0,2.1,2.0,6.1,36.5,RUNNING,
2026-05-01T05:07:08Z,152.1,2078.9,2.2,2.0,6.1,36.7,RUNNING,
2026-05-01T05:07:09Z,153.7,2107.6,2.2,1.9,6.3,36.9,RUNNING,
2026-05-01T05:07:10Z,155.2,2102.8,2.3,1.9,6.3,37.1,RUNNING,
2026-05-01T05:07:11Z,155.4,2079.6,2.2,1.9,6.2,36.5,RUNNING,
2026-05-01T05:07:12Z,154.3,2090.7,2.2,1.9,6.2,36.8,RUNNING,
2026-05-01T05:07:13Z,156.3,2107.5,2.2,2.0,6.3,37.0,RUNNING,
2026-05-01T05:07:14Z,158.3,2129.4,2.2,1.9,6.3,37.3,RUNNING,
2026-05-01T05:07:15Z,159.8,2103.6,2.1,2.0,6.3,37.0,RUNNING,
2026-05-01T05:07:16Z,156.2,2080.6,2.1,1.9,6.2,36.8,RUNNING,
2026-05-01T05:07:17Z,154.8,2086.0,2.1,2.0,6.2,36.6,RUNNING,
2026-05-01T05:07:18Z,153.1,2076.2,2.1,2.0,6.1,36.4,RUNNING,
2026-05-01T05:07:19Z,151.9,2066.6,2.1,2.0,6.1,36.6,RUNNING,
2026-05-01T05:07:20Z,151.2,2066.5,2.3,2.0,6.1,36.2,RUNNING,
2026-05-01T05:07:21Z,154.2,2060.6,2.1,2.0,6.1,36.5,RUNNING,
2026-05-01T05:07:22Z,157.2,2088.2,2.2,2.0,6.3,36.9,RUNNING,
2026-05-01T05:07:23Z,155.2,2122.4,2.2,2.0,6.3,37.2,RUNNING,
2026-05-01T05:07:24Z,156.6,2093.3,2.2,1.9,6.3,37.2,RUNNING,
2026-05-01T05:07:25Z,156.6,2105.7,2.1,1.9,6.2,37.2,RUNNING,
2026-05-01T05:07:26Z,155.5,2111.2,2.2,1.9,6.2,36.8,RUNNING,
2026-05-01T05:07:27Z,156.8,2104.4,2.2,2.0,6.3,36.9,RUNNING,
2026-05-01T05:07:28Z,158.5,2122.1,2.3,1.9,6.4,37.4,RUNNING,
2026-05-01T05:07:29Z,158.6,2140.9,2.2,1.9,6.3,37.5,RUNNING,
2026-05-01T05:07:30Z,158.6,2129.1,2.2,1.9,6.4,37.4,RUNNING,
2026-05-01T05:07:31Z,158.4,2129.2,2.2,1.9,6.3,37.6,RUNNING,
2026-05-01T05:07:32Z,159.4,2136.3,2.2,1.9,6.4,37.5,RUNNING,
2026-05-01T05:07:33Z,160.8,2130.8,2.3,1.9,6.4,37.4,RUNNING,
2026-05-01T05:07:34Z,159.2,2146.4,2.3,1.9,6.3,37.7,RUNNING,
2026-05-01T05:07:35Z,159.7,2144.7,2.3,1.9,6.3,37.7,RUNNING,
2026-05-01T05:07:36Z,159.8,2118.7,2.2,1.9,6.5,37.4,RUNNING,
2026-05-01T05:07:37Z,159.7,2160.0,2.2,1.9,6.4,37.9,RUNNING,
2026-05-01T05:07:38Z,166.4,2179.4,2.3,1.8,6.6,38.1,RUNNING,
2026-05-01T05:07:39Z,163.8,2174.6,2.4,1.9,6.5,38.1,RUNNING,
2026-05-01T05:07:40Z,162.4,2170.6,2.2,1.9,6.5,38.3,RUNNING,
2026-05-01T05:07:41Z,160.9,2177.3,2.3,1.9,6.5,38.1,RUNNING,
2026-05-01T05:07:42Z,161.2,2162.3,2.3,1.9,6.5,38.0,RUNNING,
2026-05-01T05:07:43Z,160.4,2159.3,2.2,1.9,6.4,37.6,RUNNING,
2026-05-01T05:07:44Z,162.0,2173.4,2.3,1.8,6.5,38.3,RUNNING,
2026-05-01T05:07:45Z,163.1,2176.5,2.2,1.9,6.5,38.2,RUNNING,
2026-05-01T05:07:46Z,163.4,2181.3,2.4,1.9,6.6,38.3,RUNNING,
2026-05-01T05:07:47Z,166.3,2205.6,2.3,1.8,6.7,38.7,RUNNING,
2026-05-01T05:07:48Z,164.6,2185.0,2.3,1.9,6.5,38.5,RUNNING,
2026-05-01T05:07:49Z,167.3,2220.3,2.4,1.8,6.6,38.7,RUNNING,
2026-05-01T05:07:50Z,166.9,2228.1,2.4,1.8,6.7,38.7,RUNNING,
2026-05-01T05:07:51Z,166.3,2220.6,2.4,1.9,6.7,38.8,RUNNING,
2026-05-01T05:07:52Z,171.0,2250.5,2.4,1.8,6.8,39.4,RUNNING,
2026-05-01T05:07:53Z,170.7,2266.7,2.5,1.8,6.8,39.1,RUNNING,
2026-05-01T05:07:54Z,172.9,2277.2,2.4,1.8,6.9,39.5,RUNNING,
2026-05-01T05:07:55Z,173.4,2270.9,2.4,1.7,7.0,39.8,RUNNING,
2026-05-01T05:07:56Z,173.9,2278.8,2.5,1.8,6.9,39.3,RUNNING,
2026-05-01T05:07:57Z,174.4,2275.4,2.5,1.8,7.0,39.6,RUNNING,
2026-05-01T05:07:58Z,173.7,2315.5,2.5,1.7,7.0,40.1,RUNNING,
2026-05-01T05:07:59Z,175.5,2317.2,2.5,1.7,7.1,40.2,RUNNING,
2026-05-01T05:08:00Z,178.0,2313.3,2.5,1.8,7.1,40.4,RUNNING,
2026-05-01T05:08:01Z,178.0,2327.9,2.4,1.7,7.1,40.5,RUNNING,
2026-05-01T05:08:02Z,177.7,2327.5,2.5,1.7,7.1,40.7,RUNNING,
2026-05-01T05:08:03Z,180.0,2335.1,2.6,1.7,7.2,40.8,RUNNING,
2026-05-01T05:08:04Z,182.4,2356.1,2.5,1.7,7.2,41.0,RUNNING,
2026-05-01T05:08:05Z,179.5,2342.7,2.5,1.7,7.2,40.6,RUNNING,
2026-05-01T05:08:06Z,180.5,2339.4,2.5,1.7,7.1,40.8,RUNNING,
2026-05-01T05:08:07Z,177.1,2333.8,2.6,1.7,7.0,40.6,RUNNING,
2026-05-01T05:08:08Z,173.9,2305.6,2.5,1.8,7.0,39.8,RUNNING,
2026-05-01T05:08:09Z,171.5,2276.2,2.5,1.7,7.0,39.8,RUNNING,
2026-05-01T05:08:10Z,174.3,2304.0,2.5,1.8,7.0,39.8,RUNNING,
2026-05-01T05:08:11Z,178.2,2321.2,2.5,1.7,7.1,40.5,RUNNING,
2026-05-01T05:08:12Z,174.5,2304.1,2.5,1.8,7.0,39.8,RUNNING,
2026-05-01T05:08:13Z,175.9,2327.6,2.4,1.7,7.2,40.2,RUNNING,
2026-05-01T05:08:14Z,177.0,2304.0,2.4,1.7,7.1,40.2,RUNNING,
2026-05-01T05:08:15Z,177.6,2327.2,2.6,1.7,7.0,40.2,RUNNING,
2026-05-01T05:08:16Z,175.1,2290.4,2.4,1.7,7.0,40.0,RUNNING,
2026-05-01T05:08:17Z,174.7,2301.0,2.5,1.8,7.0,40.3,RUNNING,
2026-05-01T05:08:18Z,173.2,2313.5,2.5,1.8,7.0,40.0,RUNNING,
2026-05-01T05:08:19Z,173.5,2296.9,2.5,1.8,7.0,39.6,RUNNING,
2026-05-01T05:08:20Z,175.7,2314.1,2.4,1.7,7.0,40.1,RUNNING,
2026-05-01T05:08:21Z,178.0,2342.6,2.5,1.7,7.2,40.8,RUNNING,
2026-05-01T05:08:22Z,179.4,2356.9,2.6,1.7,7.2,40.5,RUNNING,
2026-05-01T05:08:23Z,177.2,2361.7,2.6,1.7,7.3,41.0,RUNNING,
2026-05-01T05:08:24Z,178.2,2343.7,2.5,1.7,7.1,40.8,RUNNING,
2026-05-01T05:08:25Z,181.9,2383.2,2.5,1.7,7.2,41.0,RUNNING,
2026-05-01T05:08:26Z,184.7,2401.8,2.6,1.6,7.4,41.3,RUNNING,
2026-05-01T05:08:27Z,185.6,2388.9,2.6,1.6,7.4,41.9,RUNNING,
2026-05-01T05:08:28Z,185.6,2402.5,2.6,1.7,7.3,41.4,RUNNING,
2026-05-01T05:08:29Z,183.4,2386.6,2.7,1.7,7.4,41.5,RUNNING,
2026-05-01T05:08:30Z,187.1,2423.9,2.7,1.6,7.5,42.1,RUNNING,
2026-05-01T05:08:31Z,187.5,2425.0,2.8,1.6,7.5,41.9,RUNNING,
2026-05-01T05:08:32Z,185.1,2406.8,2.6,1.7,7.4,41.4,RUNNING,
2026-05-01T05:08:33Z,185.9,2413.8,2.6,1.6,7.4,42.0,RUNNING,
2026-05-01T05:08:34Z,185.1,2408.0,2.7,1.7,7.4,41.8,RUNNING,
2026-05-01T05:08:35Z,185.8,2400.4,2.6,1.7,7.4,41.3,RUNNING,
2026-05-01T05:08:36Z,184.5,2412.5,2.6,1.7,7.4,41.6,RUNNING,
2026-05-01T05:08:37Z,181.9,2378.9,2.7,1.7,7.3,41.1,RUNNING,
2026-05-01T05:08:38Z,181.6,2367.9,2.5,1.7,7.2,41.3,RUNNING,
2026-05-01T05:08:39Z,180.9,2361.2,2.7,1.7,7.4,41.2,RUNNING,
2026-05-01T05:08:40Z,181.3,2369.6,2.7,1.7,7.3,41.4,RUNNING,
2026-05-01T05:08:41Z,183.6,2361.9,2.7,1.7,7.2,40.6,RUNNING,
2026-05-01T05:08:42Z,179.6,2349.4,2.6,1.7,7.3,40.7,RUNNING,
2026-05-01T05:08:43Z,180.9,2343.8,2.7,1.7,7.1,40.8,RUNNING,
2026-05-01T05:08:44Z,183.5,2383.8,2.6,1.7,7.3,41.5,RUNNING,
2026-05-01T05:08:45Z,183.6,2381.9,2.7,1.7,7.3,41.3,RUNNING,
2026-05-01T05:08:46Z,184.5,2379.7,2.8,1.7,7.3,41.4,RUNNING,
2026-05-01T05:08:47Z,185.3,2392.1,2.6,1.6,7.4,41.1,RUNNING,
2026-05-01T05:08:48Z,186.0,2413.5,2.6,1.6,7.4,41.6,RUNNING,
2026-05-01T05:08:49Z,186.4,2420.5,2.7,1.6,7.5,41.8,RUNNING,
2026-05-01T05:08:50Z,188.7,2459.4,2.8,1.6,7.5,42.3,RUNNING,
2026-05-01T05:08:51Z,187.5,2448.2,2.6,1.6,7.5,42.3,RUNNING,
2026-05-01T05:08:52Z,189.0,2423.0,2.8,1.6,7.5,41.9,RUNNING,
2026-05-01T05:08:53Z,189.3,2434.0,2.6,1.6,7.5,42.0,RUNNING,
2026-05-01T05:08:54Z,187.7,2422.5,2.7,1.7,7.5,41.8,RUNNING,
2026-05-01T05:08:55Z,188.5,2439.1,2.7,1.6,7.5,42.0,RUNNING,
2026-05-01T05:08:56Z,184.7,2407.2,2.7,1.7,7.3,41.6,RUNNING,
2026-05-01T05:08:57Z,186.6,2401.6,2.7,1.6,7.3,41.3,RUNNING,
2026-05-01T05:08:58Z,184.8,2391.2,2.7,1.7,7.4,41.4,RUNNING,
2026-05-01T05:08:59Z,180.7,2382.2,2.6,1.7,7.3,41.0,RUNNING,
2026-05-01T05:09:00Z,182.8,2385.7,2.6,1.7,7.3,41.4,RUNNING,
2026-05-01T05:09:01Z,181.9,2353.5,2.5,1.7,7.2,40.9,RUNNING,
2026-05-01T05:09:02Z,182.4,2356.5,2.6,1.7,7.1,40.4,RUNNING,
2026-05-01T05:09:03Z,179.6,2349.8,2.6,1.7,7.3,41.1,RUNNING,
2026-05-01T05:09:04Z,184.1,2384.5,2.6,1.7,7.4,41.0,RUNNING,
2026-05-01T05:09:05Z,184.5,2420.4,2.7,1.6,7.4,41.9,RUNNING,
2026-05-01T05:09:06Z,187.3,2432.0,2.8,1.6,7.4,42.0,RUNNING,
2026-05-01T05:09:07Z,190.4,2453.2,2.8,1.6,7.6,42.3,RUNNING,
2026-05-01T05:09:08Z,191.6,2452.9,2.7,1.6,7.6,42.6,RUNNING,
2026-05-01T05:09:09Z,190.6,2465.7,2.8,1.6,7.6,42.3,RUNNING,
2026-05-01T05:09:10Z,191.2,2482.7,2.8,1.6,7.6,42.6,RUNNING,
2026-05-01T05:09:11Z,188.6,2442.9,2.8,1.6,7.5,42.3,RUNNING,
2026-05-01T05:09:12Z,187.0,2440.7,2.6,1.6,7.5,41.8,RUNNING,
2026-05-01T05:09:13Z,186.1,2421.3,2.8,1.6,7.4,41.6,RUNNING,
2026-05-01T05:09:14Z,189.7,2441.1,2.7,1.6,7.5,42.6,RUNNING,
2026-05-01T05:09:15Z,190.4,2454.3,2.6,1.6,7.6,42.6,RUNNING,
2026-05-01T05:09:16Z,188.2,2469.5,2.7,1.6,7.6,42.7,RUNNING,
2026-05-01T05:09:17Z,187.3,2434.6,2.6,1.6,7.4,42.0,RUNNING,
2026-05-01T05:09:18Z,191.5,2458.8,2.8,1.6,7.6,42.2,RUNNING,
2026-05-01T05:09:19Z,189.9,2437.5,2.7,1.6,7.5,42.3,RUNNING,
2026-05-01T05:09:20Z,188.2,2451.2,2.7,1.6,7.6,42.6,RUNNING,
2026-05-01T05:09:21Z,186.3,2434.1,2.7,1.7,7.5,42.0,RUNNING,
2026-05-01T05:09:22Z,185.0,2403.7,2.7,1.6,7.4,41.6,RUNNING,
2026-05-01T05:09:23Z,187.4,2427.0,2.6,1.6,7.5,41.7,RUNNING,
2026-05-01T05:09:24Z,184.9,2428.5,2.8,1.6,7.4,41.9,RUNNING,
2026-05-01T05:09:25Z,185.5,2408.5,2.7,1.6,7.5,41.6,RUNNING,
2026-05-01T05:09:26Z,181.6,2385.4,2.7,1.7,7.3,41.6,RUNNING,
2026-05-01T05:09:27Z,183.8,2383.1,2.7,1.7,7.3,41.2,RUNNING,
2026-05-01T05:09:28Z,183.6,2393.6,2.7,1.7,7.3,41.4,RUNNING,
2026-05-01T05:09:29Z,188.5,2442.3,2.6,1.6,7.5,42.1,RUNNING,
2026-05-01T05:09:30Z,189.9,2441.8,2.5,1.7,7.6,42.4,RUNNING,
2026-05-01T05:09:31Z,192.3,2472.3,2.7,1.6,7.7,42.9,RUNNING,
2026-05-01T05:09:32Z,191.0,2479.9,2.8,1.6,7.7,42.7,RUNNING,
2026-05-01T05:09:33Z,189.5,2481.0,2.8,1.6,7.7,42.9,RUNNING,
2026-05-01T05:09:34Z,191.2,2482.6,2.8,1.5,7.7,42.8,RUNNING,
2026-05-01T05:09:35Z,193.5,2484.4,2.7,1.6,7.6,42.5,RUNNING,
2026-05-01T05:09:36Z,187.1,2432.3,2.7,1.6,7.6,42.0,RUNNING,
2026-05-01T05:09:37Z,186.0,2420.2,2.7,1.6,7.4,41.9,RUNNING,
2026-05-01T05:09:38Z,190.9,2447.7,2.7,1.6,7.6,42.3,RUNNING,
2026-05-01T05:09:39Z,189.1,2441.1,2.7,1.6,7.6,42.4,RUNNING,
2026-05-01T05:09:40Z,190.7,2435.9,2.7,1.6,7.7,42.5,RUNNING,
2026-05-01T05:09:41Z,192.1,2488.4,2.8,1.5,7.7,42.7,RUNNING,
2026-05-01T05:09:42Z,192.4,2482.6,2.8,1.6,7.7,42.9,RUNNING,
2026-05-01T05:09:43Z,189.0,2440.3,2.6,1.6,7.5,41.9,RUNNING,
2026-05-01T05:09:44Z,191.8,2453.9,2.7,1.6,7.6,42.7,RUNNING,
2026-05-01T05:09:45Z,191.7,2455.7,2.7,1.6,7.5,42.3,RUNNING,
2026-05-01T05:09:46Z,188.7,2422.5,2.7,1.6,7.5,41.8,RUNNING,
2026-05-01T05:09:47Z,186.8,2420.7,2.8,1.6,7.5,42.2,RUNNING,
2026-05-01T05:09:48Z,186.2,2414.9,2.8,1.6,7.4,41.9,RUNNING,
2026-05-01T05:09:49Z,183.9,2392.5,2.7,1.7,7.3,41.1,RUNNING,
2026-05-01T05:09:50Z,184.3,2400.1,2.8,1.6,7.4,41.5,RUNNING,
2026-05-01T05:09:51Z,186.7,2424.6,2.8,1.6,7.5,41.9,RUNNING,
2026-05-01T05:09:52Z,182.7,2392.3,2.6,1.7,7.3,41.6,RUNNING,
2026-05-01T05:09:53Z,185.4,2396.8,2.7,1.6,7.5,41.6,RUNNING,
2026-05-01T05:09:54Z,186.4,2408.0,2.6,1.7,7.5,41.8,RUNNING,
2026-05-01T05:09:55Z,188.4,2439.1,2.8,1.6,7.7,42.1,RUNNING,
2026-05-01T05:09:56Z,188.8,2433.4,2.7,1.7,7.5,41.9,RUNNING,
2026-05-01T05:09:57Z,187.7,2437.1,2.7,1.6,7.6,42.3,RUNNING,
2026-05-01T05:09:58Z,188.6,2441.6,2.7,1.6,7.5,42.0,RUNNING,
2026-05-01T05:09:59Z,188.4,2436.0,2.8,1.6,7.6,41.9,RUNNING,
2026-05-01T05:10:00Z,189.4,2457.0,2.7,1.6,7.6,42.2,RUNNING,
2026-05-01T05:10:01Z,189.1,2430.9,2.8,1.6,7.6,42.2,RUNNING,
2026-05-01T05:10:02Z,189.3,2424.5,2.7,1.6,7.6,41.7,RUNNING,
2026-05-01T05:10:03Z,187.4,2408.4,2.7,1.6,7.5,41.7,RUNNING,
2026-05-01T05:10:04Z,187.4,2418.3,2.7,1.6,7.5,42.2,RUNNING,
2026-05-01T05:10:05Z,186.3,2412.7,2.6,1.7,7.4,41.6,RUNNING,
2026-05-01T05:10:06Z,188.4,2424.8,2.7,1.6,7.6,42.1,RUNNING,
2026-05-01T05:10:07Z,188.4,2441.9,2.8,1.6,7.6,42.1,RUNNING,
2026-05-01T05:10:08Z,188.6,2447.0,2.7,1.6,7.6,42.2,RUNNING,
2026-05-01T05:10:09Z,189.1,2446.1,2.7,1.6,7.7,42.4,RUNNING,
2026-05-01T05:10:10Z,188.9,2465.7,2.7,1.6,7.6,42.6,RUNNING,
2026-05-01T05:10:11Z,188.7,2430.6,2.7,1.6,7.6,42.1,RUNNING,
2026-05-01T05:10:12Z,187.2,2426.7,2.6,1.6,7.5,41.6,RUNNING,
2026-05-01T05:10:13Z,185.4,2419.8,2.8,1.6,7.5,41.9,RUNNING,
2026-05-01T05:10:14Z,183.4,2398.8,2.7,1.6,7.5,41.8,RUNNING,
2026-05-01T05:10:15Z,182.3,2362.8,2.5,1.7,7.3,41.2,RUNNING,
2026-05-01T05:10:16Z,178.9,2355.1,2.6,1.7,7.3,40.9,RUNNING,
2026-05-01T05:10:17Z,180.6,2377.7,2.6,1.7,7.3,41.1,RUNNING,
2026-05-01T05:10:18Z,183.0,2380.8,2.6,1.7,7.3,41.5,RUNNING,
2026-05-01T05:10:19Z,180.2,2360.4,2.6,1.7,7.2,41.1,RUNNING,
2026-05-01T05:10:20Z,183.3,2379.4,2.6,1.7,7.4,41.2,RUNNING,
2026-05-01T05:10:21Z,183.0,2388.0,2.6,1.6,7.4,41.3,RUNNING,
2026-05-01T05:10:22Z,184.0,2380.5,2.6,1.6,7.3,41.5,RUNNING,
2026-05-01T05:10:23Z,183.4,2385.0,2.6,1.7,7.3,41.5,RUNNING,
2026-05-01T05:10:24Z,185.7,2423.5,2.7,1.6,7.4,42.1,RUNNING,
2026-05-01T05:10:25Z,185.6,2420.9,2.6,1.6,7.4,41.6,RUNNING,
2026-05-01T05:10:26Z,189.0,2444.7,2.8,1.6,7.7,42.1,RUNNING,
2026-05-01T05:10:27Z,189.6,2440.4,2.7,1.7,7.5,42.2,RUNNING,
2026-05-01T05:10:28Z,188.8,2440.0,2.7,1.6,7.4,42.2,RUNNING,
2026-05-01T05:10:29Z,192.5,2480.1,2.8,1.6,7.7,42.6,RUNNING,
2026-05-01T05:10:30Z,191.7,2476.5,2.7,1.6,7.6,42.5,RUNNING,
2026-05-01T05:10:31Z,194.1,2506.4,2.9,1.6,7.8,42.9,RUNNING,
2026-05-01T05:10:32Z,194.1,2498.7,2.8,1.6,7.7,43.1,RUNNING,
2026-05-01T05:10:33Z,193.3,2479.4,2.8,1.6,7.7,42.8,RUNNING,
2026-05-01T05:10:34Z,192.6,2502.8,2.8,1.6,7.8,43.0,RUNNING,
2026-05-01T05:10:35Z,195.6,2522.1,2.9,1.5,7.9,43.1,RUNNING,
2026-05-01T05:10:36Z,198.2,2528.9,2.9,1.5,8.0,43.7,RUNNING,
2026-05-01T05:10:37Z,198.0,2542.0,2.8,1.6,8.0,43.6,RUNNING,
2026-05-01T05:10:38Z,196.7,2524.9,2.8,1.5,7.9,43.7,RUNNING,
2026-05-01T05:10:39Z,196.8,2508.6,2.8,1.6,7.8,43.5,RUNNING,
2026-05-01T05:10:40Z,195.1,2505.5,2.8,1.5,7.9,43.2,RUNNING,
2026-05-01T05:10:41Z,194.8,2503.7,2.8,1.5,7.8,43.0,RUNNING,
2026-05-01T05:10:42Z,191.9,2471.0,2.7,1.6,7.7,42.5,RUNNING,
2026-05-01T05:10:43Z,186.8,2419.5,2.7,1.6,7.5,42.0,RUNNING,
2026-05-01T05:10:44Z,187.7,2444.2,2.7,1.6,7.6,42.1,RUNNING,
2026-05-01T05:10:45Z,187.6,2442.8,2.8,1.6,7.6,42.4,RUNNING,
2026-05-01T05:10:46Z,188.1,2436.5,2.8,1.6,7.5,42.2,RUNNING,
2026-05-01T05:10:47Z,191.5,2475.0,2.8,1.6,7.6,42.5,RUNNING,
2026-05-01T05:10:48Z,190.3,2478.2,2.7,1.6,7.6,42.7,RUNNING,
2026-05-01T05:10:49Z,190.4,2486.8,2.8,1.6,7.7,42.8,RUNNING,
2026-05-01T05:10:50Z,194.6,2505.5,2.8,1.5,7.7,43.2,RUNNING,
2026-05-01T05:10:51Z,196.2,2519.7,2.8,1.5,7.8,43.5,RUNNING,
2026-05-01T05:10:52Z,195.0,2509.4,2.8,1.5,7.7,43.2,RUNNING,
2026-05-01T05:10:53Z,198.7,2531.4,2.9,1.5,7.8,43.4,RUNNING,
2026-05-01T05:10:54Z,198.8,2540.7,2.9,1.5,7.9,43.8,RUNNING,
2026-05-01T05:10:55Z,198.8,2567.2,3.0,1.5,8.0,43.7,RUNNING,
2026-05-01T05:10:56Z,198.3,2529.3,2.9,1.5,7.9,43.7,RUNNING,
2026-05-01T05:10:57Z,197.3,2542.0,2.8,1.5,7.9,43.6,RUNNING,
2026-05-01T05:10:58Z,196.2,2515.9,3.0,1.6,7.8,43.2,RUNNING,
2026-05-01T05:10:59Z,197.8,2518.3,2.8,1.5,7.8,43.8,RUNNING,
2026-05-01T05:11:00Z,193.4,2507.8,2.9,1.5,7.8,43.1,RUNNING,
2026-05-01T05:11:01Z,193.0,2491.4,2.8,1.6,7.7,43.0,RUNNING,
2026-05-01T05:11:02Z,192.3,2506.9,2.8,1.6,7.7,43.0,RUNNING,
2026-05-01T05:11:03Z,191.6,2488.3,2.7,1.6,7.8,43.1,RUNNING,
2026-05-01T05:11:04Z,190.3,2454.5,2.7,1.6,7.6,42.5,RUNNING,
2026-05-01T05:11:05Z,184.2,2430.2,2.7,1.6,7.4,41.8,RUNNING,
2026-05-01T05:11:06Z,184.2,2409.5,2.7,1.7,7.4,41.7,RUNNING,
2026-05-01T05:11:07Z,178.8,2345.9,2.6,1.7,7.2,40.7,RUNNING,
2026-05-01T05:11:08Z,180.1,2352.1,2.7,1.7,7.2,40.8,RUNNING,
2026-05-01T05:11:09Z,180.7,2367.4,2.6,1.7,7.2,41.0,RUNNING,
2026-05-01T05:11:10Z,179.6,2362.6,2.6,1.7,7.3,41.1,RUNNING,
2026-05-01T05:11:11Z,181.6,2355.8,2.6,1.7,7.2,40.9,RUNNING,
2026-05-01T05:11:12Z,182.0,2372.7,2.6,1.7,7.2,40.8,RUNNING,
2026-05-01T05:11:13Z,183.3,2381.1,2.6,1.7,7.3,41.4,RUNNING,
2026-05-01T05:11:14Z,182.3,2362.9,2.6,1.7,7.2,41.1,RUNNING,
2026-05-01T05:11:15Z,180.0,2358.3,2.5,1.6,7.2,40.8,RUNNING,
2026-05-01T05:11:16Z,180.0,2342.5,2.6,1.7,7.2,40.7,RUNNING,
2026-05-01T05:11:17Z,179.6,2360.0,2.4,1.7,7.2,40.6,RUNNING,
2026-05-01T05:11:18Z,179.1,2327.0,2.5,1.7,7.1,40.2,RUNNING,
2026-05-01T05:11:19Z,175.7,2310.2,2.5,1.7,7.0,40.4,RUNNING,
2026-05-01T05:11:20Z,178.0,2323.4,2.5,1.7,7.1,40.5,RUNNING,
2026-05-01T05:11:21Z,181.1,2354.8,2.6,1.7,7.2,41.1,RUNNING,
2026-05-01T05:11:22Z,180.8,2350.8,2.6,1.7,7.2,40.7,RUNNING,
2026-05-01T05:11:23Z,178.8,2327.6,2.4,1.7,7.2,40.8,RUNNING,
2026-05-01T05:11:24Z,176.9,2313.7,2.5,1.7,7.1,40.1,RUNNING,
2026-05-01T05:11:25Z,179.2,2339.0,2.7,1.7,7.1,40.6,RUNNING,
2026-05-01T05:11:26Z,179.8,2371.4,2.7,1.7,7.3,41.0,RUNNING,
2026-05-01T05:11:27Z,178.2,2335.2,2.6,1.7,7.1,40.4,RUNNING,
2026-05-01T05:11:28Z,180.3,2336.8,2.5,1.7,7.1,40.8,RUNNING,
2026-05-01T05:11:29Z,178.6,2323.5,2.7,1.7,7.1,40.6,RUNNING,
2026-05-01T05:11:30Z,177.3,2344.9,2.6,1.7,7.1,40.4,RUNNING,
2026-05-01T05:11:31Z,181.0,2368.5,2.5,1.7,7.2,41.1,RUNNING,
2026-05-01T05:11:32Z,182.0,2351.2,2.6,1.7,7.2,40.8,RUNNING,
2026-05-01T05:11:33Z,181.6,2360.1,2.6,1.7,7.3,41.1,RUNNING,
2026-05-01T05:11:34Z,176.7,2336.2,2.6,1.7,7.2,40.7,RUNNING,
2026-05-01T05:11:35Z,177.8,2338.4,2.5,1.7,7.1,40.6,RUNNING,
2026-05-01T05:11:36Z,179.4,2345.1,2.7,1.7,7.2,40.8,RUNNING,
2026-05-01T05:11:37Z,180.2,2349.3,2.5,1.7,7.2,40.7,RUNNING,
2026-05-01T05:11:38Z,181.6,2360.8,2.6,1.7,7.3,40.7,RUNNING,
2026-05-01T05:11:39Z,176.7,2334.4,2.4,1.7,7.1,40.6,RUNNING,
2026-05-01T05:11:40Z,177.4,2321.8,2.5,1.7,7.1,40.3,RUNNING,
2026-05-01T05:11:41Z,180.4,2351.1,2.6,1.7,7.1,40.9,RUNNING,
2026-05-01T05:11:42Z,179.7,2349.8,2.6,1.7,7.3,40.8,RUNNING,
2026-05-01T05:11:43Z,180.0,2373.0,2.6,1.7,7.2,41.0,RUNNING,
2026-05-01T05:11:44Z,184.1,2383.3,2.8,1.7,7.3,41.6,RUNNING,
2026-05-01T05:11:45Z,182.9,2381.9,2.6,1.7,7.2,41.5,RUNNING,
2026-05-01T05:11:46Z,185.3,2393.9,2.6,1.7,7.4,41.6,RUNNING,
2026-05-01T05:11:47Z,179.9,2366.3,2.6,1.7,7.2,41.2,RUNNING,
2026-05-01T05:11:48Z,181.9,2381.1,2.7,1.7,7.3,41.0,RUNNING,
2026-05-01T05:11:49Z,184.6,2390.6,2.6,1.7,7.3,41.5,RUNNING,
2026-05-01T05:11:50Z,183.3,2389.3,2.7,1.6,7.3,41.4,RUNNING,
2026-05-01T05:11:51Z,185.5,2399.0,2.7,1.7,7.4,41.6,RUNNING,
2026-05-01T05:11:52Z,178.7,2363.4,2.7,1.7,7.2,41.0,RUNNING,
2026-05-01T05:11:53Z,180.3,2371.3,2.7,1.7,7.3,41.0,RUNNING,
2026-05-01T05:11:54Z,178.0,2350.0,2.6,1.7,7.3,40.8,RUNNING,
2026-05-01T05:11:55Z,179.6,2339.8,2.5,1.7,7.2,40.8,RUNNING,
2026-05-01T05:11:56Z,180.8,2362.9,2.6,1.7,7.3,41.2,RUNNING,
2026-05-01T05:11:57Z,179.1,2364.9,2.5,1.7,7.2,40.7,RUNNING,
2026-05-01T05:11:58Z,177.7,2357.4,2.7,1.7,7.2,41.0,RUNNING,
2026-05-01T05:11:59Z,179.7,2337.8,2.5,1.7,7.2,40.6,RUNNING,
2026-05-01T05:12:00Z,181.7,2377.7,2.6,1.7,7.3,41.1,RUNNING,
2026-05-01T05:12:01Z,181.0,2353.7,2.6,1.7,7.3,41.0,RUNNING,
2026-05-01T05:12:02Z,179.1,2338.6,2.5,1.7,7.2,40.8,RUNNING,
2026-05-01T05:12:03Z,178.6,2344.2,2.6,1.7,7.2,40.5,RUNNING,
2026-05-01T05:12:04Z,178.9,2335.8,2.5,1.7,7.3,40.5,RUNNING,
2026-05-01T05:12:05Z,181.8,2379.2,2.6,1.7,7.4,41.2,RUNNING,
2026-05-01T05:12:06Z,184.0,2403.0,2.7,1.6,7.5,41.4,RUNNING,
2026-05-01T05:12:07Z,181.9,2357.3,2.7,1.6,7.3,41.0,RUNNING,
2026-05-01T05:12:08Z,183.4,2366.4,2.6,1.7,7.3,41.1,RUNNING,
2026-05-01T05:12:09Z,180.6,2374.1,2.7,1.7,7.2,41.1,RUNNING,
2026-05-01T05:12:10Z,183.7,2398.9,2.6,1.7,7.3,41.4,RUNNING,
2026-05-01T05:12:11Z,186.0,2400.4,2.7,1.6,7.4,42.0,RUNNING,
2026-05-01T05:12:12Z,184.7,2397.8,2.7,1.6,7.3,41.5,RUNNING,
2026-05-01T05:12:13Z,184.7,2381.6,2.6,1.7,7.4,41.4,RUNNING,
2026-05-01T05:12:14Z,187.0,2444.0,2.7,1.6,7.6,42.3,RUNNING,
2026-05-01T05:12:15Z,185.3,2419.9,2.8,1.6,7.5,41.8,RUNNING,
2026-05-01T05:12:16Z,184.6,2406.3,2.7,1.6,7.4,41.8,RUNNING,
2026-05-01T05:12:17Z,187.0,2424.9,2.8,1.6,7.4,42.1,RUNNING,
2026-05-01T05:12:18Z,188.0,2432.2,2.7,1.6,7.4,42.2,RUNNING,
2026-05-01T05:12:19Z,188.9,2444.5,2.7,1.7,7.6,42.3,RUNNING,
2026-05-01T05:12:20Z,191.7,2451.8,2.8,1.6,7.6,43.0,RUNNING,
2026-05-01T05:12:21Z,188.8,2460.6,2.8,1.6,7.6,42.3,RUNNING,
2026-05-01T05:12:22Z,189.6,2437.8,2.7,1.6,7.5,42.1,RUNNING,
2026-05-01T05:12:23Z,187.1,2400.4,2.6,1.7,7.5,41.9,RUNNING,
2026-05-01T05:12:24Z,185.7,2410.0,2.7,1.7,7.5,41.8,RUNNING,
2026-05-01T05:12:25Z,188.9,2443.0,2.7,1.6,7.6,42.4,RUNNING,
2026-05-01T05:12:26Z,186.4,2439.8,2.8,1.6,7.4,42.0,RUNNING,
2026-05-01T05:12:27Z,190.4,2473.1,2.7,1.6,7.6,42.4,RUNNING,
2026-05-01T05:12:28Z,193.1,2490.7,2.8,1.6,7.7,43.0,RUNNING,
2026-05-01T05:12:29Z,195.1,2509.3,2.8,1.5,7.8,43.3,RUNNING,
2026-05-01T05:12:30Z,192.4,2479.7,2.8,1.6,7.7,42.6,RUNNING,
2026-05-01T05:12:31Z,190.1,2467.8,2.8,1.6,7.6,42.6,RUNNING,
2026-05-01T05:12:32Z,191.2,2464.1,2.8,1.6,7.6,42.6,RUNNING,
2026-05-01T05:12:33Z,190.9,2491.4,2.7,1.6,7.6,42.7,RUNNING,
2026-05-01T05:12:34Z,192.1,2487.5,2.8,1.6,7.8,43.3,RUNNING,
2026-05-01T05:12:35Z,195.9,2529.5,2.9,1.5,7.8,43.4,RUNNING,
2026-05-01T05:12:36Z,193.6,2494.7,2.8,1.6,7.7,43.5,RUNNING,
2026-05-01T05:12:37Z,191.0,2474.6,2.7,1.6,7.6,42.6,RUNNING,
2026-05-01T05:12:38Z,190.3,2472.7,2.8,1.6,7.6,42.7,RUNNING,
2026-05-01T05:12:39Z,193.2,2485.0,2.8,1.5,7.7,42.6,RUNNING,
2026-05-01T05:12:40Z,190.0,2448.0,2.7,1.6,7.5,42.2,RUNNING,
2026-05-01T05:12:41Z,189.8,2443.7,2.7,1.6,7.5,42.4,RUNNING,
2026-05-01T05:12:42Z,189.6,2435.9,2.7,1.6,7.6,42.2,RUNNING,
2026-05-01T05:12:43Z,188.7,2421.8,2.7,1.6,7.6,42.0,RUNNING,
2026-05-01T05:12:44Z,186.2,2401.7,2.7,1.6,7.4,41.8,RUNNING,
2026-05-01T05:12:45Z,183.8,2414.0,2.7,1.7,7.4,41.6,RUNNING,
2026-05-01T05:12:46Z,186.0,2403.2,2.7,1.7,7.3,41.7,RUNNING,
2026-05-01T05:12:47Z,183.9,2397.4,2.6,1.7,7.4,41.8,RUNNING,
2026-05-01T05:12:48Z,183.0,2398.6,2.6,1.6,7.3,41.4,RUNNING,
2026-05-01T05:12:49Z,188.4,2420.5,2.7,1.6,7.4,41.9,RUNNING,
2026-05-01T05:12:50Z,190.1,2453.6,2.8,1.6,7.6,42.2,RUNNING,
2026-05-01T05:12:51Z,187.9,2446.9,2.7,1.6,7.5,42.2,RUNNING,
2026-05-01T05:12:52Z,188.5,2436.2,2.7,1.6,7.5,41.9,RUNNING,
2026-05-01T05:12:53Z,185.3,2412.5,2.6,1.6,7.4,41.9,RUNNING,
2026-05-01T05:12:54Z,185.0,2415.9,2.6,1.6,7.4,42.0,RUNNING,
2026-05-01T05:12:55Z,186.6,2406.3,2.6,1.7,7.4,41.8,RUNNING,
2026-05-01T05:12:56Z,187.6,2428.4,2.6,1.6,7.5,41.9,RUNNING,
2026-05-01T05:12:57Z,183.1,2384.8,2.6,1.7,7.4,41.4,RUNNING,
2026-05-01T05:12:58Z,187.1,2391.1,2.6,1.7,7.4,41.5,RUNNING,
2026-05-01T05:12:59Z,183.6,2393.4,2.6,1.7,7.4,41.6,RUNNING,
2026-05-01T05:13:00Z,181.4,2389.5,2.6,1.7,7.3,41.0,RUNNING,
2026-05-01T05:13:01Z,181.1,2368.3,2.6,1.6,7.3,41.1,RUNNING,
2026-05-01T05:13:02Z,180.8,2343.6,2.6,1.7,7.2,40.8,RUNNING,
2026-05-01T05:13:03Z,184.6,2400.9,2.6,1.7,7.4,41.4,RUNNING,
2026-05-01T05:13:04Z,185.7,2411.6,2.7,1.7,7.4,41.6,RUNNING,
2026-05-01T05:13:05Z,187.2,2389.0,2.6,1.7,7.3,41.4,RUNNING,
2026-05-01T05:13:06Z,183.5,2395.1,2.7,1.7,7.3,41.4,RUNNING,
2026-05-01T05:13:07Z,182.7,2398.8,2.7,1.6,7.4,41.2,RUNNING,
2026-05-01T05:13:08Z,180.1,2374.4,2.6,1.6,7.4,41.0,RUNNING,
2026-05-01T05:13:09Z,181.5,2381.0,2.6,1.7,7.3,41.3,RUNNING,
2026-05-01T05:13:10Z,184.2,2387.9,2.6,1.7,7.4,41.5,RUNNING,
2026-05-01T05:13:11Z,183.0,2393.0,2.6,1.7,7.4,41.3,RUNNING,
2026-05-01T05:13:12Z,186.1,2421.1,2.7,1.6,7.4,41.9,RUNNING,
2026-05-01T05:13:13Z,186.6,2420.7,2.7,1.6,7.5,41.7,RUNNING,
2026-05-01T05:13:14Z,183.2,2389.3,2.7,1.7,7.4,41.7,RUNNING,
2026-05-01T05:13:15Z,182.8,2395.5,2.8,1.7,7.4,41.5,RUNNING,
2026-05-01T05:13:16Z,188.4,2415.4,2.7,1.7,7.5,41.8,RUNNING,
2026-05-01T05:13:17Z,186.6,2411.1,2.7,1.6,7.5,41.7,RUNNING,
2026-05-01T05:13:18Z,187.1,2431.3,2.8,1.6,7.5,41.9,RUNNING,
2026-05-01T05:13:19Z,187.6,2436.4,2.7,1.6,7.5,42.5,RUNNING,
2026-05-01T05:13:20Z,189.6,2460.1,2.7,1.6,7.5,42.8,RUNNING,
2026-05-01T05:13:21Z,186.9,2446.6,2.7,1.6,7.6,42.1,RUNNING,
2026-05-01T05:13:22Z,186.2,2441.6,2.7,1.7,7.5,42.1,RUNNING,
2026-05-01T05:13:23Z,189.4,2440.5,2.7,1.6,7.5,42.2,RUNNING,
2026-05-01T05:13:24Z,189.4,2440.3,2.6,1.6,7.6,42.2,RUNNING,
2026-05-01T05:13:25Z,189.3,2433.9,2.8,1.6,7.5,42.2,RUNNING,
2026-05-01T05:13:26Z,185.7,2399.4,2.6,1.7,7.4,41.5,RUNNING,
2026-05-01T05:13:27Z,185.4,2386.3,2.7,1.6,7.4,41.4,RUNNING,
2026-05-01T05:13:28Z,185.9,2414.7,2.6,1.6,7.4,41.6,RUNNING,
2026-05-01T05:13:29Z,185.4,2433.0,2.6,1.6,7.5,42.0,RUNNING,
2026-05-01T05:13:30Z,184.4,2407.2,2.8,1.7,7.4,41.6,RUNNING,
2026-05-01T05:13:31Z,184.2,2390.4,2.6,1.7,7.3,41.5,RUNNING,
2026-05-01T05:13:32Z,183.7,2394.4,2.6,1.7,7.3,41.3,RUNNING,
2026-05-01T05:13:33Z,187.3,2428.3,2.7,1.6,7.5,41.6,RUNNING,
2026-05-01T05:13:34Z,187.2,2426.4,2.6,1.6,7.5,41.9,RUNNING,
2026-05-01T05:13:35Z,185.9,2422.0,2.7,1.6,7.4,41.6,RUNNING,
2026-05-01T05:13:36Z,186.4,2424.3,2.7,1.6,7.5,42.3,RUNNING,
2026-05-01T05:13:37Z,185.6,2387.1,2.7,1.7,7.4,41.5,RUNNING,
2026-05-01T05:13:38Z,181.9,2374.3,2.6,1.7,7.4,41.2,RUNNING,
2026-05-01T05:13:39Z,183.0,2387.2,2.7,1.7,7.3,41.5,RUNNING,
2026-05-01T05:13:40Z,181.9,2391.8,2.5,1.7,7.3,41.6,RUNNING,
2026-05-01T05:13:41Z,183.9,2384.7,2.7,1.7,7.4,41.3,RUNNING,
2026-05-01T05:13:42Z,181.3,2342.5,2.6,1.7,7.2,40.8,RUNNING,
2026-05-01T05:13:43Z,177.0,2341.9,2.5,1.7,7.2,40.8,RUNNING,
2026-05-01T05:13:44Z,181.3,2357.2,2.6,1.7,7.2,41.1,RUNNING,
2026-05-01T05:13:45Z,181.2,2354.9,2.7,1.7,7.2,40.8,RUNNING,
2026-05-01T05:13:46Z,180.2,2338.4,2.6,1.8,7.2,40.7,RUNNING,
2026-05-01T05:13:47Z,182.1,2359.2,2.7,1.7,7.1,40.7,RUNNING,
2026-05-01T05:13:48Z,180.3,2349.2,2.6,1.7,7.2,40.5,RUNNING,
2026-05-01T05:13:49Z,181.5,2354.1,2.6,1.7,7.2,40.6,RUNNING,
2026-05-01T05:13:50Z,183.0,2381.3,2.7,1.7,7.4,41.1,RUNNING,
2026-05-01T05:13:51Z,179.7,2336.1,2.4,1.7,7.2,40.7,RUNNING,
2026-05-01T05:13:52Z,182.0,2364.0,2.6,1.7,7.3,41.1,RUNNING,
2026-05-01T05:13:53Z,179.3,2324.3,2.6,1.7,7.1,40.8,RUNNING,
2026-05-01T05:13:54Z,180.1,2366.0,2.6,1.7,7.2,41.1,RUNNING,
2026-05-01T05:13:55Z,183.9,2394.8,2.5,1.7,7.4,41.3,RUNNING,
2026-05-01T05:13:56Z,182.3,2377.4,2.6,1.7,7.3,41.3,RUNNING,
2026-05-01T05:13:57Z,178.0,2328.0,2.6,1.7,7.2,40.5,RUNNING,
2026-05-01T05:13:58Z,176.3,2337.3,2.5,1.7,7.1,40.2,RUNNING,
2026-05-01T05:13:59Z,180.6,2361.5,2.6,1.7,7.3,41.1,RUNNING,
2026-05-01T05:14:00Z,181.2,2383.5,2.6,1.7,7.4,41.3,RUNNING,
2026-05-01T05:14:01Z,184.2,2390.0,2.7,1.6,7.3,41.4,RUNNING,
2026-05-01T05:14:02Z,184.6,2402.0,2.7,1.6,7.3,41.5,RUNNING,
2026-05-01T05:14:03Z,180.5,2358.7,2.5,1.7,7.2,41.1,RUNNING,
2026-05-01T05:14:04Z,183.0,2393.0,2.7,1.6,7.4,41.5,RUNNING,
2026-05-01T05:14:05Z,184.9,2388.8,2.7,1.7,7.4,41.5,RUNNING,
2026-05-01T05:14:06Z,183.2,2383.9,2.6,1.6,7.3,41.4,RUNNING,
2026-05-01T05:14:07Z,180.8,2389.9,2.6,1.7,7.3,41.6,RUNNING,
2026-05-01T05:14:08Z,181.8,2375.0,2.6,1.7,7.4,41.0,RUNNING,
2026-05-01T05:14:09Z,184.3,2363.3,2.7,1.7,7.3,41.0,RUNNING,
2026-05-01T05:14:10Z,182.4,2368.9,2.6,1.7,7.2,41.1,RUNNING,
2026-05-01T05:14:11Z,183.5,2378.8,2.6,1.7,7.3,41.1,RUNNING,
2026-05-01T05:14:12Z,179.4,2358.8,2.6,1.7,7.2,40.9,RUNNING,
2026-05-01T05:14:13Z,182.0,2358.6,2.5,1.7,7.3,41.1,RUNNING,
2026-05-01T05:14:14Z,183.7,2383.9,2.7,1.6,7.3,41.2,RUNNING,
2026-05-01T05:14:15Z,184.6,2400.1,2.6,1.7,7.4,41.7,RUNNING,
2026-05-01T05:14:16Z,183.0,2392.0,2.6,1.7,7.4,41.3,RUNNING,
2026-05-01T05:14:17Z,180.9,2365.0,2.6,1.7,7.3,40.9,RUNNING,
2026-05-01T05:14:18Z,182.2,2388.8,2.6,1.7,7.4,41.5,RUNNING,
2026-05-01T05:14:19Z,187.2,2417.1,2.7,1.6,7.4,42.1,RUNNING,
2026-05-01T05:14:20Z,184.2,2394.6,2.7,1.7,7.4,41.6,RUNNING,
2026-05-01T05:14:21Z,184.2,2396.1,2.7,1.7,7.3,41.3,RUNNING,
2026-05-01T05:14:22Z,183.1,2384.7,2.7,1.6,7.3,41.3,RUNNING,
2026-05-01T05:14:23Z,184.2,2381.6,2.7,1.6,7.4,41.6,RUNNING,
2026-05-01T05:14:24Z,183.6,2390.6,2.5,1.7,7.3,41.3,RUNNING,
2026-05-01T05:14:25Z,183.3,2386.0,2.6,1.7,7.3,41.4,RUNNING,
2026-05-01T05:14:26Z,184.2,2383.3,2.7,1.6,7.3,41.2,RUNNING,
2026-05-01T05:14:27Z,180.5,2352.6,2.6,1.7,7.3,40.6,RUNNING,
2026-05-01T05:14:28Z,182.2,2371.4,2.6,1.7,7.3,41.0,RUNNING,
2026-05-01T05:14:29Z,181.4,2374.7,2.5,1.7,7.2,41.0,RUNNING,
2026-05-01T05:14:30Z,183.7,2383.8,2.7,1.7,7.3,41.4,RUNNING,
2026-05-01T05:14:31Z,182.9,2391.1,2.6,1.7,7.4,41.4,RUNNING,
2026-05-01T05:14:32Z,185.6,2389.1,2.7,1.7,7.4,41.1,RUNNING,
2026-05-01T05:14:33Z,179.7,2376.5,2.6,1.6,7.3,41.3,RUNNING,
2026-05-01T05:14:34Z,184.4,2419.7,2.7,1.6,7.4,42.0,RUNNING,
2026-05-01T05:14:35Z,184.2,2409.0,2.7,1.6,7.4,41.6,RUNNING,
2026-05-01T05:14:36Z,186.6,2433.7,2.7,1.6,7.5,41.7,RUNNING,
2026-05-01T05:14:37Z,186.8,2401.9,2.7,1.6,7.4,41.4,RUNNING,
2026-05-01T05:14:38Z,186.5,2421.8,2.8,1.7,7.5,41.8,RUNNING,
2026-05-01T05:14:39Z,185.7,2412.7,2.7,1.7,7.5,41.9,RUNNING,
2026-05-01T05:14:40Z,185.7,2419.9,2.6,1.6,7.4,41.6,RUNNING,
2026-05-01T05:14:41Z,183.3,2402.4,2.6,1.6,7.4,41.6,RUNNING,
2026-05-01T05:14:42Z,184.5,2399.2,2.7,1.7,7.4,41.7,RUNNING,
2026-05-01T05:14:43Z,186.4,2408.9,2.7,1.6,7.4,41.6,RUNNING,
2026-05-01T05:14:44Z,186.7,2403.9,2.7,1.7,7.5,41.7,RUNNING,
2026-05-01T05:14:45Z,187.4,2424.7,2.7,1.7,7.4,42.1,RUNNING,
2026-05-01T05:14:46Z,184.3,2403.7,2.5,1.7,7.5,41.9,RUNNING,
2026-05-01T05:14:47Z,187.4,2420.1,2.7,1.6,7.4,41.8,RUNNING,
2026-05-01T05:14:48Z,183.7,2387.1,2.7,1.7,7.3,41.4,RUNNING,
2026-05-01T05:14:49Z,181.2,2359.9,2.6,1.7,7.3,40.8,RUNNING,
2026-05-01T05:14:50Z,184.7,2384.5,2.8,1.6,7.4,41.5,RUNNING,
2026-05-01T05:14:51Z,191.1,2443.3,2.7,1.6,7.5,42.1,RUNNING,
2026-05-01T05:14:52Z,188.4,2437.9,2.7,1.6,7.6,42.2,RUNNING,
2026-05-01T05:14:53Z,190.6,2442.7,2.7,1.7,7.5,42.3,RUNNING,
2026-05-01T05:14:54Z,188.0,2441.5,2.7,1.6,7.6,41.8,RUNNING,
2026-05-01T05:14:55Z,188.8,2439.3,2.8,1.6,7.5,42.0,RUNNING,
2026-05-01T05:14:56Z,188.9,2419.5,2.8,1.6,7.5,42.2,RUNNING,
2026-05-01T05:14:57Z,183.5,2417.8,2.8,1.6,7.5,42.1,RUNNING,
2026-05-01T05:14:58Z,190.1,2433.1,2.7,1.6,7.4,42.0,RUNNING,
2026-05-01T05:14:59Z,186.1,2432.1,2.6,1.6,7.5,42.0,RUNNING,
2026-05-01T05:15:00Z,182.6,2399.4,2.8,1.7,7.4,41.6,RUNNING,
2026-05-01T05:15:01Z,182.9,2382.8,2.7,1.6,7.4,41.0,RUNNING,
2026-05-01T05:15:02Z,184.4,2387.1,2.6,1.7,7.4,41.3,RUNNING,
2026-05-01T05:15:03Z,184.1,2401.7,2.7,1.7,7.4,41.4,RUNNING,
2026-05-01T05:15:04Z,182.3,2371.5,2.7,1.7,7.3,41.1,RUNNING,
2026-05-01T05:15:05Z,179.5,2360.6,2.6,1.7,7.1,40.7,RUNNING,
2026-05-01T05:15:06Z,174.4,2288.5,2.5,1.7,7.1,39.9,RUNNING,
2026-05-01T05:15:07Z,174.9,2297.1,2.3,1.7,6.9,40.0,RUNNING,
2026-05-01T05:15:08Z,172.2,2258.6,2.4,1.8,6.9,39.4,RUNNING,
2026-05-01T05:15:09Z,170.4,2256.8,2.4,1.8,6.8,39.3,RUNNING,
2026-05-01T05:15:10Z,171.1,2246.1,2.4,1.8,6.9,38.8,RUNNING,
2026-05-01T05:15:11Z,167.8,2231.5,2.3,1.8,6.7,38.7,RUNNING,
2026-05-01T05:15:12Z,169.4,2238.9,2.3,1.8,6.8,39.3,RUNNING,
2026-05-01T05:15:13Z,170.7,2256.8,2.4,1.8,6.8,39.1,RUNNING,
2026-05-01T05:15:14Z,168.4,2243.1,2.5,1.8,6.8,39.4,RUNNING,
2026-05-01T05:15:15Z,166.3,2229.7,2.4,1.8,6.8,39.1,RUNNING,
2026-05-01T05:15:16Z,167.6,2231.1,2.4,1.8,6.7,38.9,RUNNING,
2026-05-01T05:15:17Z,172.5,2266.6,2.3,1.8,6.8,39.0,RUNNING,
2026-05-01T05:15:18Z,174.4,2301.6,2.5,1.7,7.0,40.1,RUNNING,
2026-05-01T05:15:19Z,177.9,2319.2,2.5,1.7,7.1,40.4,RUNNING,
2026-05-01T05:15:20Z,177.8,2347.4,2.6,1.7,7.2,41.0,RUNNING,
2026-05-01T05:15:21Z,180.5,2370.0,2.6,1.7,7.2,40.7,RUNNING,
2026-05-01T05:15:22Z,182.2,2365.5,2.6,1.7,7.2,41.0,RUNNING,
2026-05-01T05:15:23Z,179.2,2359.4,2.6,1.7,7.2,40.8,RUNNING,
2026-05-01T05:15:24Z,179.2,2329.5,2.5,1.7,7.1,40.6,RUNNING,
2026-05-01T05:15:25Z,181.5,2364.3,2.7,1.7,7.3,41.2,RUNNING,
2026-05-01T05:15:26Z,180.8,2351.7,2.5,1.7,7.2,40.9,RUNNING,
2026-05-01T05:15:27Z,180.1,2357.4,2.6,1.7,7.2,40.9,RUNNING,
2026-05-01T05:15:28Z,181.1,2350.1,2.6,1.7,7.3,40.5,RUNNING,
2026-05-01T05:15:29Z,182.5,2371.5,2.7,1.7,7.2,40.9,RUNNING,
2026-05-01T05:15:30Z,182.6,2362.5,2.6,1.7,7.2,41.2,RUNNING,
2026-05-01T05:15:31Z,182.8,2383.9,2.7,1.7,7.3,41.1,RUNNING,
2026-05-01T05:15:32Z,182.3,2383.4,2.6,1.7,7.4,41.2,RUNNING,
2026-05-01T05:15:33Z,179.8,2350.8,2.6,1.7,7.2,40.8,RUNNING,
2026-05-01T05:15:34Z,177.3,2347.2,2.6,1.7,7.2,40.9,RUNNING,
2026-05-01T05:15:35Z,177.5,2330.3,2.6,1.7,7.2,40.6,RUNNING,
2026-05-01T05:15:36Z,178.1,2342.3,2.5,1.7,7.2,40.7,RUNNING,
2026-05-01T05:15:37Z,178.2,2315.1,2.5,1.7,7.2,40.3,RUNNING,
2026-05-01T05:15:38Z,178.7,2338.7,2.5,1.7,7.2,40.7,RUNNING,
2026-05-01T05:15:39Z,178.1,2331.4,2.6,1.7,7.1,40.6,RUNNING,
2026-05-01T05:15:40Z,179.6,2332.6,2.6,1.7,7.2,40.5,RUNNING,
2026-05-01T05:15:41Z,183.1,2351.1,2.6,1.7,7.3,40.8,RUNNING,
2026-05-01T05:15:42Z,180.9,2348.8,2.5,1.7,7.2,40.9,RUNNING,
2026-05-01T05:15:43Z,179.6,2359.8,2.6,1.7,7.2,41.0,RUNNING,
2026-05-01T05:15:44Z,182.5,2368.1,2.6,1.7,7.3,41.1,RUNNING,
2026-05-01T05:15:45Z,183.5,2382.5,2.7,1.6,7.2,41.1,RUNNING,
2026-05-01T05:15:46Z,181.7,2375.0,2.6,1.7,7.3,41.2,RUNNING,
2026-05-01T05:15:47Z,182.1,2374.6,2.6,1.7,7.3,41.2,RUNNING,
2026-05-01T05:15:48Z,180.9,2356.2,2.7,1.7,7.3,41.0,RUNNING,
2026-05-01T05:15:49Z,180.2,2343.0,2.6,1.7,7.1,40.9,RUNNING,
2026-05-01T05:15:50Z,180.8,2367.9,2.5,1.7,7.3,41.2,RUNNING,
2026-05-01T05:15:51Z,181.7,2369.3,2.6,1.7,7.3,41.0,RUNNING,
2026-05-01T05:15:52Z,178.0,2313.1,2.6,1.7,7.1,40.5,RUNNING,
2026-05-01T05:15:53Z,179.0,2352.7,2.5,1.7,7.1,40.9,RUNNING,
2026-05-01T05:15:54Z,182.7,2363.7,2.7,1.7,7.2,41.2,RUNNING,
2026-05-01T05:15:55Z,184.4,2380.6,2.7,1.7,7.3,41.0,RUNNING,
2026-05-01T05:15:56Z,179.3,2353.9,2.5,1.7,7.2,40.8,RUNNING,
2026-05-01T05:15:57Z,180.5,2346.2,2.5,1.7,7.1,40.7,RUNNING,
2026-05-01T05:15:58Z,180.8,2359.0,2.6,1.7,7.3,41.0,RUNNING,
2026-05-01T05:15:59Z,183.1,2392.2,2.6,1.7,7.4,41.7,RUNNING,
2026-05-01T05:16:00Z,181.8,2366.3,2.6,1.7,7.3,41.1,RUNNING,
2026-05-01T05:16:01Z,181.0,2365.1,2.7,1.7,7.3,41.0,RUNNING,
2026-05-01T05:16:02Z,183.2,2383.1,2.7,1.7,7.4,41.4,RUNNING,
2026-05-01T05:16:03Z,182.0,2391.8,2.6,1.7,7.4,41.3,RUNNING,
2026-05-01T05:16:04Z,184.2,2372.4,2.5,1.6,7.3,41.3,RUNNING,
2026-05-01T05:16:05Z,183.8,2374.0,2.5,1.7,7.2,41.3,RUNNING,
2026-05-01T05:16:06Z,184.6,2395.5,2.6,1.6,7.4,41.4,RUNNING,
2026-05-01T05:16:07Z,186.7,2408.3,2.8,1.6,7.5,41.9,RUNNING,
2026-05-01T05:16:08Z,187.4,2423.7,2.7,1.6,7.5,42.2,RUNNING,
2026-05-01T05:16:09Z,184.9,2400.3,2.6,1.7,7.5,41.5,RUNNING,
2026-05-01T05:16:10Z,184.4,2400.8,2.7,1.7,7.3,41.5,RUNNING,
2026-05-01T05:16:11Z,189.1,2429.7,2.7,1.7,7.5,41.8,RUNNING,
2026-05-01T05:16:12Z,188.4,2404.8,2.7,1.7,7.4,42.0,RUNNING,
2026-05-01T05:16:13Z,188.2,2406.9,2.8,1.6,7.4,41.5,RUNNING,
2026-05-01T05:16:14Z,187.6,2419.6,2.8,1.6,7.5,42.1,RUNNING,
2026-05-01T05:16:15Z,187.9,2424.5,2.8,1.6,7.5,42.2,RUNNING,
2026-05-01T05:16:16Z,186.4,2456.5,2.7,1.6,7.5,42.7,RUNNING,
2026-05-01T05:16:17Z,189.4,2452.1,2.8,1.6,7.6,42.6,RUNNING,
2026-05-01T05:16:18Z,187.3,2441.7,2.8,1.6,7.6,42.1,RUNNING,
2026-05-01T05:16:19Z,185.2,2415.3,2.7,1.6,7.5,41.5,RUNNING,
2026-05-01T05:16:20Z,184.3,2405.4,2.6,1.6,7.4,41.5,RUNNING,
2026-05-01T05:16:21Z,185.6,2422.3,2.7,1.7,7.4,41.8,RUNNING,
2026-05-01T05:16:22Z,190.7,2450.9,2.7,1.6,7.6,42.3,RUNNING,
2026-05-01T05:16:23Z,192.7,2460.6,2.7,1.6,7.7,42.7,RUNNING,
2026-05-01T05:16:24Z,187.6,2443.0,2.8,1.6,7.5,42.2,RUNNING,
2026-05-01T05:16:25Z,191.6,2449.4,2.8,1.6,7.6,42.6,RUNNING,
2026-05-01T05:16:26Z,187.1,2462.1,2.8,1.6,7.6,42.6,RUNNING,
2026-05-01T05:16:27Z,189.8,2486.8,2.8,1.6,7.7,42.6,RUNNING,
2026-05-01T05:16:28Z,192.4,2478.3,2.8,1.6,7.7,42.9,RUNNING,
2026-05-01T05:16:29Z,191.7,2459.5,2.7,1.6,7.7,42.7,RUNNING,
2026-05-01T05:16:30Z,193.4,2472.0,2.7,1.6,7.6,42.7,RUNNING,
2026-05-01T05:16:31Z,188.5,2457.6,2.8,1.6,7.6,42.5,RUNNING,
2026-05-01T05:16:32Z,192.9,2440.1,2.9,1.6,7.5,42.4,RUNNING,
2026-05-01T05:16:33Z,192.3,2450.2,2.8,1.6,7.7,42.6,RUNNING,
2026-05-01T05:16:34Z,191.6,2468.8,2.7,1.6,7.8,42.8,RUNNING,
2026-05-01T05:16:35Z,191.3,2482.9,2.8,1.6,7.6,42.7,RUNNING,
2026-05-01T05:16:36Z,191.6,2479.1,2.7,1.6,7.7,42.7,RUNNING,
2026-05-01T05:16:37Z,190.9,2476.8,2.8,1.6,7.7,42.8,RUNNING,
2026-05-01T05:16:38Z,195.2,2490.2,2.8,1.6,7.8,43.2,RUNNING,
2026-05-01T05:16:39Z,192.8,2492.8,2.7,1.6,7.8,42.9,RUNNING,
2026-05-01T05:16:40Z,196.1,2498.6,2.9,1.5,7.8,43.1,RUNNING,
2026-05-01T05:16:41Z,196.0,2514.9,2.8,1.6,7.9,43.5,RUNNING,
2026-05-01T05:16:42Z,197.7,2521.8,2.8,1.5,7.9,43.5,RUNNING,
2026-05-01T05:16:43Z,197.6,2515.6,2.8,1.6,7.8,43.3,RUNNING,
2026-05-01T05:16:44Z,197.6,2537.8,2.8,1.5,8.0,43.8,RUNNING,
2026-05-01T05:16:45Z,200.2,2568.3,2.9,1.5,8.1,43.9,RUNNING,
2026-05-01T05:16:46Z,200.0,2557.6,3.0,1.5,8.0,43.5,RUNNING,
2026-05-01T05:16:47Z,200.4,2556.6,2.9,1.6,8.0,43.8,RUNNING,
2026-05-01T05:16:48Z,200.6,2555.8,2.9,1.5,8.0,44.1,RUNNING,
2026-05-01T05:16:49Z,198.2,2545.2,2.9,1.5,8.0,43.8,RUNNING,
2026-05-01T05:16:50Z,201.9,2557.1,3.0,1.5,8.0,44.1,RUNNING,
2026-05-01T05:16:51Z,201.4,2558.5,2.9,1.5,8.0,44.2,RUNNING,
2026-05-01T05:16:52Z,198.5,2554.3,2.9,1.5,8.0,43.7,RUNNING,
2026-05-01T05:16:53Z,197.8,2552.6,2.8,1.5,8.0,43.6,RUNNING,
2026-05-01T05:16:54Z,197.5,2548.6,2.9,1.5,8.0,43.8,RUNNING,
2026-05-01T05:16:55Z,197.6,2558.4,2.8,1.5,7.9,44.1,RUNNING,
2026-05-01T05:16:56Z,200.8,2559.8,2.8,1.5,8.0,44.0,RUNNING,
2026-05-01T05:16:57Z,201.2,2578.5,2.9,1.5,8.0,43.9,RUNNING,
2026-05-01T05:16:58Z,197.5,2555.2,2.9,1.5,8.0,43.7,RUNNING,
2026-05-01T05:16:59Z,202.6,2569.3,2.9,1.5,8.1,44.4,RUNNING,
2026-05-01T05:17:00Z,202.5,2588.1,2.9,1.5,8.1,44.4,RUNNING,
2026-05-01T05:17:01Z,206.2,2588.2,2.9,1.5,8.2,44.7,RUNNING,
2026-05-01T05:17:02Z,204.0,2615.5,3.0,1.4,8.2,44.8,RUNNING,
2026-05-01T05:17:03Z,205.9,2610.7,3.0,1.4,8.2,45.1,RUNNING,
2026-05-01T05:17:04Z,209.4,2654.8,3.0,1.4,8.4,45.5,RUNNING,
2026-05-01T05:17:05Z,212.5,2678.3,3.0,1.4,8.4,45.8,RUNNING,
2026-05-01T05:17:06Z,207.4,2650.0,3.0,1.4,8.4,45.3,RUNNING,
2026-05-01T05:17:07Z,208.2,2649.2,3.0,1.4,8.3,45.3,RUNNING,
2026-05-01T05:17:08Z,212.3,2690.6,3.1,1.4,8.5,45.9,RUNNING,
2026-05-01T05:17:09Z,211.2,2683.1,3.2,1.4,8.5,45.9,RUNNING,
2026-05-01T05:17:10Z,210.5,2692.6,3.1,1.4,8.5,45.9,RUNNING,
2026-05-01T05:17:11Z,212.0,2697.9,3.1,1.4,8.5,45.9,RUNNING,
2026-05-01T05:17:12Z,213.7,2703.7,3.1,1.3,8.5,46.1,RUNNING,
2026-05-01T05:17:13Z,214.3,2698.5,3.1,1.4,8.5,46.3,RUNNING,
2026-05-01T05:17:14Z,213.1,2687.3,3.1,1.4,8.5,46.1,RUNNING,
2026-05-01T05:17:15Z,215.2,2733.5,3.2,1.3,8.7,46.6,RUNNING,
2026-05-01T05:17:16Z,216.9,2749.6,3.1,1.4,8.7,46.8,RUNNING,
2026-05-01T05:17:17Z,217.8,2751.0,3.2,1.3,8.7,47.0,RUNNING,
2026-05-01T05:17:18Z,217.0,2740.0,3.3,1.3,8.6,46.9,RUNNING,
2026-05-01T05:17:19Z,216.9,2728.1,3.2,1.3,8.7,46.8,RUNNING,
2026-05-01T05:17:20Z,215.3,2740.7,3.1,1.3,8.7,47.0,RUNNING,
2026-05-01T05:17:21Z,217.8,2735.0,3.1,1.3,8.7,46.8,RUNNING,
2026-05-01T05:17:22Z,220.4,2750.4,3.1,1.3,8.8,46.9,RUNNING,
2026-05-01T05:17:23Z,221.9,2780.9,3.2,1.3,8.8,47.2,RUNNING,
2026-05-01T05:17:24Z,215.2,2714.6,3.2,1.4,8.6,46.6,RUNNING,
2026-05-01T05:17:25Z,218.0,2746.6,3.2,1.3,8.7,46.7,RUNNING,
2026-05-01T05:17:26Z,218.5,2756.8,3.1,1.3,8.8,47.1,RUNNING,
2026-05-01T05:17:27Z,217.5,2729.6,3.2,1.4,8.6,46.5,RUNNING,
2026-05-01T05:17:28Z,215.2,2741.0,3.2,1.3,8.7,46.6,RUNNING,
2026-05-01T05:17:29Z,215.9,2731.1,3.2,1.3,8.8,46.6,RUNNING,
2026-05-01T05:17:30Z,219.4,2749.8,3.2,1.3,8.8,47.1,RUNNING,
2026-05-01T05:17:31Z,218.2,2737.1,3.2,1.3,8.7,46.7,RUNNING,
2026-05-01T05:17:32Z,215.1,2726.6,3.2,1.3,8.6,46.6,RUNNING,
2026-05-01T05:17:33Z,216.3,2732.1,3.2,1.3,8.6,46.5,RUNNING,
2026-05-01T05:17:34Z,217.7,2744.0,3.2,1.3,8.7,46.7,RUNNING,
2026-05-01T05:17:35Z,214.9,2739.2,3.2,1.3,8.7,46.8,RUNNING,
2026-05-01T05:17:36Z,217.4,2748.0,3.3,1.3,8.8,46.9,RUNNING,
2026-05-01T05:17:37Z,218.6,2755.6,3.2,1.4,8.7,47.1,RUNNING,
2026-05-01T05:17:38Z,216.8,2758.1,3.3,1.3,8.7,47.2,RUNNING,
2026-05-01T05:17:39Z,219.4,2767.1,3.3,1.3,8.8,47.1,RUNNING,
2026-05-01T05:17:40Z,223.2,2807.2,3.2,1.3,9.0,47.9,RUNNING,
2026-05-01T05:17:41Z,222.4,2775.6,3.2,1.3,8.8,47.4,RUNNING,
2026-05-01T05:17:42Z,220.2,2786.4,3.3,1.3,8.9,47.3,RUNNING,
2026-05-01T05:17:43Z,221.5,2760.2,3.2,1.3,8.9,47.2,RUNNING,
2026-05-01T05:17:44Z,222.5,2786.0,3.3,1.3,8.9,47.6,RUNNING,
2026-05-01T05:17:45Z,221.7,2786.4,3.2,1.3,8.9,47.7,RUNNING,
2026-05-01T05:17:46Z,221.6,2770.1,3.2,1.3,8.8,47.3,RUNNING,
2026-05-01T05:17:47Z,220.2,2759.3,3.2,1.3,8.8,46.8,RUNNING,
2026-05-01T05:17:48Z,221.8,2774.9,3.2,1.3,8.9,47.2,RUNNING,
2026-05-01T05:17:49Z,218.8,2754.3,3.2,1.3,8.8,47.3,RUNNING,
2026-05-01T05:17:50Z,220.2,2753.1,3.2,1.3,8.7,46.9,RUNNING,
2026-05-01T05:17:51Z,219.5,2750.1,3.3,1.3,8.8,47.0,RUNNING,
2026-05-01T05:17:52Z,222.8,2786.0,3.3,1.3,8.8,47.1,RUNNING,
2026-05-01T05:17:53Z,218.7,2771.7,3.3,1.3,8.8,47.3,RUNNING,
2026-05-01T05:17:54Z,219.3,2761.8,3.2,1.3,8.8,47.4,RUNNING,
2026-05-01T05:17:55Z,222.9,2779.5,3.3,1.3,8.9,47.3,RUNNING,
2026-05-01T05:17:56Z,224.6,2805.9,3.3,1.3,9.0,47.8,RUNNING,
2026-05-01T05:17:57Z,227.2,2824.4,3.4,1.2,9.0,48.1,RUNNING,
2026-05-01T05:17:58Z,224.7,2810.0,3.1,1.3,9.0,47.9,RUNNING,
2026-05-01T05:17:59Z,230.3,2849.3,3.3,1.2,9.0,48.3,RUNNING,
2026-05-01T05:18:00Z,223.5,2835.1,3.4,1.2,9.2,48.2,RUNNING,
2026-05-01T05:18:01Z,226.5,2836.8,3.3,1.2,9.1,48.3,RUNNING,
2026-05-01T05:18:02Z,226.8,2827.5,3.3,1.3,9.0,48.3,RUNNING,
2026-05-01T05:18:03Z,226.9,2834.5,3.4,1.2,9.0,48.3,RUNNING,
2026-05-01T05:18:04Z,225.5,2815.8,3.3,1.3,9.0,47.8,RUNNING,
2026-05-01T05:18:05Z,225.2,2802.6,3.4,1.3,9.0,48.0,RUNNING,
2026-05-01T05:18:06Z,227.0,2841.9,3.3,1.2,9.2,48.5,RUNNING,
2026-05-01T05:18:07Z,220.9,2795.6,3.2,1.3,8.9,47.5,RUNNING,
2026-05-01T05:18:08Z,222.9,2801.3,3.4,1.3,8.8,47.7,RUNNING,
2026-05-01T05:18:09Z,222.3,2785.0,3.2,1.3,8.9,47.1,RUNNING,
2026-05-01T05:18:10Z,219.1,2763.8,3.2,1.3,8.8,47.4,RUNNING,
2026-05-01T05:18:11Z,218.0,2751.7,3.3,1.3,8.7,46.7,RUNNING,
2026-05-01T05:18:12Z,219.6,2759.2,3.1,1.3,8.7,47.1,RUNNING,
2026-05-01T05:18:13Z,217.8,2759.4,3.3,1.3,8.8,47.2,RUNNING,
2026-05-01T05:18:14Z,215.8,2730.6,3.2,1.3,8.7,46.5,RUNNING,
2026-05-01T05:18:15Z,216.4,2718.1,3.2,1.3,8.7,46.6,RUNNING,
2026-05-01T05:18:16Z,220.3,2753.0,3.1,1.3,8.7,46.9,RUNNING,
2026-05-01T05:18:17Z,218.3,2755.0,3.1,1.3,8.7,46.9,RUNNING,
2026-05-01T05:18:18Z,220.9,2773.9,3.3,1.3,8.8,47.1,RUNNING,
2026-05-01T05:18:19Z,218.0,2740.9,3.1,1.4,8.6,46.6,RUNNING,
2026-05-01T05:18:20Z,217.1,2770.4,3.2,1.3,8.8,46.8,RUNNING,
2026-05-01T05:18:21Z,220.2,2770.3,3.2,1.3,8.8,47.4,RUNNING,
2026-05-01T05:18:22Z,218.8,2765.8,3.1,1.3,8.7,47.2,RUNNING,
2026-05-01T05:18:23Z,217.4,2748.0,3.2,1.3,8.7,46.8,RUNNING,
2026-05-01T05:18:24Z,219.0,2734.4,3.2,1.3,8.8,46.6,RUNNING,
2026-05-01T05:18:25Z,216.3,2757.0,3.2,1.3,8.7,47.0,RUNNING,
2026-05-01T05:18:26Z,219.8,2762.6,3.2,1.3,8.8,46.9,RUNNING,
2026-05-01T05:18:27Z,221.1,2778.3,3.1,1.3,8.8,47.8,RUNNING,
2026-05-01T05:18:28Z,222.9,2783.7,3.3,1.3,8.9,47.4,RUNNING,
2026-05-01T05:18:29Z,219.8,2757.1,3.2,1.3,8.8,47.1,RUNNING,
2026-05-01T05:18:30Z,217.7,2744.5,3.3,1.3,8.8,46.8,RUNNING,
2026-05-01T05:18:31Z,216.4,2735.1,3.2,1.3,8.7,46.7,RUNNING,
2026-05-01T05:18:32Z,216.3,2732.8,3.2,1.4,8.7,46.7,RUNNING,
2026-05-01T05:18:33Z,216.6,2739.2,3.3,1.3,8.6,46.9,RUNNING,
2026-05-01T05:18:34Z,219.6,2770.7,3.3,1.3,8.8,47.3,RUNNING,
2026-05-01T05:18:35Z,218.5,2751.3,3.2,1.3,8.6,46.8,RUNNING,
2026-05-01T05:18:36Z,218.7,2754.8,3.2,1.3,8.7,46.8,RUNNING,
2026-05-01T05:18:37Z,215.8,2724.9,3.1,1.3,8.7,46.6,RUNNING,
2026-05-01T05:18:38Z,215.6,2734.1,3.2,1.3,8.8,46.7,RUNNING,
2026-05-01T05:18:39Z,217.1,2760.0,3.2,1.3,8.7,47.2,RUNNING,
2026-05-01T05:18:40Z,217.4,2749.0,3.0,1.3,8.7,46.7,RUNNING,
2026-05-01T05:18:41Z,213.2,2712.9,3.1,1.4,8.6,46.5,RUNNING,
2026-05-01T05:18:42Z,209.2,2657.0,3.2,1.4,8.5,46.0,RUNNING,
2026-05-01T05:18:43Z,211.9,2667.4,3.1,1.4,8.4,45.5,RUNNING,
2026-05-01T05:18:44Z,208.6,2643.6,3.1,1.4,8.3,45.5,RUNNING,
2026-05-01T05:18:45Z,208.4,2659.6,3.0,1.4,8.3,45.4,RUNNING,
2026-05-01T05:18:46Z,211.1,2666.5,3.1,1.4,8.4,45.6,RUNNING,
2026-05-01T05:18:47Z,211.0,2653.8,3.1,1.4,8.4,45.6,RUNNING,
2026-05-01T05:18:48Z,211.7,2688.4,3.1,1.4,8.5,46.2,RUNNING,
2026-05-01T05:18:49Z,211.5,2694.6,3.1,1.4,8.4,46.0,RUNNING,
2026-05-01T05:18:50Z,212.3,2684.6,3.1,1.4,8.3,45.8,RUNNING,
2026-05-01T05:18:51Z,211.9,2684.3,3.1,1.4,8.5,45.9,RUNNING,
2026-05-01T05:18:52Z,211.0,2671.6,3.1,1.4,8.3,45.4,RUNNING,
2026-05-01T05:18:53Z,210.6,2670.1,3.1,1.4,8.4,45.9,RUNNING,
2026-05-01T05:18:54Z,210.2,2660.9,3.0,1.4,8.5,45.6,RUNNING,
2026-05-01T05:18:55Z,203.3,2623.7,3.0,1.5,8.3,44.9,RUNNING,
2026-05-01T05:18:56Z,205.2,2626.7,3.1,1.5,8.3,45.1,RUNNING,
2026-05-01T05:18:57Z,208.0,2636.5,3.0,1.4,8.3,45.1,RUNNING,
2026-05-01T05:18:58Z,207.2,2631.9,3.0,1.4,8.3,45.2,RUNNING,
2026-05-01T05:18:59Z,210.3,2665.2,3.0,1.4,8.3,45.6,RUNNING,
2026-05-01T05:19:00Z,205.7,2642.9,3.1,1.4,8.3,45.2,RUNNING,
2026-05-01T05:19:01Z,204.5,2611.3,3.0,1.5,8.2,44.6,RUNNING,
2026-05-01T05:19:02Z,205.7,2614.9,3.0,1.5,8.3,44.8,RUNNING,
2026-05-01T05:19:03Z,204.7,2627.6,3.0,1.4,8.2,45.0,RUNNING,
2026-05-01T05:19:04Z,208.2,2653.1,3.1,1.4,8.3,45.5,RUNNING,
2026-05-01T05:19:05Z,212.1,2677.1,3.0,1.4,8.4,46.2,RUNNING,
2026-05-01T05:19:06Z,205.9,2638.8,3.0,1.4,8.2,45.1,RUNNING,
2026-05-01T05:19:07Z,206.2,2628.0,2.9,1.4,8.2,44.8,RUNNING,
2026-05-01T05:19:08Z,204.8,2602.9,2.8,1.5,8.2,44.6,RUNNING,
2026-05-01T05:19:09Z,205.1,2609.9,3.0,1.5,8.2,44.8,RUNNING,
2026-05-01T05:19:10Z,202.8,2589.2,3.0,1.5,8.1,44.7,RUNNING,
2026-05-01T05:19:11Z,205.9,2617.6,3.1,1.4,8.2,44.9,RUNNING,
2026-05-01T05:19:12Z,202.1,2573.9,2.8,1.5,7.9,44.3,RUNNING,
2026-05-01T05:19:13Z,202.3,2567.7,3.0,1.5,8.0,44.2,RUNNING,
2026-05-01T05:19:14Z,201.1,2573.5,2.9,1.5,8.0,43.8,RUNNING,
2026-05-01T05:19:15Z,202.7,2597.6,2.8,1.5,8.1,44.6,RUNNING,
2026-05-01T05:19:16Z,201.1,2586.0,3.1,1.4,8.1,44.3,RUNNING,
2026-05-01T05:19:17Z,200.2,2569.4,2.9,1.5,8.1,44.1,RUNNING,
2026-05-01T05:19:18Z,204.2,2591.6,3.0,1.5,8.1,44.7,RUNNING,
2026-05-01T05:19:19Z,204.5,2605.7,3.0,1.5,8.2,44.6,RUNNING,
2026-05-01T05:19:20Z,204.7,2571.6,3.0,1.5,8.1,44.2,RUNNING,
2026-05-01T05:19:21Z,203.6,2594.9,3.0,1.5,8.1,44.6,RUNNING,
2026-05-01T05:19:22Z,203.5,2581.5,3.1,1.5,8.1,44.2,RUNNING,
2026-05-01T05:19:23Z,207.3,2637.9,3.0,1.4,8.3,45.3,RUNNING,
2026-05-01T05:19:24Z,208.1,2636.0,3.1,1.5,8.3,45.0,RUNNING,
2026-05-01T05:19:25Z,209.8,2660.7,3.1,1.4,8.4,45.6,RUNNING,
2026-05-01T05:19:26Z,208.3,2649.5,3.1,1.4,8.3,45.3,RUNNING,
2026-05-01T05:19:27Z,210.5,2662.2,3.0,1.4,8.4,45.6,RUNNING,
2026-05-01T05:19:28Z,212.8,2683.3,3.1,1.4,8.7,45.9,RUNNING,
2026-05-01T05:19:29Z,209.7,2657.4,3.0,1.4,8.4,45.6,RUNNING,
2026-05-01T05:19:30Z,205.4,2626.5,3.0,1.4,8.2,45.0,RUNNING,
2026-05-01T05:19:31Z,204.2,2601.6,3.0,1.4,8.2,45.0,RUNNING,
2026-05-01T05:19:32Z,203.5,2607.8,3.0,1.5,8.3,44.7,RUNNING,
2026-05-01T05:19:33Z,204.1,2593.7,2.9,1.5,8.1,44.3,RUNNING,
2026-05-01T05:19:34Z,201.6,2561.8,3.0,1.5,8.2,44.2,RUNNING,
2026-05-01T05:19:35Z,202.9,2579.0,3.0,1.5,8.1,44.4,RUNNING,
2026-05-01T05:19:36Z,203.6,2605.1,2.9,1.4,8.2,44.8,RUNNING,
2026-05-01T05:19:37Z,203.9,2614.5,3.0,1.5,8.2,44.9,RUNNING,
2026-05-01T05:19:38Z,203.2,2612.8,3.0,1.5,8.1,44.7,RUNNING,
2026-05-01T05:19:39Z,204.1,2599.8,3.0,1.4,8.1,44.9,RUNNING,
2026-05-01T05:19:40Z,209.7,2631.1,3.0,1.4,8.2,45.4,RUNNING,
2026-05-01T05:19:41Z,207.5,2641.2,3.1,1.4,8.3,44.9,RUNNING,
2026-05-01T05:19:42Z,207.3,2618.7,3.0,1.4,8.3,45.0,RUNNING,
2026-05-01T05:19:43Z,204.3,2620.6,2.9,1.5,8.2,44.8,RUNNING,
2026-05-01T05:19:44Z,203.4,2585.7,2.9,1.5,8.0,44.4,RUNNING,
2026-05-01T05:19:45Z,199.0,2550.6,2.9,1.5,8.0,44.0,RUNNING,
2026-05-01T05:19:46Z,199.6,2559.8,2.9,1.5,8.0,44.0,RUNNING,
2026-05-01T05:19:47Z,201.8,2571.2,2.8,1.5,8.0,44.3,RUNNING,
2026-05-01T05:19:48Z,200.7,2552.1,2.9,1.5,8.0,44.0,RUNNING,
2026-05-01T05:19:49Z,199.2,2547.9,2.8,1.5,8.0,43.9,RUNNING,
2026-05-01T05:19:50Z,198.0,2544.5,2.8,1.5,7.9,43.8,RUNNING,
2026-05-01T05:19:51Z,197.2,2540.9,2.8,1.5,7.9,43.3,RUNNING,
2026-05-01T05:19:52Z,196.2,2513.9,2.9,1.5,7.8,43.2,RUNNING,
2026-05-01T05:19:53Z,194.2,2481.9,2.8,1.6,7.7,42.8,RUNNING,
2026-05-01T05:19:54Z,189.7,2448.0,2.8,1.6,7.6,42.2,RUNNING,
2026-05-01T05:19:55Z,191.4,2468.1,2.8,1.6,7.6,42.5,RUNNING,
2026-05-01T05:19:56Z,190.5,2473.3,2.8,1.6,7.7,42.7,RUNNING,
2026-05-01T05:19:57Z,190.9,2467.4,2.7,1.6,7.6,42.5,RUNNING,
2026-05-01T05:19:58Z,190.5,2461.4,2.7,1.6,7.7,42.6,RUNNING,
2026-05-01T05:19:59Z,190.2,2457.9,2.7,1.6,7.5,42.2,RUNNING,
2026-05-01T05:20:00Z,189.4,2435.6,2.7,1.6,7.6,42.2,RUNNING,
2026-05-01T05:20:01Z,187.2,2418.0,2.8,1.7,7.4,42.0,RUNNING,
2026-05-01T05:20:02Z,185.7,2405.7,2.6,1.7,7.4,41.6,RUNNING,
2026-05-01T05:20:03Z,181.6,2384.7,2.6,1.7,7.4,41.0,RUNNING,
2026-05-01T05:20:04Z,182.5,2389.7,2.6,1.7,7.4,41.4,RUNNING,
2026-05-01T05:20:05Z,188.4,2402.0,2.7,1.6,7.4,41.8,RUNNING,
2026-05-01T05:20:06Z,182.7,2370.4,2.6,1.7,7.3,40.9,RUNNING,
2026-05-01T05:20:07Z,180.0,2361.6,2.6,1.7,7.3,40.8,RUNNING,
2026-05-01T05:20:08Z,181.6,2392.2,2.7,1.6,7.3,41.1,RUNNING,
2026-05-01T05:20:09Z,183.2,2388.6,2.7,1.7,7.3,41.2,RUNNING,
2026-05-01T05:20:10Z,184.8,2383.6,2.7,1.7,7.4,41.3,RUNNING,
2026-05-01T05:20:11Z,183.3,2385.3,2.6,1.7,7.2,41.4,RUNNING,
2026-05-01T05:20:12Z,184.2,2402.2,2.7,1.7,7.4,41.3,RUNNING,
2026-05-01T05:20:13Z,187.7,2410.1,2.7,1.7,7.4,41.7,RUNNING,
2026-05-01T05:20:14Z,184.2,2400.2,2.7,1.7,7.4,41.6,RUNNING,
2026-05-01T05:20:15Z,183.7,2399.7,2.7,1.7,7.4,41.5,RUNNING,
2026-05-01T05:20:16Z,183.0,2384.8,2.7,1.6,7.3,41.4,RUNNING,
2026-05-01T05:20:17Z,186.2,2409.8,2.7,1.6,7.5,41.6,RUNNING,
2026-05-01T05:20:18Z,183.3,2377.9,2.7,1.7,7.3,41.4,RUNNING,
2026-05-01T05:20:19Z,186.5,2427.5,2.8,1.7,7.5,41.9,RUNNING,
2026-05-01T05:20:20Z,187.4,2440.2,2.8,1.6,7.5,42.0,RUNNING,
2026-05-01T05:20:21Z,187.2,2426.1,2.6,1.6,7.5,41.9,RUNNING,
2026-05-01T05:20:22Z,186.3,2421.9,2.7,1.6,7.5,41.8,RUNNING,
2026-05-01T05:20:23Z,187.6,2438.9,2.7,1.6,7.5,42.3,RUNNING,
2026-05-01T05:20:24Z,190.8,2450.3,2.7,1.6,7.6,42.1,RUNNING,
2026-05-01T05:20:25Z,189.5,2442.0,2.8,1.7,7.5,42.2,RUNNING,
2026-05-01T05:20:26Z,187.6,2437.4,2.7,1.6,7.5,42.0,RUNNING,
2026-05-01T05:20:27Z,188.2,2450.0,2.7,1.6,7.6,42.1,RUNNING,
2026-05-01T05:20:28Z,187.1,2438.2,2.7,1.6,7.5,42.1,RUNNING,
2026-05-01T05:20:29Z,188.9,2445.1,2.7,1.6,7.6,42.4,RUNNING,
2026-05-01T05:20:30Z,192.1,2458.2,2.8,1.6,7.6,42.7,RUNNING,
2026-05-01T05:20:31Z,191.4,2463.4,2.6,1.6,7.6,42.4,RUNNING,
2026-05-01T05:20:32Z,189.7,2451.4,2.8,1.6,7.6,42.3,RUNNING,
2026-05-01T05:20:33Z,183.3,2405.4,2.7,1.7,7.4,41.7,RUNNING,
2026-05-01T05:20:34Z,185.8,2423.8,2.7,1.6,7.4,41.9,RUNNING,
2026-05-01T05:20:35Z,189.1,2447.2,2.7,1.6,7.6,42.4,RUNNING,
2026-05-01T05:20:36Z,188.2,2444.2,2.6,1.6,7.5,42.1,RUNNING,
2026-05-01T05:20:37Z,189.0,2469.1,2.7,1.6,7.7,42.6,RUNNING,
2026-05-01T05:20:38Z,188.3,2446.1,2.7,1.6,7.6,42.5,RUNNING,
2026-05-01T05:20:39Z,188.7,2448.4,2.7,1.6,7.5,41.8,RUNNING,
2026-05-01T05:20:40Z,188.6,2448.5,2.7,1.6,7.6,42.2,RUNNING,
2026-05-01T05:20:41Z,191.7,2445.7,2.8,1.6,7.6,42.3,RUNNING,
2026-05-01T05:20:42Z,189.2,2446.2,2.6,1.6,7.5,42.4,RUNNING,
2026-05-01T05:20:43Z,188.6,2426.8,2.8,1.6,7.5,42.1,RUNNING,
2026-05-01T05:20:44Z,185.9,2409.6,2.7,1.6,7.4,41.9,RUNNING,
2026-05-01T05:20:45Z,188.6,2442.4,2.8,1.6,7.5,42.2,RUNNING,
2026-05-01T05:20:46Z,193.2,2482.2,2.7,1.6,7.7,43.0,RUNNING,
2026-05-01T05:20:47Z,191.7,2473.6,2.7,1.6,7.7,42.8,RUNNING,
2026-05-01T05:20:48Z,188.3,2441.1,2.8,1.6,7.7,42.3,RUNNING,
2026-05-01T05:20:49Z,190.3,2437.5,2.7,1.6,7.6,42.2,RUNNING,
2026-05-01T05:20:50Z,194.3,2481.9,2.8,1.6,7.8,42.9,RUNNING,
2026-05-01T05:20:51Z,190.4,2469.6,2.7,1.6,7.7,42.4,RUNNING,
2026-05-01T05:20:52Z,190.3,2465.0,2.8,1.6,7.6,42.7,RUNNING,
2026-05-01T05:20:53Z,192.8,2475.9,2.7,1.6,7.7,42.8,RUNNING,
2026-05-01T05:20:54Z,187.2,2443.6,2.8,1.6,7.6,42.3,RUNNING,
2026-05-01T05:20:55Z,184.1,2394.4,2.6,1.7,7.3,41.5,RUNNING,
2026-05-01T05:20:56Z,179.8,2358.6,2.7,1.7,7.3,41.2,RUNNING,
2026-05-01T05:20:57Z,180.5,2335.5,2.6,1.7,7.2,40.9,RUNNING,
2026-05-01T05:20:58Z,175.2,2314.7,2.5,1.7,7.0,40.2,RUNNING,
2026-05-01T05:20:59Z,179.8,2330.1,2.5,1.7,7.1,40.8,RUNNING,
2026-05-01T05:21:00Z,178.9,2338.1,2.6,1.7,7.1,40.9,RUNNING,
2026-05-01T05:21:01Z,179.5,2344.9,2.5,1.7,7.2,40.6,RUNNING,
2026-05-01T05:21:02Z,176.7,2316.3,2.6,1.7,7.2,40.3,RUNNING,
2026-05-01T05:21:03Z,178.5,2306.9,2.4,1.7,7.0,40.2,RUNNING,
2026-05-01T05:21:04Z,179.4,2338.9,2.6,1.7,7.0,40.4,RUNNING,
2026-05-01T05:21:05Z,177.6,2325.4,2.5,1.7,7.1,40.4,RUNNING,
2026-05-01T05:21:06Z,177.4,2327.3,2.5,1.7,7.1,40.8,RUNNING,
2026-05-01T05:21:07Z,174.6,2307.9,2.5,1.7,7.0,40.1,RUNNING,
2026-05-01T05:21:08Z,172.6,2280.3,2.5,1.7,7.0,39.6,RUNNING,
2026-05-01T05:21:09Z,172.8,2266.9,2.4,1.8,7.0,39.7,RUNNING,
2026-05-01T05:21:10Z,170.3,2259.5,2.3,1.8,6.7,39.2,RUNNING,
2026-05-01T05:21:11Z,170.8,2251.9,2.4,1.8,6.8,39.2,RUNNING,
2026-05-01T05:21:12Z,167.6,2236.9,2.6,1.8,6.7,38.7,RUNNING,
2026-05-01T05:21:13Z,166.7,2225.1,2.4,1.8,6.7,39.1,RUNNING,
2026-05-01T05:21:14Z,167.1,2239.0,2.4,1.8,6.7,39.1,RUNNING,
2026-05-01T05:21:15Z,165.5,2202.7,2.3,1.9,6.6,38.5,RUNNING,
2026-05-01T05:21:16Z,163.3,2188.0,2.3,1.9,6.5,38.1,RUNNING,
2026-05-01T05:21:17Z,166.6,2203.1,2.4,1.8,6.6,38.7,RUNNING,
2026-05-01T05:21:18Z,168.5,2205.0,2.4,1.9,6.6,38.7,RUNNING,
2026-05-01T05:21:19Z,166.3,2216.3,2.4,1.8,6.7,38.6,RUNNING,
2026-05-01T05:21:20Z,172.4,2260.0,2.4,1.8,6.8,39.5,RUNNING,
2026-05-01T05:21:21Z,169.2,2225.5,2.3,1.8,6.7,38.9,RUNNING,
2026-05-01T05:21:22Z,171.3,2259.5,2.5,1.8,6.9,39.4,RUNNING,
2026-05-01T05:21:23Z,169.5,2242.4,2.4,1.8,6.9,39.1,RUNNING,
2026-05-01T05:21:24Z,167.9,2224.7,2.4,1.8,6.8,38.8,RUNNING,
2026-05-01T05:21:25Z,169.0,2250.2,2.4,1.8,6.9,39.1,RUNNING,
2026-05-01T05:21:26Z,173.7,2271.1,2.5,1.7,6.9,39.4,RUNNING,
2026-05-01T05:21:27Z,173.1,2285.5,2.5,1.8,7.0,39.8,RUNNING,
2026-05-01T05:21:28Z,176.9,2295.0,2.5,1.8,6.9,39.8,RUNNING,
2026-05-01T05:21:29Z,177.9,2316.6,2.5,1.7,7.0,40.1,RUNNING,
2026-05-01T05:21:30Z,175.6,2308.4,2.5,1.8,7.1,40.2,RUNNING,
2026-05-01T05:21:31Z,178.6,2339.8,2.6,1.7,7.1,40.4,RUNNING,
2026-05-01T05:21:32Z,178.9,2336.7,2.5,1.8,7.1,40.3,RUNNING,
2026-05-01T05:21:33Z,175.5,2301.7,2.4,1.8,7.0,39.9,RUNNING,
2026-05-01T05:21:34Z,174.9,2293.4,2.5,1.8,7.0,40.0,RUNNING,
2026-05-01T05:21:35Z,172.2,2269.2,2.4,1.8,6.9,39.5,RUNNING,
2026-05-01T05:21:36Z,173.8,2258.3,2.4,1.8,6.8,39.4,RUNNING,
2026-05-01T05:21:37Z,171.2,2287.6,2.4,1.8,6.8,39.6,RUNNING,
2026-05-01T05:21:38Z,170.3,2278.2,2.5,1.7,6.8,39.6,RUNNING,
2026-05-01T05:21:39Z,168.0,2229.6,2.4,1.8,6.7,39.1,RUNNING,
2026-05-01T05:21:40Z,169.4,2237.5,2.5,1.8,6.8,39.5,RUNNING,
2026-05-01T05:21:41Z,168.1,2249.6,2.3,1.8,6.8,39.0,RUNNING,
2026-05-01T05:21:42Z,165.1,2194.3,2.4,1.9,6.6,38.2,RUNNING,
2026-05-01T05:21:43Z,163.3,2198.6,2.4,1.9,6.6,38.5,RUNNING,
2026-05-01T05:21:44Z,168.0,2216.2,2.5,1.8,6.7,38.3,RUNNING,
2026-05-01T05:21:45Z,164.6,2189.2,2.4,1.9,6.6,38.6,RUNNING,
2026-05-01T05:21:46Z,165.6,2223.9,2.4,1.8,6.8,38.7,RUNNING,
2026-05-01T05:21:47Z,165.3,2198.4,2.2,1.8,6.5,38.6,RUNNING,
2026-05-01T05:21:48Z,166.2,2212.6,2.4,1.8,6.7,38.8,RUNNING,
2026-05-01T05:21:49Z,167.2,2220.1,2.4,1.8,6.7,38.6,RUNNING,
2026-05-01T05:21:50Z,166.5,2223.6,2.4,1.8,6.7,38.9,RUNNING,
2026-05-01T05:21:51Z,164.0,2203.9,2.4,1.9,6.7,38.6,RUNNING,
2026-05-01T05:21:52Z,165.0,2192.6,2.4,1.8,6.5,38.3,RUNNING,
2026-05-01T05:21:53Z,164.7,2206.3,2.2,1.8,6.6,38.3,RUNNING,
2026-05-01T05:21:54Z,161.8,2172.2,2.3,1.8,6.5,38.0,RUNNING,
2026-05-01T05:21:55Z,159.8,2169.5,2.3,1.9,6.5,38.1,RUNNING,
2026-05-01T05:21:56Z,160.3,2165.6,2.3,1.9,6.5,38.0,RUNNING,
2026-05-01T05:21:57Z,161.9,2138.9,2.2,1.9,6.4,37.5,RUNNING,
2026-05-01T05:21:58Z,159.2,2140.2,2.3,1.9,6.3,37.2,RUNNING,
2026-05-01T05:21:59Z,155.5,2109.6,2.2,2.0,6.2,36.9,RUNNING,
2026-05-01T05:22:00Z,157.0,2093.0,2.2,2.0,6.3,36.8,RUNNING,
2026-05-01T05:22:01Z,151.6,2068.4,2.1,2.0,6.0,36.5,RUNNING,
2026-05-01T05:22:02Z,155.9,2095.1,2.2,2.0,6.2,36.8,RUNNING,
2026-05-01T05:22:03Z,153.1,2069.1,2.2,2.0,6.1,36.7,RUNNING,
2026-05-01T05:22:04Z,151.7,2039.2,2.1,2.0,6.1,36.1,RUNNING,
2026-05-01T05:22:05Z,149.3,2019.8,2.0,2.0,5.9,35.4,RUNNING,
2026-05-01T05:22:06Z,149.3,2038.0,2.2,2.0,6.0,35.9,RUNNING,
2026-05-01T05:22:07Z,151.8,2037.1,2.1,2.0,6.0,35.9,RUNNING,
2026-05-01T05:22:08Z,149.7,2029.2,2.2,2.0,5.9,35.8,RUNNING,
2026-05-01T05:22:09Z,146.6,2008.6,2.1,2.0,5.8,35.6,RUNNING,
2026-05-01T05:22:10Z,148.1,2017.1,2.0,2.0,5.9,35.7,RUNNING,
2026-05-01T05:22:11Z,148.6,2025.1,2.1,2.0,6.0,35.7,RUNNING,
2026-05-01T05:22:12Z,147.2,2029.2,2.0,2.0,5.9,35.7,RUNNING,
2026-05-01T05:22:13Z,149.4,2049.3,2.1,2.0,6.0,35.9,RUNNING,
2026-05-01T05:22:14Z,153.1,2062.7,2.1,2.0,6.1,36.3,RUNNING,
2026-05-01T05:22:15Z,155.6,2098.7,2.2,1.9,6.2,36.7,RUNNING,
2026-05-01T05:22:16Z,152.9,2077.3,2.1,2.0,6.1,36.6,RUNNING,
2026-05-01T05:22:17Z,154.0,2080.5,2.1,2.0,6.1,36.8,RUNNING,
2026-05-01T05:22:18Z,153.1,2074.5,2.2,2.0,6.1,36.5,RUNNING,
2026-05-01T05:22:19Z,153.5,2064.9,2.1,1.9,6.1,36.1,RUNNING,
2026-05-01T05:22:20Z,154.6,2076.8,2.1,1.9,6.2,36.4,RUNNING,
2026-05-01T05:22:21Z,153.1,2067.5,2.2,2.0,6.1,36.2,RUNNING,
2026-05-01T05:22:22Z,152.8,2047.4,2.0,2.0,6.0,36.5,RUNNING,
2026-05-01T05:22:23Z,152.2,2067.2,2.1,2.0,6.1,36.6,RUNNING,
2026-05-01T05:22:24Z,150.4,2056.6,2.2,2.0,6.0,36.2,RUNNING,
2026-05-01T05:22:25Z,152.9,2074.7,2.3,2.0,6.2,36.4,RUNNING,
2026-05-01T05:22:26Z,154.5,2071.6,2.1,2.0,6.1,36.4,RUNNING,
2026-05-01T05:22:27Z,154.5,2093.9,2.1,2.0,6.2,36.8,RUNNING,
2026-05-01T05:22:28Z,152.0,2055.8,2.0,1.9,6.1,36.1,RUNNING,
2026-05-01T05:22:29Z,150.7,2067.5,2.2,2.0,6.1,36.1,RUNNING,
2026-05-01T05:22:30Z,147.5,2043.8,2.1,2.0,6.0,36.2,RUNNING,
2026-05-01T05:22:31Z,152.9,2063.0,2.2,2.0,6.1,36.4,RUNNING,
2026-05-01T05:22:32Z,155.0,2092.4,2.2,2.0,6.2,36.8,RUNNING,
2026-05-01T05:22:33Z,154.0,2078.1,2.1,1.9,6.2,36.8,RUNNING,
2026-05-01T05:22:34Z,154.8,2082.7,2.2,2.0,6.1,36.6,RUNNING,
2026-05-01T05:22:35Z,150.5,2042.3,2.1,2.0,6.1,36.1,RUNNING,
2026-05-01T05:22:36Z,151.4,2034.2,2.1,2.0,6.0,36.3,RUNNING,
2026-05-01T05:22:37Z,150.5,2051.4,2.2,2.0,6.0,36.1,RUNNING,
2026-05-01T05:22:38Z,151.0,2048.4,2.1,2.0,6.1,36.2,RUNNING,
2026-05-01T05:22:39Z,148.3,2025.6,2.1,2.0,5.9,35.8,RUNNING,
2026-05-01T05:22:40Z,144.5,2013.2,2.2,2.0,5.8,35.7,RUNNING,
2026-05-01T05:22:41Z,144.4,1996.6,2.1,2.0,5.8,35.4,RUNNING,
2026-05-01T05:22:42Z,147.0,2010.8,2.1,2.0,5.9,35.5,RUNNING,
2026-05-01T05:22:43Z,145.2,2006.8,2.0,2.0,5.9,35.1,RUNNING,
2026-05-01T05:22:44Z,143.9,1987.0,2.0,2.0,5.8,35.2,RUNNING,
2026-05-01T05:22:45Z,145.4,1982.6,2.0,2.0,5.8,35.0,RUNNING,
2026-05-01T05:22:46Z,143.4,1966.3,2.0,2.1,5.8,34.8,RUNNING,
2026-05-01T05:22:47Z,143.2,1961.8,1.9,2.1,5.8,35.0,RUNNING,
2026-05-01T05:22:48Z,145.7,1974.2,2.0,2.1,5.8,34.9,RUNNING,
2026-05-01T05:22:49Z,140.9,1947.5,1.9,2.1,5.7,34.6,RUNNING,
2026-05-01T05:22:50Z,144.1,1971.8,2.0,2.0,5.8,34.9,RUNNING,
2026-05-01T05:22:51Z,146.0,1993.2,2.0,2.1,5.9,35.3,RUNNING,
2026-05-01T05:22:52Z,146.4,1986.9,2.1,2.1,5.7,34.9,RUNNING,
2026-05-01T05:22:53Z,145.9,1979.8,2.1,2.0,5.8,34.7,RUNNING,
2026-05-01T05:22:54Z,145.9,1981.4,2.1,2.0,5.8,35.3,RUNNING,
2026-05-01T05:22:55Z,143.9,1965.7,2.0,2.1,5.7,34.7,RUNNING,
2026-05-01T05:22:56Z,142.7,1974.9,2.0,2.0,5.7,35.0,RUNNING,
2026-05-01T05:22:57Z,140.4,1949.9,2.0,2.0,5.7,34.4,RUNNING,
2026-05-01T05:22:58Z,142.6,1967.9,2.0,2.1,5.7,34.8,RUNNING,
2026-05-01T05:22:59Z,144.4,1971.2,1.9,2.1,5.6,34.5,RUNNING,
2026-05-01T05:23:00Z,143.5,1962.6,2.0,2.1,5.7,34.8,RUNNING,
2026-05-01T05:23:01Z,141.4,1963.3,2.1,2.1,5.7,34.6,RUNNING,
2026-05-01T05:23:02Z,145.4,1957.1,1.9,2.1,5.8,35.0,RUNNING,
2026-05-01T05:23:03Z,140.3,1946.6,2.0,2.1,5.6,34.7,RUNNING,
2026-05-01T05:23:04Z,137.6,1942.3,1.9,2.1,5.6,34.1,RUNNING,
2026-05-01T05:23:05Z,139.4,1941.3,1.9,2.1,5.5,34.3,RUNNING,
2026-05-01T05:23:06Z,140.4,1944.3,1.9,2.1,5.6,34.6,RUNNING,
2026-05-01T05:23:07Z,145.7,1982.4,2.1,2.0,5.7,35.1,RUNNING,
2026-05-01T05:23:08Z,145.1,1976.5,2.1,2.1,5.7,34.8,RUNNING,
2026-05-01T05:23:09Z,144.0,1998.7,2.0,2.1,5.9,35.3,RUNNING,
2026-05-01T05:23:10Z,144.9,1998.3,2.0,2.0,5.9,35.8,RUNNING,
2026-05-01T05:23:11Z,146.7,1991.9,1.9,2.0,5.8,35.2,RUNNING,
2026-05-01T05:23:12Z,149.9,1999.4,2.0,2.1,5.8,35.3,RUNNING,
2026-05-01T05:23:13Z,143.6,1983.9,2.1,2.1,5.8,35.1,RUNNING,
2026-05-01T05:23:14Z,141.0,1946.3,2.1,2.1,5.7,35.0,RUNNING,
2026-05-01T05:23:15Z,141.4,1963.7,2.1,2.1,5.6,34.7,RUNNING,
2026-05-01T05:23:16Z,139.8,1954.5,1.9,2.1,5.6,34.7,RUNNING,
2026-05-01T05:23:17Z,141.4,1934.0,2.0,2.1,5.7,34.4,RUNNING,
2026-05-01T05:23:18Z,140.2,1955.5,1.9,2.1,5.7,34.4,RUNNING,
2026-05-01T05:23:19Z,142.0,1953.9,2.0,2.1,5.7,35.1,RUNNING,
2026-05-01T05:23:20Z,144.4,1966.4,2.0,2.1,5.8,34.7,RUNNING,
2026-05-01T05:23:21Z,144.0,1961.2,2.1,2.1,5.8,34.6,RUNNING,
2026-05-01T05:23:22Z,144.2,1998.9,2.0,2.0,5.7,35.3,RUNNING,
2026-05-01T05:23:23Z,149.6,2030.2,2.0,2.0,6.0,35.7,RUNNING,
2026-05-01T05:23:24Z,147.9,2026.0,2.1,2.0,5.9,35.6,RUNNING,
2026-05-01T05:23:25Z,147.1,2027.3,2.1,2.0,5.9,35.7,RUNNING,
2026-05-01T05:23:26Z,146.1,1987.9,2.0,2.0,5.9,35.2,RUNNING,
2026-05-01T05:23:27Z,146.8,1996.8,2.0,2.0,5.8,35.5,RUNNING,
2026-05-01T05:23:28Z,143.3,1990.8,2.0,2.1,5.8,35.1,RUNNING,
2026-05-01T05:23:29Z,145.1,1991.0,2.1,2.1,5.8,35.3,RUNNING,
2026-05-01T05:23:30Z,146.4,2005.3,2.0,2.0,5.8,35.6,RUNNING,
2026-05-01T05:23:31Z,146.0,2007.0,2.1,2.0,5.9,35.9,RUNNING,
2026-05-01T05:23:32Z,147.6,1984.6,2.1,2.1,5.7,35.0,RUNNING,
2026-05-01T05:23:33Z,140.5,1957.6,2.0,2.1,5.7,34.9,RUNNING,
2026-05-01T05:23:34Z,141.1,1956.6,1.9,2.1,5.7,34.4,RUNNING,
2026-05-01T05:23:35Z,141.5,1945.1,2.0,2.1,5.7,34.5,RUNNING,
2026-05-01T05:23:36Z,137.7,1938.0,1.9,2.1,5.6,34.1,RUNNING,
2026-05-01T05:23:37Z,140.8,1945.5,2.0,2.1,5.7,34.6,RUNNING,
2026-05-01T05:23:38Z,138.0,1924.5,1.9,2.2,5.6,34.2,RUNNING,
2026-05-01T05:23:39Z,142.0,1945.7,1.9,2.1,5.6,34.5,RUNNING,
2026-05-01T05:23:40Z,144.2,1982.0,1.9,2.1,5.7,35.2,RUNNING,
2026-05-01T05:23:41Z,146.1,1998.4,2.1,2.0,5.8,35.2,RUNNING,
2026-05-01T05:23:42Z,144.4,1974.9,2.1,2.1,5.9,35.0,RUNNING,
2026-05-01T05:23:43Z,140.7,1971.7,2.0,2.0,5.7,35.0,RUNNING,
2026-05-01T05:23:44Z,143.8,1994.6,2.0,2.0,5.8,35.3,RUNNING,
2026-05-01T05:23:45Z,145.4,1980.5,2.0,2.1,5.7,35.4,RUNNING,
2026-05-01T05:23:46Z,146.9,2004.5,2.0,2.1,6.0,35.5,RUNNING,
2026-05-01T05:23:47Z,143.9,1972.2,2.0,2.1,5.7,34.7,RUNNING,
2026-05-01T05:23:48Z,144.6,1985.2,1.9,2.1,5.8,34.9,RUNNING,
2026-05-01T05:23:49Z,141.8,1953.7,1.9,2.1,5.8,35.0,RUNNING,
2026-05-01T05:23:50Z,141.0,1943.9,1.9,2.0,5.7,34.7,RUNNING,
2026-05-01T05:23:51Z,139.9,1951.7,2.0,2.1,5.6,34.2,RUNNING,
2026-05-01T05:23:52Z,136.0,1915.4,2.0,2.1,5.5,34.3,RUNNING,
2026-05-01T05:23:53Z,139.3,1933.0,2.0,2.1,5.6,34.4,RUNNING,
2026-05-01T05:23:54Z,141.5,1950.8,1.9,2.1,5.6,34.5,RUNNING,
2026-05-01T05:23:55Z,140.9,1957.3,1.9,2.1,5.7,34.6,RUNNING,
2026-05-01T05:23:56Z,142.1,1956.5,1.9,2.1,5.7,34.9,RUNNING,
2026-05-01T05:23:57Z,143.1,1941.9,2.0,2.1,5.6,34.3,RUNNING,
2026-05-01T05:23:58Z,139.0,1913.0,2.0,2.1,5.6,34.2,RUNNING,
2026-05-01T05:23:59Z,136.7,1910.2,1.9,2.1,5.5,34.0,RUNNING,
2026-05-01T05:24:00Z,135.9,1883.7,1.8,2.2,5.4,33.7,RUNNING,
2026-05-01T05:24:01Z,133.3,1865.5,1.9,2.2,5.4,33.3,RUNNING,
2026-05-01T05:24:02Z,132.9,1879.5,1.8,2.2,5.4,33.6,RUNNING,
2026-05-01T05:24:03Z,137.2,1912.7,1.9,2.1,5.5,34.2,RUNNING,
2026-05-01T05:24:04Z,137.7,1905.8,2.0,2.1,5.5,33.9,RUNNING,
2026-05-01T05:24:05Z,137.9,1919.5,2.0,2.1,5.6,33.9,RUNNING,
2026-05-01T05:24:06Z,134.8,1877.5,1.9,2.2,5.4,33.4,RUNNING,
2026-05-01T05:24:07Z,133.9,1877.5,1.8,2.1,5.4,33.3,RUNNING,
2026-05-01T05:24:08Z,136.3,1899.4,2.0,2.2,5.6,33.8,RUNNING,
2026-05-01T05:24:09Z,135.7,1911.8,1.9,2.1,5.5,34.0,RUNNING,
2026-05-01T05:24:10Z,137.9,1895.7,1.9,2.1,5.5,33.9,RUNNING,
2026-05-01T05:24:11Z,138.6,1922.7,1.9,2.1,5.5,34.3,RUNNING,
2026-05-01T05:24:12Z,141.4,1934.8,2.0,2.1,5.6,34.3,RUNNING,
2026-05-01T05:24:13Z,138.2,1926.9,2.0,2.1,5.5,34.2,RUNNING,
2026-05-01T05:24:14Z,138.2,1913.8,1.9,2.1,5.6,34.1,RUNNING,
2026-05-01T05:24:15Z,143.0,1940.0,2.0,2.1,5.7,34.7,RUNNING,
2026-05-01T05:24:16Z,145.0,1967.3,1.9,2.0,5.7,35.1,RUNNING,
2026-05-01T05:24:17Z,141.4,1955.4,2.1,2.1,5.7,34.9,RUNNING,
2026-05-01T05:24:18Z,141.9,1971.4,2.0,2.1,5.6,34.9,RUNNING,
2026-05-01T05:24:19Z,140.6,1936.5,2.1,2.1,5.6,34.3,RUNNING,
2026-05-01T05:24:20Z,141.7,1944.0,1.9,2.1,5.6,34.5,RUNNING,
2026-05-01T05:24:21Z,141.6,1956.8,2.0,2.1,5.7,34.7,RUNNING,
2026-05-01T05:24:22Z,142.4,1961.4,2.0,2.1,5.6,35.0,RUNNING,
2026-05-01T05:24:23Z,144.0,1979.0,2.0,2.1,5.8,34.7,RUNNING,
2026-05-01T05:24:24Z,145.0,1980.4,2.1,2.1,5.8,35.1,RUNNING,
2026-05-01T05:24:25Z,145.2,1994.0,2.0,2.0,5.7,35.3,RUNNING,
2026-05-01T05:24:26Z,143.1,1999.0,2.0,2.0,5.8,35.2,RUNNING,
2026-05-01T05:24:27Z,145.6,1981.4,2.1,2.0,5.9,35.0,RUNNING,
2026-05-01T05:24:28Z,145.2,1991.0,2.0,2.0,5.8,35.3,RUNNING,
2026-05-01T05:24:29Z,147.4,2010.4,2.1,2.0,5.9,35.8,RUNNING,
2026-05-01T05:24:30Z,149.3,2013.8,2.0,2.0,5.9,35.8,RUNNING,
2026-05-01T05:24:31Z,148.2,2033.7,2.0,2.0,6.0,36.0,RUNNING,
2026-05-01T05:24:32Z,147.6,2012.7,2.1,2.0,6.0,35.5,RUNNING,
2026-05-01T05:24:33Z,149.4,2041.3,2.2,2.0,6.0,36.2,RUNNING,
2026-05-01T05:24:34Z,146.3,2013.6,2.0,2.0,5.9,35.6,RUNNING,
2026-05-01T05:24:35Z,151.6,2057.4,2.2,1.9,6.1,36.5,RUNNING,
2026-05-01T05:24:36Z,150.4,2051.6,2.2,2.0,6.1,36.2,RUNNING,
2026-05-01T05:24:37Z,149.3,2044.6,2.1,2.0,6.0,36.1,RUNNING,
2026-05-01T05:24:38Z,150.4,2039.0,2.0,2.0,6.0,35.8,RUNNING,
2026-05-01T05:24:39Z,151.0,2044.6,2.1,2.0,6.0,36.1,RUNNING,
2026-05-01T05:24:40Z,150.8,2072.7,2.1,2.0,6.1,36.4,RUNNING,
2026-05-01T05:24:41Z,157.9,2099.9,2.1,1.9,6.1,36.9,RUNNING,
2026-05-01T05:24:42Z,155.5,2098.6,2.3,2.0,6.3,36.8,RUNNING,
2026-05-01T05:24:43Z,152.1,2069.2,2.1,2.0,6.1,36.3,RUNNING,
2026-05-01T05:24:44Z,152.3,2075.7,2.0,1.9,6.1,36.8,RUNNING,
2026-05-01T05:24:45Z,152.3,2062.4,2.1,2.0,6.1,36.2,RUNNING,
2026-05-01T05:24:46Z,150.0,2043.8,2.1,2.0,6.0,36.0,RUNNING,
2026-05-01T05:24:47Z,149.8,2048.9,2.0,2.0,6.0,35.8,RUNNING,
2026-05-01T05:24:48Z,152.3,2074.2,2.2,2.0,6.2,36.3,RUNNING,
2026-05-01T05:24:49Z,152.7,2061.9,2.1,2.0,6.1,36.5,RUNNING,
2026-05-01T05:24:50Z,152.0,2052.0,2.1,2.0,6.0,36.5,RUNNING,
2026-05-01T05:24:51Z,152.2,2039.6,2.1,2.0,6.0,35.8,RUNNING,
2026-05-01T05:24:52Z,150.4,2027.3,2.1,2.0,5.9,35.7,RUNNING,
2026-05-01T05:24:53Z,148.3,2047.2,2.0,2.0,6.0,35.8,RUNNING,
2026-05-01T05:24:54Z,152.0,2058.1,2.1,2.0,6.0,36.2,RUNNING,
2026-05-01T05:24:55Z,149.2,2032.8,2.0,2.0,6.0,36.1,RUNNING,
2026-05-01T05:24:56Z,147.8,2024.2,2.1,2.0,6.1,36.1,RUNNING,
2026-05-01T05:24:57Z,149.7,2033.6,2.1,2.0,6.0,35.9,RUNNING,
2026-05-01T05:24:58Z,150.2,2041.7,2.1,2.0,6.1,36.0,RUNNING,
2026-05-01T05:24:59Z,150.5,2062.9,2.1,1.9,6.0,36.2,RUNNING,
2026-05-01T05:25:00Z,148.3,2027.4,2.1,2.0,6.0,35.7,RUNNING,
2026-05-01T05:25:01Z,146.8,2026.2,2.1,2.0,5.9,35.7,RUNNING,
2026-05-01T05:25:02Z,148.5,2033.4,2.0,2.0,5.9,35.7,RUNNING,
2026-05-01T05:25:03Z,145.6,2016.1,2.1,2.0,5.8,35.6,RUNNING,
2026-05-01T05:25:04Z,150.5,2029.7,2.0,2.0,6.0,35.8,RUNNING,
2026-05-01T05:25:05Z,151.3,2049.0,2.1,2.0,5.9,35.7,RUNNING,
2026-05-01T05:25:06Z,147.4,2021.1,1.9,2.1,5.9,35.5,RUNNING,
2026-05-01T05:25:07Z,145.0,2002.4,2.0,2.1,5.8,35.3,RUNNING,
2026-05-01T05:25:08Z,145.1,2014.4,2.0,2.0,5.9,35.5,RUNNING,
2026-05-01T05:25:09Z,147.1,1986.3,2.1,2.1,5.9,35.1,RUNNING,
2026-05-01T05:25:10Z,144.6,1995.0,2.0,2.0,5.9,35.4,RUNNING,
2026-05-01T05:25:11Z,143.7,1989.1,2.1,2.1,5.9,34.9,RUNNING,
2026-05-01T05:25:12Z,143.5,1988.4,1.9,2.0,5.9,35.4,RUNNING,
2026-05-01T05:25:13Z,148.7,2012.0,2.2,2.0,5.9,35.4,RUNNING,
2026-05-01T05:25:14Z,151.6,2047.0,2.1,2.0,6.0,36.3,RUNNING,
2026-05-01T05:25:15Z,149.6,2056.5,2.1,2.0,6.0,36.2,RUNNING,
2026-05-01T05:25:16Z,152.3,2070.1,2.2,2.0,6.2,36.5,RUNNING,
2026-05-01T05:25:17Z,152.0,2063.2,2.2,2.0,6.1,36.5,RUNNING,
2026-05-01T05:25:18Z,151.7,2050.9,2.1,2.0,6.1,36.7,RUNNING,
2026-05-01T05:25:19Z,152.6,2052.7,2.2,2.0,6.1,36.3,RUNNING,
2026-05-01T05:25:20Z,155.3,2058.9,2.1,1.9,6.1,36.3,RUNNING,
2026-05-01T05:25:21Z,152.7,2069.1,2.2,2.0,6.1,36.5,RUNNING,
2026-05-01T05:25:22Z,152.4,2071.3,2.3,2.0,6.1,36.1,RUNNING,
2026-05-01T05:25:23Z,154.9,2083.3,2.2,2.0,6.1,36.8,RUNNING,
2026-05-01T05:25:24Z,152.7,2067.1,2.2,2.0,6.1,36.4,RUNNING,
2026-05-01T05:25:25Z,152.5,2052.7,2.2,2.0,6.1,36.1,RUNNING,
2026-05-01T05:25:26Z,151.2,2050.6,2.1,2.0,6.1,36.4,RUNNING,
2026-05-01T05:25:27Z,148.3,2006.1,2.1,2.0,5.9,35.4,RUNNING,
2026-05-01T05:25:28Z,145.5,2007.0,2.1,2.0,5.8,35.5,RUNNING,
2026-05-01T05:25:29Z,148.2,2006.4,2.0,2.0,5.9,35.5,RUNNING,
2026-05-01T05:25:30Z,148.4,2024.5,2.1,2.0,5.9,35.9,RUNNING,
2026-05-01T05:25:31Z,148.0,2015.9,2.1,2.1,5.9,36.0,RUNNING,
2026-05-01T05:25:32Z,148.6,2043.2,2.0,2.0,6.0,35.9,RUNNING,
2026-05-01T05:25:33Z,156.2,2088.6,2.1,2.0,6.1,36.9,RUNNING,
2026-05-01T05:25:34Z,154.7,2090.9,2.2,2.0,6.2,36.6,RUNNING,
2026-05-01T05:25:35Z,152.8,2061.9,2.2,2.0,6.0,36.4,RUNNING,
2026-05-01T05:25:36Z,150.9,2050.3,2.0,2.0,6.0,36.2,RUNNING,
2026-05-01T05:25:37Z,151.2,2062.0,2.2,2.0,6.1,36.4,RUNNING,
2026-05-01T05:25:38Z,152.6,2072.2,2.2,2.0,6.1,36.5,RUNNING,
2026-05-01T05:25:39Z,157.9,2111.3,2.3,2.0,6.4,37.0,RUNNING,
2026-05-01T05:25:40Z,157.2,2106.1,2.2,1.9,6.3,37.1,RUNNING,
2026-05-01T05:25:41Z,154.6,2085.9,2.2,2.0,6.2,36.8,RUNNING,
2026-05-01T05:25:42Z,153.1,2077.2,2.1,2.0,6.2,36.7,RUNNING,
2026-05-01T05:25:43Z,152.4,2055.4,2.0,2.0,6.0,36.2,RUNNING,
2026-05-01T05:25:44Z,152.2,2075.9,2.1,2.0,6.0,36.4,RUNNING,
2026-05-01T05:25:45Z,151.7,2060.4,2.1,2.0,6.2,36.5,RUNNING,
2026-05-01T05:25:46Z,150.3,2068.4,2.2,2.0,6.1,36.4,RUNNING,
2026-05-01T05:25:47Z,155.1,2082.6,2.1,2.0,6.2,36.8,RUNNING,
2026-05-01T05:25:48Z,157.0,2107.8,2.4,1.9,6.3,37.0,RUNNING,
2026-05-01T05:25:49Z,158.2,2146.8,2.3,1.9,6.4,37.4,RUNNING,
2026-05-01T05:25:50Z,159.2,2122.9,2.3,1.9,6.4,37.2,RUNNING,
2026-05-01T05:25:51Z,157.6,2125.8,2.2,1.9,6.3,37.4,RUNNING,
2026-05-01T05:25:52Z,158.3,2129.8,2.2,1.9,6.3,37.3,RUNNING,
2026-05-01T05:25:53Z,159.2,2149.4,2.4,1.9,6.4,37.5,RUNNING,
2026-05-01T05:25:54Z,158.2,2122.7,2.3,1.9,6.3,37.2,RUNNING,
2026-05-01T05:25:55Z,163.3,2155.0,2.3,1.9,6.4,37.6,RUNNING,
2026-05-01T05:25:56Z,159.3,2137.3,2.2,1.9,6.4,37.3,RUNNING,
2026-05-01T05:25:57Z,161.2,2140.4,2.3,1.9,6.4,37.3,RUNNING,
2026-05-01T05:25:58Z,163.4,2158.1,2.2,1.9,6.5,37.9,RUNNING,
2026-05-01T05:25:59Z,158.0,2125.1,2.2,1.9,6.3,37.3,RUNNING,
2026-05-01T05:26:00Z,160.3,2150.2,2.3,1.9,6.5,37.6,RUNNING,
2026-05-01T05:26:01Z,157.8,2131.9,2.2,1.9,6.4,37.4,RUNNING,
2026-05-01T05:26:02Z,156.5,2123.2,2.2,1.9,6.3,37.2,RUNNING,
2026-05-01T05:26:03Z,159.1,2136.1,2.2,1.9,6.4,37.4,RUNNING,
2026-05-01T05:26:04Z,158.2,2152.8,2.2,1.9,6.4,37.4,RUNNING,
2026-05-01T05:26:05Z,158.9,2135.8,2.2,1.9,6.4,37.2,RUNNING,
2026-05-01T05:26:06Z,155.1,2104.7,2.2,1.9,6.4,37.1,RUNNING,
2026-05-01T05:26:07Z,153.9,2094.0,2.1,1.9,6.3,37.1,RUNNING,
2026-05-01T05:26:08Z,151.7,2063.7,2.2,2.0,6.1,36.0,RUNNING,
2026-05-01T05:26:09Z,155.2,2075.9,2.1,2.0,6.2,36.6,RUNNING,
2026-05-01T05:26:10Z,157.0,2120.9,2.2,1.9,6.3,37.2,RUNNING,
2026-05-01T05:26:11Z,158.7,2125.6,2.1,1.9,6.3,37.2,RUNNING,
2026-05-01T05:26:12Z,158.2,2127.7,2.2,1.9,6.3,37.2,RUNNING,
2026-05-01T05:26:13Z,161.0,2135.9,2.2,1.9,6.4,37.4,RUNNING,
2026-05-01T05:26:14Z,161.9,2146.4,2.2,1.9,6.5,37.8,RUNNING,
2026-05-01T05:26:15Z,162.8,2183.1,2.3,1.9,6.4,38.2,RUNNING,
2026-05-01T05:26:16Z,162.2,2167.6,2.4,1.9,6.5,37.9,RUNNING,
2026-05-01T05:26:17Z,161.3,2163.4,2.3,1.9,6.5,37.7,RUNNING,
2026-05-01T05:26:18Z,162.7,2160.0,2.3,1.9,6.4,37.7,RUNNING,
2026-05-01T05:26:19Z,158.7,2146.5,2.2,1.9,6.4,37.4,RUNNING,
2026-05-01T05:26:20Z,159.0,2135.9,2.3,1.9,6.4,37.5,RUNNING,
2026-05-01T05:26:21Z,159.1,2139.4,2.2,1.9,6.4,37.5,RUNNING,
2026-05-01T05:26:22Z,159.2,2139.5,2.2,1.9,6.4,37.7,RUNNING,
2026-05-01T05:26:23Z,158.1,2125.9,2.3,1.9,6.3,37.5,RUNNING,
2026-05-01T05:26:24Z,161.0,2153.7,2.4,1.9,6.4,37.7,RUNNING,
2026-05-01T05:26:25Z,161.1,2168.2,2.3,1.8,6.5,37.9,RUNNING,
2026-05-01T05:26:26Z,163.3,2178.4,2.4,1.9,6.5,38.6,RUNNING,
2026-05-01T05:26:27Z,165.6,2214.6,2.4,1.8,6.7,38.8,RUNNING,
2026-05-01T05:26:28Z,168.7,2201.3,2.4,1.9,6.6,38.5,RUNNING,
2026-05-01T05:26:29Z,167.6,2230.5,2.5,1.8,6.7,39.0,RUNNING,
2026-05-01T05:26:30Z,171.1,2243.2,2.3,1.8,6.8,39.2,RUNNING,
2026-05-01T05:26:31Z,168.9,2231.8,2.4,1.8,6.6,38.7,RUNNING,
2026-05-01T05:26:32Z,167.4,2220.2,2.4,1.9,6.7,38.5,RUNNING,
2026-05-01T05:26:33Z,166.7,2233.9,2.5,1.8,6.7,39.0,RUNNING,
2026-05-01T05:26:34Z,166.2,2191.8,2.3,1.9,6.6,38.4,RUNNING,
2026-05-01T05:26:35Z,168.1,2211.4,2.3,1.9,6.7,38.9,RUNNING,
2026-05-01T05:26:36Z,168.0,2214.5,2.3,1.8,6.7,38.5,RUNNING,
2026-05-01T05:26:37Z,166.7,2217.4,2.4,1.8,6.6,38.6,RUNNING,
2026-05-01T05:26:38Z,167.7,2232.5,2.5,1.8,6.8,38.9,RUNNING,
2026-05-01T05:26:39Z,169.0,2240.0,2.5,1.8,6.9,39.1,RUNNING,
2026-05-01T05:26:40Z,167.8,2234.9,2.4,1.8,6.8,39.2,RUNNING,
2026-05-01T05:26:41Z,168.6,2241.1,2.3,1.8,6.8,39.2,RUNNING,
2026-05-01T05:26:42Z,170.6,2244.0,2.4,1.8,6.9,39.0,RUNNING,
2026-05-01T05:26:43Z,168.1,2237.1,2.4,1.8,6.8,38.7,RUNNING,
2026-05-01T05:26:44Z,167.4,2220.0,2.4,1.8,6.8,39.0,RUNNING,
2026-05-01T05:26:45Z,169.0,2225.6,2.4,1.9,6.7,38.7,RUNNING,
2026-05-01T05:26:46Z,169.8,2259.4,2.4,1.8,6.8,39.6,RUNNING,
2026-05-01T05:26:47Z,170.9,2263.1,2.5,1.8,6.8,39.4,RUNNING,
2026-05-01T05:26:48Z,169.5,2249.0,2.4,1.8,6.8,39.1,RUNNING,
2026-05-01T05:26:49Z,166.1,2243.3,2.4,1.8,6.7,39.1,RUNNING,
2026-05-01T05:26:50Z,168.1,2206.3,2.4,1.8,6.6,38.6,RUNNING,
2026-05-01T05:26:51Z,168.4,2237.2,2.5,1.8,6.7,39.0,RUNNING,
2026-05-01T05:26:52Z,167.4,2216.8,2.3,1.8,6.6,38.9,RUNNING,
2026-05-01T05:26:53Z,163.1,2171.2,2.3,1.9,6.5,38.0,RUNNING,
2026-05-01T05:26:54Z,163.5,2178.7,2.3,1.9,6.5,38.4,RUNNING,
2026-05-01T05:26:55Z,160.5,2164.0,2.2,1.9,6.4,38.0,RUNNING,
2026-05-01T05:26:56Z,162.8,2185.2,2.3,1.9,6.6,38.3,RUNNING,
2026-05-01T05:26:57Z,163.9,2182.3,2.4,1.9,6.6,38.2,RUNNING,
2026-05-01T05:26:58Z,165.1,2197.5,2.3,1.9,6.6,38.5,RUNNING,
2026-05-01T05:26:59Z,168.5,2225.2,2.4,1.8,6.8,39.0,RUNNING,
2026-05-01T05:27:00Z,166.2,2226.9,2.4,1.8,6.7,38.6,RUNNING,
2026-05-01T05:27:01Z,165.8,2212.8,2.4,1.8,6.8,38.8,RUNNING,
2026-05-01T05:27:02Z,168.7,2231.0,2.3,1.8,6.7,39.0,RUNNING,
2026-05-01T05:27:03Z,168.0,2213.6,2.3,1.8,6.7,38.7,RUNNING,
2026-05-01T05:27:04Z,168.0,2202.1,2.4,1.8,6.7,38.6,RUNNING,
2026-05-01T05:27:05Z,166.3,2206.0,2.3,1.8,6.6,38.6,RUNNING,
2026-05-01T05:27:06Z,166.7,2207.3,2.2,1.9,6.6,38.5,RUNNING,
2026-05-01T05:27:07Z,166.8,2181.9,2.3,1.9,6.7,38.4,RUNNING,
2026-05-01T05:27:08Z,165.6,2176.0,2.3,1.9,6.5,38.4,RUNNING,
2026-05-01T05:27:09Z,167.1,2205.3,2.4,1.8,6.7,38.6,RUNNING,
2026-05-01T05:27:10Z,167.6,2211.2,2.4,1.9,6.6,38.9,RUNNING,
2026-05-01T05:27:11Z,167.3,2218.1,2.4,1.8,6.7,38.5,RUNNING,
2026-05-01T05:27:12Z,166.0,2202.0,2.3,1.8,6.5,38.3,RUNNING,
2026-05-01T05:27:13Z,168.6,2235.7,2.3,1.8,6.7,38.7,RUNNING,
2026-05-01T05:27:14Z,169.9,2253.6,2.5,1.8,6.9,39.3,RUNNING,
2026-05-01T05:27:15Z,170.9,2247.2,2.6,1.8,6.8,39.2,RUNNING,
2026-05-01T05:27:16Z,169.7,2250.6,2.4,1.8,6.7,39.1,RUNNING,
2026-05-01T05:27:17Z,171.4,2271.3,2.5,1.8,6.9,39.4,RUNNING,
2026-05-01T05:27:18Z,172.4,2261.6,2.4,1.8,6.9,39.6,RUNNING,
2026-05-01T05:27:19Z,169.7,2256.6,2.4,1.8,6.9,39.5,RUNNING,
2026-05-01T05:27:20Z,166.5,2223.5,2.4,1.8,6.7,38.9,RUNNING,
2026-05-01T05:27:21Z,167.0,2227.6,2.3,1.8,6.8,38.8,RUNNING,
2026-05-01T05:27:22Z,166.9,2224.7,2.5,1.8,6.7,38.6,RUNNING,
2026-05-01T05:27:23Z,166.1,2213.6,2.4,1.8,6.8,38.6,RUNNING,
2026-05-01T05:27:24Z,165.2,2208.2,2.3,1.8,6.6,38.6,RUNNING,
2026-05-01T05:27:25Z,168.0,2229.0,2.3,1.8,6.7,39.0,RUNNING,
2026-05-01T05:27:26Z,169.1,2223.5,2.3,1.8,6.7,38.7,RUNNING,
2026-05-01T05:27:27Z,167.1,2211.8,2.4,1.9,6.7,39.0,RUNNING,
2026-05-01T05:27:28Z,162.2,2169.7,2.4,1.8,6.5,37.8,RUNNING,
2026-05-01T05:27:29Z,163.3,2189.8,2.4,1.8,6.6,38.6,RUNNING,
2026-05-01T05:27:30Z,163.6,2161.2,2.3,1.9,6.4,37.8,RUNNING,
2026-05-01T05:27:31Z,164.9,2198.0,2.3,1.9,6.6,38.3,RUNNING,
2026-05-01T05:27:32Z,164.6,2189.1,2.4,1.9,6.7,38.6,RUNNING,
2026-05-01T05:27:33Z,165.3,2208.0,2.3,1.8,6.7,38.9,RUNNING,
2026-05-01T05:27:34Z,164.8,2211.4,2.5,1.8,6.7,38.6,RUNNING,
2026-05-01T05:27:35Z,168.9,2248.2,2.4,1.8,6.7,39.0,RUNNING,
2026-05-01T05:27:36Z,167.6,2224.2,2.4,1.9,6.8,38.9,RUNNING,
2026-05-01T05:27:37Z,167.8,2240.8,2.5,1.9,6.7,38.7,RUNNING,
2026-05-01T05:27:38Z,167.6,2230.3,2.3,1.8,6.7,38.9,RUNNING,
2026-05-01T05:27:39Z,164.5,2211.5,2.3,1.8,6.7,38.4,RUNNING,
2026-05-01T05:27:40Z,163.7,2167.5,2.3,1.9,6.5,38.0,RUNNING,
2026-05-01T05:27:41Z,164.2,2196.2,2.4,1.8,6.6,38.4,RUNNING,
2026-05-01T05:27:42Z,165.8,2194.1,2.4,1.8,6.6,38.2,RUNNING,
2026-05-01T05:27:43Z,165.3,2201.5,2.5,1.8,6.7,38.6,RUNNING,
2026-05-01T05:27:44Z,167.7,2204.8,2.4,1.8,6.7,38.7,RUNNING,
2026-05-01T05:27:45Z,169.6,2236.3,2.5,1.8,6.8,39.2,RUNNING,
2026-05-01T05:27:46Z,171.1,2265.2,2.4,1.8,6.9,39.4,RUNNING,
2026-05-01T05:27:47Z,174.7,2278.2,2.5,1.8,6.9,39.5,RUNNING,
2026-05-01T05:27:48Z,176.6,2303.0,2.6,1.8,7.0,40.1,RUNNING,
2026-05-01T05:27:49Z,174.6,2291.7,2.5,1.8,7.0,39.7,RUNNING,
2026-05-01T05:27:50Z,169.7,2249.6,2.4,1.8,6.8,39.4,RUNNING,
2026-05-01T05:27:51Z,172.6,2249.0,2.4,1.8,6.8,39.3,RUNNING,
2026-05-01T05:27:52Z,169.1,2227.4,2.4,1.8,6.8,39.2,RUNNING,
2026-05-01T05:27:53Z,171.3,2256.7,2.4,1.8,6.8,39.4,RUNNING,
2026-05-01T05:27:54Z,174.2,2264.7,2.4,1.8,6.9,39.4,RUNNING,
2026-05-01T05:27:55Z,173.0,2255.0,2.5,1.8,6.8,39.5,RUNNING,
2026-05-01T05:27:56Z,170.1,2255.2,2.4,1.8,6.8,39.4,RUNNING,
2026-05-01T05:27:57Z,174.4,2276.8,2.5,1.8,7.0,39.6,RUNNING,
2026-05-01T05:27:58Z,172.5,2254.0,2.4,1.8,6.9,39.5,RUNNING,
2026-05-01T05:27:59Z,174.5,2300.8,2.5,1.8,7.0,39.8,RUNNING,
2026-05-01T05:28:00Z,169.8,2247.0,2.4,1.8,6.7,39.2,RUNNING,
2026-05-01T05:28:01Z,171.3,2285.2,2.4,1.8,6.9,39.8,RUNNING,
2026-05-01T05:28:02Z,171.0,2271.4,2.5,1.8,6.9,39.3,RUNNING,
2026-05-01T05:28:03Z,169.8,2252.5,2.5,1.8,6.8,39.4,RUNNING,
2026-05-01T05:28:04Z,167.2,2228.3,2.4,1.8,6.7,38.9,RUNNING,
2026-05-01T05:28:05Z,170.5,2264.4,2.3,1.8,6.8,39.1,RUNNING,
2026-05-01T05:28:06Z,167.9,2224.5,2.4,1.8,6.7,38.9,RUNNING,
2026-05-01T05:28:07Z,166.7,2211.9,2.5,1.9,6.6,38.5,RUNNING,
2026-05-01T05:28:08Z,163.6,2210.1,2.3,1.8,6.6,38.6,RUNNING,
2026-05-01T05:28:09Z,164.3,2196.9,2.2,1.9,6.6,37.9,RUNNING,
2026-05-01T05:28:10Z,163.0,2161.8,2.2,1.9,6.4,37.9,RUNNING,
2026-05-01T05:28:11Z,160.6,2170.3,2.3,1.9,6.5,38.1,RUNNING,
2026-05-01T05:28:12Z,161.7,2156.1,2.3,1.9,6.4,38.0,RUNNING,
2026-05-01T05:28:13Z,162.0,2193.9,2.3,1.8,6.5,38.1,RUNNING,
2026-05-01T05:28:14Z,164.4,2187.0,2.3,1.8,6.5,38.1,RUNNING,
2026-05-01T05:28:15Z,161.6,2151.5,2.2,1.9,6.4,37.7,RUNNING,
2026-05-01T05:28:16Z,161.9,2152.7,2.3,1.9,6.4,37.8,RUNNING,
2026-05-01T05:28:17Z,159.5,2148.4,2.2,1.9,6.5,37.8,RUNNING,
2026-05-01T05:28:18Z,161.8,2127.5,2.3,1.9,6.5,37.8,RUNNING,
2026-05-01T05:28:19Z,156.9,2119.0,2.3,1.9,6.3,37.3,RUNNING,
2026-05-01T05:28:20Z,158.2,2129.7,2.1,1.9,6.4,37.3,RUNNING,
2026-05-01T05:28:21Z,159.5,2131.0,2.2,1.9,6.3,37.6,RUNNING,
2026-05-01T05:28:22Z,159.1,2140.5,2.1,1.9,6.4,37.4,RUNNING,
2026-05-01T05:28:23Z,160.6,2146.1,2.3,1.9,6.4,37.7,RUNNING,
2026-05-01T05:28:24Z,160.5,2135.7,2.2,2.0,6.4,37.4,RUNNING,
2026-05-01T05:28:25Z,157.2,2118.1,2.1,1.9,6.3,37.1,RUNNING,
2026-05-01T05:28:26Z,156.8,2117.1,2.2,1.9,6.3,37.2,RUNNING,
2026-05-01T05:28:27Z,160.0,2117.1,2.3,1.9,6.3,37.3,RUNNING,
2026-05-01T05:28:28Z,155.9,2114.5,2.3,1.9,6.2,37.4,RUNNING,
2026-05-01T05:28:29Z,160.8,2145.1,2.2,1.9,6.4,37.5,RUNNING,
2026-05-01T05:28:30Z,162.0,2160.6,2.1,1.9,6.4,37.5,RUNNING,
2026-05-01T05:28:31Z,161.9,2155.5,2.3,1.9,6.5,37.9,RUNNING,
2026-05-01T05:28:32Z,161.7,2163.9,2.2,1.9,6.4,37.9,RUNNING,
2026-05-01T05:28:33Z,161.4,2178.0,2.3,1.8,6.5,38.1,RUNNING,
2026-05-01T05:28:34Z,165.8,2207.1,2.4,1.8,6.7,38.7,RUNNING,
2026-05-01T05:28:35Z,168.1,2232.1,2.3,1.8,6.8,39.0,RUNNING,
2026-05-01T05:28:36Z,167.3,2219.3,2.3,1.8,6.7,38.7,RUNNING,
2026-05-01T05:28:37Z,170.2,2233.1,2.3,1.8,6.7,39.0,RUNNING,
2026-05-01T05:28:38Z,165.3,2190.9,2.4,1.9,6.5,38.3,RUNNING,
2026-05-01T05:28:39Z,166.8,2207.1,2.3,1.8,6.7,38.7,RUNNING,
2026-05-01T05:28:40Z,163.1,2186.5,2.3,1.8,6.5,38.1,RUNNING,
2026-05-01T05:28:41Z,161.3,2189.4,2.3,1.9,6.5,38.3,RUNNING,
2026-05-01T05:28:42Z,164.8,2197.0,2.4,1.9,6.6,38.5,RUNNING,
2026-05-01T05:28:43Z,164.0,2199.8,2.3,1.9,6.5,38.3,RUNNING,
2026-05-01T05:28:44Z,164.2,2169.0,2.4,1.9,6.5,38.0,RUNNING,
2026-05-01T05:28:45Z,159.7,2164.7,2.2,1.8,6.4,38.1,RUNNING,
2026-05-01T05:28:46Z,160.8,2165.3,2.2,1.9,6.5,37.9,RUNNING,
2026-05-01T05:28:47Z,160.7,2149.7,2.2,1.9,6.4,37.8,RUNNING,
2026-05-01T05:28:48Z,162.1,2146.4,2.2,1.9,6.5,37.9,RUNNING,
2026-05-01T05:28:49Z,159.0,2149.4,2.2,1.9,6.5,37.5,RUNNING,
2026-05-01T05:28:50Z,155.3,2127.1,2.2,1.9,6.4,37.2,RUNNING,
2026-05-01T05:28:51Z,158.1,2123.2,2.2,1.9,6.4,37.7,RUNNING,
2026-05-01T05:28:52Z,157.1,2137.1,2.3,1.9,6.4,37.3,RUNNING,
2026-05-01T05:28:53Z,154.6,2104.0,2.2,1.9,6.3,36.7,RUNNING,
2026-05-01T05:28:54Z,154.8,2087.2,2.2,1.9,6.2,36.4,RUNNING,
2026-05-01T05:28:55Z,154.1,2076.7,2.1,2.0,6.1,36.7,RUNNING,
2026-05-01T05:28:56Z,156.1,2088.0,2.2,2.0,6.2,36.8,RUNNING,
2026-05-01T05:28:57Z,153.6,2082.6,2.1,2.0,6.2,36.8,RUNNING,
2026-05-01T05:28:58Z,154.4,2098.7,2.2,2.0,6.2,36.8,RUNNING,
2026-05-01T05:28:59Z,156.5,2106.5,2.2,1.9,6.4,36.8,RUNNING,
2026-05-01T05:29:00Z,155.2,2100.0,2.3,1.9,6.2,37.0,RUNNING,
2026-05-01T05:29:01Z,157.9,2107.9,2.1,1.9,6.3,36.9,RUNNING,
2026-05-01T05:29:02Z,157.2,2085.6,2.2,1.9,6.2,36.8,RUNNING,
2026-05-01T05:29:03Z,153.0,2068.2,2.1,2.0,6.1,36.5,RUNNING,
2026-05-01T05:29:04Z,149.2,2046.6,2.2,2.0,5.9,36.3,RUNNING,
2026-05-01T05:29:05Z,149.1,2016.7,2.1,2.0,6.0,35.4,RUNNING,
2026-05-01T05:29:06Z,149.3,2031.0,2.1,2.0,6.0,36.0,RUNNING,
2026-05-01T05:29:07Z,152.1,2055.0,2.1,2.0,6.0,36.4,RUNNING,
2026-05-01T05:29:08Z,149.3,2045.7,2.0,2.0,6.0,36.3,RUNNING,
2026-05-01T05:29:09Z,151.9,2053.9,2.2,2.0,6.0,36.1,RUNNING,
2026-05-01T05:29:10Z,153.2,2077.3,2.2,2.0,6.1,36.5,RUNNING,
2026-05-01T05:29:11Z,156.5,2091.6,2.3,1.9,6.1,36.6,RUNNING,
2026-05-01T05:29:12Z,152.6,2085.3,2.1,2.0,6.2,36.7,RUNNING,
2026-05-01T05:29:13Z,156.7,2095.1,2.1,1.9,6.2,36.9,RUNNING,
2026-05-01T05:29:14Z,156.9,2112.0,2.2,2.0,6.2,37.0,RUNNING,
2026-05-01T05:29:15Z,158.1,2117.0,2.3,1.9,6.4,37.4,RUNNING,
2026-05-01T05:29:16Z,159.4,2147.5,2.3,1.9,6.5,37.7,RUNNING,
2026-05-01T05:29:17Z,160.1,2131.8,2.2,1.9,6.3,37.6,RUNNING,
2026-05-01T05:29:18Z,159.4,2146.9,2.4,1.9,6.5,37.6,RUNNING,
2026-05-01T05:29:19Z,162.0,2148.3,2.3,1.9,6.4,37.7,RUNNING,
2026-05-01T05:29:20Z,155.7,2116.0,2.2,1.9,6.2,36.9,RUNNING,
2026-05-01T05:29:21Z,158.5,2112.4,2.2,1.9,6.2,37.0,RUNNING,
2026-05-01T05:29:22Z,157.8,2128.4,2.2,1.9,6.3,37.3,RUNNING,
2026-05-01T05:29:23Z,157.4,2136.5,2.3,1.9,6.4,37.4,RUNNING,
2026-05-01T05:29:24Z,158.5,2120.0,2.1,1.9,6.3,37.3,RUNNING,
2026-05-01T05:29:25Z,151.9,2081.9,2.1,2.0,6.2,36.7,RUNNING,
2026-05-01T05:29:26Z,153.7,2080.0,2.2,2.0,6.1,36.8,RUNNING,
2026-05-01T05:29:27Z,153.2,2096.5,2.2,2.0,6.2,36.9,RUNNING,
2026-05-01T05:29:28Z,153.7,2080.8,2.1,2.0,6.3,36.9,RUNNING,
2026-05-01T05:29:29Z,157.9,2099.8,2.2,1.9,6.3,37.1,RUNNING,
2026-05-01T05:29:30Z,157.2,2122.4,2.3,1.9,6.3,37.2,RUNNING,
2026-05-01T05:29:31Z,158.4,2121.5,2.2,1.9,6.3,37.2,RUNNING,
2026-05-01T05:29:32Z,160.0,2134.8,2.3,1.9,6.4,37.3,RUNNING,
2026-05-01T05:29:33Z,157.6,2118.2,2.2,1.9,6.4,37.2,RUNNING,
2026-05-01T05:29:34Z,158.5,2123.6,2.2,1.9,6.2,36.9,RUNNING,
2026-05-01T05:29:35Z,155.5,2109.2,2.2,1.9,6.3,37.1,RUNNING,
2026-05-01T05:29:36Z,154.8,2093.0,2.3,1.9,6.2,36.7,RUNNING,
2026-05-01T05:29:37Z,156.0,2106.3,2.3,1.9,6.3,36.9,RUNNING,
2026-05-01T05:29:38Z,158.8,2129.0,2.3,1.9,6.3,37.4,RUNNING,
2026-05-01T05:29:39Z,155.1,2108.6,2.2,1.9,6.2,36.8,RUNNING,
2026-05-01T05:29:40Z,159.3,2149.2,2.2,1.9,6.3,37.7,RUNNING,
2026-05-01T05:29:41Z,159.2,2156.5,2.3,1.9,6.4,37.7,RUNNING,
2026-05-01T05:29:42Z,162.5,2168.3,2.3,1.8,6.5,38.2,RUNNING,
2026-05-01T05:29:43Z,164.4,2179.4,2.3,1.9,6.5,38.0,RUNNING,
2026-05-01T05:29:44Z,162.7,2173.6,2.2,1.9,6.5,37.8,RUNNING,
2026-05-01T05:29:45Z,161.5,2168.0,2.2,1.9,6.5,37.9,RUNNING,
2026-05-01T05:29:46Z,159.9,2143.4,2.1,1.9,6.4,37.6,RUNNING,
2026-05-01T05:29:47Z,163.6,2164.9,2.3,1.9,6.5,37.8,RUNNING,
2026-05-01T05:29:48Z,159.3,2145.5,2.3,1.9,6.4,37.5,RUNNING,
2026-05-01T05:29:49Z,157.0,2113.4,2.2,1.9,6.3,37.0,RUNNING,
2026-05-01T05:29:50Z,157.0,2103.2,2.2,1.9,6.3,37.1,RUNNING,
2026-05-01T05:29:51Z,154.1,2110.4,2.2,1.9,6.2,37.2,RUNNING,
2026-05-01T05:29:52Z,158.7,2121.0,2.3,1.9,6.3,37.3,RUNNING,
2026-05-01T05:29:53Z,154.1,2094.6,2.2,2.0,6.1,36.9,RUNNING,
2026-05-01T05:29:54Z,154.5,2120.2,2.3,1.9,6.1,37.4,FAULT,DRY_RUN
2026-05-01T05:29:55Z,153.0,2120.5,2.5,1.9,6.0,37.6,FAULT,DRY_RUN
2026-05-01T05:29:56Z,155.9,2155.3,2.4,1.9,6.1,38.3,FAULT,DRY_RUN
2026-05-01T05:29:57Z,152.0,2131.1,2.5,1.8,5.8,37.6,FAULT,DRY_RUN
2026-05-01T05:29:58Z,148.5,2117.3,2.5,1.8,5.7,38.1,FAULT,DRY_RUN
2026-05-01T05:29:59Z,147.1,2092.0,2.5,1.8,5.4,37.9,FAULT,DRY_RUN
2026-05-01T05:30:00Z,145.1,2112.6,2.6,1.8,5.4,38.2,FAULT,DRY_RUN
2026-05-01T05:30:01Z,140.8,2074.6,2.4,1.8,5.1,38.3,FAULT,DRY_RUN
2026-05-01T05:30:02Z,142.4,2081.2,2.7,1.8,5.1,38.7,FAULT,DRY_RUN
2026-05-01T05:30:03Z,140.2,2091.3,2.8,1.8,4.9,38.4,FAULT,DRY_RUN
2026-05-01T05:30:04Z,135.8,2081.2,2.8,1.8,4.7,38.7,FAULT,DRY_RUN
2026-05-01T05:30:05Z,131.6,2051.1,2.7,1.7,4.8,38.4,FAULT,DRY_RUN
2026-05-01T05:30:06Z,133.6,2054.0,2.7,1.7,4.5,39.0,FAULT,DRY_RUN
2026-05-01T05:30:07Z,127.2,2047.4,2.9,1.7,4.3,38.8,FAULT,DRY_RUN
2026-05-01T05:30:08Z,124.4,2018.7,2.8,1.7,4.1,38.4,FAULT,DRY_RUN
2026-05-01T05:30:09Z,127.8,2046.0,3.0,1.7,4.1,39.1,FAULT,DRY_RUN
2026-05-01T05:30:10Z,125.2,2031.8,3.0,1.6,3.9,39.1,FAULT,DRY_RUN
2026-05-01T05:30:11Z,122.3,2030.9,3.1,1.6,3.9,39.0,FAULT,DRY_RUN
2026-05-01T05:30:12Z,121.1,2044.7,3.0,1.6,3.8,39.6,FAULT,DRY_RUN
2026-05-01T05:30:13Z,122.3,2053.5,3.2,1.5,3.8,39.9,FAULT,DRY_RUN
2026-05-01T05:30:14Z,123.4,2055.3,3.3,1.6,3.6,40.2,FAULT,DRY_RUN
2026-05-01T05:30:15Z,120.0,2042.5,3.1,1.6,3.4,39.8,FAULT,DRY_RUN
2026-05-01T05:30:16Z,114.4,2031.7,3.4,1.6,3.2,39.7,FAULT,DRY_RUN
2026-05-01T05:30:17Z,110.3,2006.8,3.2,1.6,2.9,39.4,FAULT,DRY_RUN
2026-05-01T05:30:18Z,109.3,1992.5,3.3,1.6,3.0,39.5,FAULT,DRY_RUN
2026-05-01T05:30:19Z,104.2,1966.2,3.4,1.6,2.6,39.2,FAULT,DRY_RUN
2026-05-01T05:30:20Z,104.2,1968.4,3.2,1.6,2.6,39.6,FAULT,DRY_RUN
2026-05-01T05:30:21Z,106.1,1976.7,3.4,1.6,2.7,40.0,FAULT,DRY_RUN
2026-05-01T05:30:22Z,102.3,1976.7,3.3,1.5,2.5,39.7,FAULT,DRY_RUN
2026-05-01T05:30:23Z,107.3,2001.9,3.6,1.5,2.5,40.7,FAULT,DRY_RUN
2026-05-01T05:30:24Z,105.5,1985.2,3.7,1.5,2.2,40.2,FAULT,DRY_RUN
2026-05-01T05:30:25Z,96.9,1937.0,3.5,1.5,1.9,40.0,FAULT,DRY_RUN
2026-05-01T05:30:26Z,96.0,1927.5,3.6,1.5,2.0,40.6,FAULT,DRY_RUN
2026-05-01T05:30:27Z,94.6,1958.7,3.6,1.5,1.8,40.2,FAULT,DRY_RUN
2026-05-01T05:30:28Z,91.9,1935.1,3.5,1.5,1.7,40.4,FAULT,DRY_RUN
2026-05-01T05:30:29Z,86.0,1887.9,3.7,1.5,1.4,39.6,FAULT,DRY_RUN
2026-05-01T05:30:30Z,86.2,1899.5,3.8,1.5,1.4,39.7,FAULT,DRY_RUN
2026-05-01T05:30:31Z,85.2,1870.4,3.7,1.5,1.1,39.7,FAULT,DRY_RUN
2026-05-01T05:30:32Z,86.1,1908.8,3.7,1.5,1.1,40.1,FAULT,DRY_RUN
2026-05-01T05:30:33Z,78.8,1869.7,3.8,1.5,1.0,40.1,FAULT,DRY_RUN
2026-05-01T05:30:34Z,78.1,1887.3,3.9,1.5,1.0,40.5,FAULT,DRY_RUN
2026-05-01T05:30:35Z,75.4,1879.3,3.9,1.4,1.0,40.4,FAULT,DRY_RUN
2026-05-01T05:30:36Z,79.3,1901.3,3.9,1.4,0.9,41.2,FAULT,DRY_RUN
2026-05-01T05:30:37Z,79.2,1908.3,4.1,1.4,0.8,40.9,FAULT,DRY_RUN
2026-05-01T05:30:38Z,81.7,1917.6,4.0,1.4,0.7,41.1,FAULT,DRY_RUN
2026-05-01T05:30:39Z,74.4,1903.1,4.1,1.3,0.6,41.1,FAULT,DRY_RUN
2026-05-01T05:30:40Z,71.5,1883.6,4.1,1.4,0.4,41.1,FAULT,DRY_RUN
2026-05-01T05:30:41Z,71.7,1881.3,4.0,1.4,0.3,41.3,FAULT,DRY_RUN
2026-05-01T05:30:42Z,72.3,1877.5,4.1,1.4,0.4,41.3,FAULT,DRY_RUN
2026-05-01T05:30:43Z,70.3,1908.4,4.2,1.4,0.4,41.5,FAULT,DRY_RUN
2026-05-01T05:30:44Z,71.4,1910.3,4.2,1.3,0.3,42.2,FAULT,DRY_RUN
2026-05-01T05:30:45Z,74.9,1921.2,4.5,1.3,0.2,42.6,FAULT,DRY_RUN
2026-05-01T05:30:46Z,75.8,1941.2,4.4,1.2,0.4,42.7,FAULT,DRY_RUN
2026-05-01T05:30:47Z,73.7,1940.1,4.5,1.3,0.4,42.6,FAULT,DRY_RUN
2026-05-01T05:30:48Z,72.7,1945.2,4.6,1.2,0.2,43.2,FAULT,DRY_RUN
2026-05-01T05:30:49Z,71.6,1944.4,4.4,1.2,0.2,43.2,FAULT,DRY_RUN
2026-05-01T05:30:50Z,69.6,1967.9,4.6,1.1,0.1,43.6,FAULT,DRY_RUN
2026-05-01T05:30:51Z,70.0,1974.8,4.7,1.2,0.2,44.0,FAULT,DRY_RUN
2026-05-01T05:30:52Z,66.3,1978.0,4.6,1.2,0.0,43.9,FAULT,DRY_RUN
2026-05-01T05:30:53Z,68.9,1946.2,4.6,1.1,0.0,43.9,FAULT,DRY_RUN
2026-05-01T05:30:54Z,63.1,1962.9,4.8,1.1,0.0,43.7,FAULT,DRY_RUN
2026-05-01T05:30:55Z,64.8,1965.6,4.9,1.1,0.0,44.5,FAULT,DRY_RUN
2026-05-01T05:30:56Z,68.1,1975.8,4.8,1.1,0.0,44.6,FAULT,DRY_RUN
2026-05-01T05:30:57Z,67.2,2005.7,4.9,1.0,0.0,45.2,FAULT,DRY_RUN
2026-05-01T05:30:58Z,63.8,1980.6,5.0,1.1,0.0,45.1,FAULT,DRY_RUN
2026-05-01T05:30:59Z,64.4,1984.2,5.0,1.1,0.1,45.0,FAULT,DRY_RUN
2026-05-01T05:31:00Z,66.8,2037.8,4.9,1.0,0.0,45.9,FAULT,DRY_RUN
2026-05-01T05:31:01Z,67.2,2030.2,5.0,0.9,0.0,46.2,FAULT,DRY_RUN
2026-05-01T05:31:02Z,63.9,2030.4,5.0,1.0,0.0,46.2,FAULT,DRY_RUN
2026-05-01T05:31:03Z,64.7,2029.5,5.1,1.0,0.0,46.1,FAULT,DRY_RUN
2026-05-01T05:31:04Z,65.6,2002.1,4.8,1.0,0.1,45.6,FAULT,DRY_RUN
2026-05-01T05:31:05Z,59.7,1952.0,5.1,1.0,0.0,46.3,FAULT,DRY_RUN
2026-05-01T05:31:06Z,55.5,1998.3,5.1,1.0,0.2,45.5,FAULT,DRY_RUN
2026-05-01T05:31:07Z,54.3,1960.6,5.3,1.0,0.1,45.5,FAULT,DRY_RUN
2026-05-01T05:31:08Z,56.8,1966.3,5.1,1.0,0.0,45.1,FAULT,DRY_RUN
2026-05-01T05:31:09Z,54.8,1951.6,5.2,1.0,0.0,45.8,FAULT,DRY_RUN
2026-05-01T05:31:10Z,51.2,1965.9,5.1,0.9,0.0,45.9,FAULT,DRY_RUN
2026-05-01T05:31:11Z,50.0,1965.5,5.4,1.0,0.0,46.0,FAULT,DRY_RUN
2026-05-01T05:31:12Z,42.9,1924.0,5.2,0.9,0.0,45.6,FAULT,DRY_RUN
2026-05-01T05:31:13Z,46.4,1921.4,5.4,1.0,0.0,44.8,FAULT,DRY_RUN
2026-05-01T05:31:14Z,43.5,1915.5,5.1,0.9,0.1,45.4,FAULT,DRY_RUN
2026-05-01T05:31:15Z,33.6,1854.7,5.5,1.0,0.1,45.7,FAULT,DRY_RUN
2026-05-01T05:31:16Z,41.4,1865.6,5.2,0.9,0.0,44.6,FAULT,DRY_RUN
2026-05-01T05:31:17Z,33.2,1879.1,5.5,0.9,0.0,44.9,FAULT,DRY_RUN
2026-05-01T05:31:18Z,37.3,1868.8,5.3,1.0,0.1,45.4,FAULT,DRY_RUN
2026-05-01T05:31:19Z,33.7,1849.3,5.3,1.0,0.1,45.7,FAULT,DRY_RUN
2026-05-01T05:31:20Z,34.5,1850.3,5.4,0.9,0.0,45.2,FAULT,DRY_RUN
2026-05-01T05:31:21Z,36.6,1872.0,5.2,0.9,0.0,46.0,FAULT,DRY_RUN
2026-05-01T05:31:22Z,35.7,1864.2,5.5,0.8,0.0,46.0,FAULT,DRY_RUN
2026-05-01T05:31:23Z,36.0,1851.4,5.6,0.9,0.0,45.8,FAULT,DRY_RUN
2026-05-01T05:31:24Z,23.7,1800.0,5.5,1.0,0.0,45.4,FAULT,DRY_RUN
2026-05-01T05:31:25Z,34.1,1852.7,5.4,0.9,0.1,45.5,FAULT,DRY_RUN
2026-05-01T05:31:26Z,26.3,1863.2,5.4,0.9,0.0,45.7,FAULT,DRY_RUN
2026-05-01T05:31:27Z,24.7,1835.3,5.4,0.9,0.1,45.8,FAULT,DRY_RUN
2026-05-01T05:31:28Z,24.0,1830.0,5.4,0.8,0.2,45.6,FAULT,DRY_RUN
2026-05-01T05:31:29Z,21.5,1811.7,5.8,0.9,0.1,45.9,FAULT,DRY_RUN
2026-05-01T05:31:30Z,24.9,1845.1,5.4,0.8,0.0,45.9,FAULT,DRY_RUN
2026-05-01T05:31:31Z,22.4,1863.5,5.8,0.8,0.1,46.5,FAULT,DRY_RUN
2026-05-01T05:31:32Z,30.4,1862.9,5.6,0.8,0.2,46.3,FAULT,DRY_RUN
2026-05-01T05:31:33Z,27.5,1878.7,5.8,0.8,0.1,46.5,FAULT,DRY_RUN
2026-05-01T05:31:34Z,26.5,1865.5,5.7,0.8,0.1,47.2,FAULT,DRY_RUN
2026-05-01T05:31:35Z,27.6,1853.5,5.9,0.7,0.0,47.1,FAULT,DRY_RUN
2026-05-01T05:31:36Z,25.6,1873.7,5.9,0.8,0.2,47.4,FAULT,DRY_RUN
2026-05-01T05:31:37Z,24.8,1879.2,5.8,0.7,0.0,46.9,FAULT,DRY_RUN
2026-05-01T05:31:38Z,17.8,1849.8,5.8,0.8,0.0,46.9,FAULT,DRY_RUN
2026-05-01T05:31:39Z,20.6,1902.8,6.0,0.8,0.0,47.4,FAULT,DRY_RUN
2026-05-01T05:31:40Z,19.4,1820.5,6.0,0.7,0.1,46.9,FAULT,DRY_RUN
2026-05-01T05:31:41Z,18.6,1843.6,5.8,0.8,0.2,47.5,FAULT,DRY_RUN
2026-05-01T05:31:42Z,18.3,1865.0,5.8,0.7,0.0,47.4,FAULT,DRY_RUN
2026-05-01T05:31:43Z,23.9,1885.7,5.9,0.7,0.1,47.7,FAULT,DRY_RUN
2026-05-01T05:31:44Z,20.0,1910.4,6.1,0.6,0.3,48.5,FAULT,DRY_RUN
2026-05-01T05:31:45Z,14.3,1907.4,6.1,0.6,0.0,48.4,FAULT,DRY_RUN
2026-05-01T05:31:46Z,20.9,1943.2,5.9,0.6,0.0,48.9,FAULT,DRY_RUN
2026-05-01T05:31:47Z,19.8,1932.0,6.3,0.7,0.4,48.3,FAULT,DRY_RUN
2026-05-01T05:31:48Z,22.6,1949.8,6.5,0.6,0.0,49.1,FAULT,DRY_RUN
2026-05-01T05:31:49Z,22.2,1957.8,6.3,0.6,0.0,49.5,FAULT,DRY_RUN
2026-05-01T05:31:50Z,25.5,1960.1,6.3,0.6,0.0,49.2,FAULT,DRY_RUN
2026-05-01T05:31:51Z,21.3,1977.6,6.2,0.5,0.0,50.2,FAULT,DRY_RUN
2026-05-01T05:31:52Z,26.1,2005.7,6.4,0.5,0.0,50.6,FAULT,DRY_RUN
2026-05-01T05:31:53Z,23.3,1994.0,6.1,0.5,0.2,50.2,FAULT,DRY_RUN
2026-05-01T05:31:54Z,22.6,2001.3,6.4,0.5,0.0,49.8,FAULT,DRY_RUN
2026-05-01T05:31:55Z,25.0,2005.3,6.2,0.4,0.0,50.3,FAULT,DRY_RUN
2026-05-01T05:31:56Z,30.2,1988.8,6.6,0.6,0.0,50.7,FAULT,DRY_RUN
2026-05-01T05:31:57Z,20.6,1954.2,6.5,0.5,0.0,50.4,FAULT,DRY_RUN
2026-05-01T05:31:58Z,20.3,2013.0,6.5,0.4,0.0,50.5,FAULT,DRY_RUN
2026-05-01T05:31:59Z,17.8,1943.5,6.4,0.6,0.0,50.3,FAULT,DRY_RUN
2026-05-01T05:32:00Z,20.5,1981.3,6.6,0.5,0.0,50.4,FAULT,DRY_RUN
2026-05-01T05:32:01Z,14.3,1965.8,6.5,0.5,0.0,51.0,FAULT,DRY_RUN
2026-05-01T05:32:02Z,20.8,1982.3,6.4,0.5,0.0,50.9,FAULT,DRY_RUN
2026-05-01T05:32:03Z,8.8,1918.4,6.7,0.4,0.1,50.0,FAULT,DRY_RUN
2026-05-01T05:32:04Z,13.4,1956.3,6.7,0.4,0.1,50.3,FAULT,DRY_RUN
2026-05-01T05:32:05Z,9.2,1977.9,6.5,0.4,0.0,50.8,FAULT,DRY_RUN
2026-05-01T05:32:06Z,20.8,2009.5,6.5,0.5,0.0,51.3,FAULT,DRY_RUN
2026-05-01T05:32:07Z,18.7,2005.5,6.5,0.4,0.1,51.0,FAULT,DRY_RUN
2026-05-01T05:32:08Z,18.8,1989.4,6.8,0.3,0.0,51.4,FAULT,DRY_RUN
2026-05-01T05:32:09Z,22.2,2002.5,6.6,0.4,0.0,51.8,FAULT,DRY_RUN
2026-05-01T05:32:10Z,16.0,1976.2,6.7,0.3,0.0,51.3,FAULT,DRY_RUN
2026-05-01T05:32:11Z,22.9,2026.4,6.7,0.3,0.0,51.8,FAULT,DRY_RUN
2026-05-01T05:32:12Z,17.7,2020.8,6.5,0.4,0.0,51.6,FAULT,DRY_RUN
2026-05-01T05:32:13Z,19.2,2036.6,6.9,0.3,0.0,52.6,FAULT,DRY_RUN
2026-05-01T05:32:14Z,15.3,2034.4,7.0,0.3,0.0,52.1,FAULT,DRY_RUN
2026-05-01T05:32:15Z,12.5,2055.6,7.1,0.3,0.0,52.0,FAULT,DRY_RUN
2026-05-01T05:32:16Z,18.2,2025.2,7.0,0.3,0.0,51.8,FAULT,DRY_RUN
2026-05-01T05:32:17Z,4.2,1982.4,7.0,0.3,0.1,51.5,FAULT,DRY_RUN
2026-05-01T05:32:18Z,7.5,2007.7,7.0,0.3,0.1,52.5,FAULT,DRY_RUN
2026-05-01T05:32:19Z,13.3,1984.7,6.9,0.3,0.0,52.0,FAULT,DRY_RUN
2026-05-01T05:32:20Z,5.4,1930.0,7.0,0.4,0.0,51.8,FAULT,DRY_RUN
2026-05-01T05:32:21Z,1.7,1911.2,6.8,0.4,0.1,50.8,FAULT,DRY_RUN
2026-05-01T05:32:22Z,3.1,1944.7,7.0,0.4,0.0,51.0,FAULT,DRY_RUN
2026-05-01T05:32:23Z,5.6,1901.8,6.7,0.4,0.0,51.4,FAULT,DRY_RUN
2026-05-01T05:32:24Z,7.1,1952.8,6.7,0.3,0.0,51.9,FAULT,DRY_RUN
2026-05-01T05:32:25Z,9.6,1950.6,7.1,0.3,0.0,51.5,FAULT,DRY_RUN
2026-05-01T05:32:26Z,4.3,1936.6,7.1,0.3,0.0,51.6,FAULT,DRY_RUN
2026-05-01T05:32:27Z,0.7,1963.1,7.1,0.3,0.0,51.1,FAULT,DRY_RUN
2026-05-01T05:32:28Z,10.8,1992.4,7.0,0.3,0.1,52.5,FAULT,DRY_RUN
2026-05-01T05:32:29Z,9.0,1981.8,7.1,0.2,0.0,52.8,FAULT,DRY_RUN
2026-05-01T05:32:30Z,7.9,1944.6,6.9,0.2,0.0,53.1,FAULT,DRY_RUN
2026-05-01T05:32:31Z,1.3,1957.6,7.2,0.3,0.0,51.9,FAULT,DRY_RUN
2026-05-01T05:32:32Z,0.0,1985.7,7.3,0.2,0.0,53.0,FAULT,DRY_RUN
2026-05-01T05:32:33Z,0.2,1960.1,7.1,0.3,0.0,52.2,FAULT,DRY_RUN
2026-05-01T05:32:34Z,2.1,1949.3,7.0,0.2,0.0,52.7,FAULT,DRY_RUN
2026-05-01T05:32:35Z,3.8,1910.1,7.3,0.4,0.0,51.7,FAULT,DRY_RUN
2026-05-01T05:32:36Z,2.9,1909.6,7.0,0.2,0.1,52.0,FAULT,DRY_RUN
2026-05-01T05:32:37Z,0.0,1883.4,7.2,0.2,0.0,51.4,FAULT,DRY_RUN
2026-05-01T05:32:38Z,0.0,1872.2,7.0,0.3,0.0,50.9,FAULT,DRY_RUN
2026-05-01T05:32:39Z,0.7,1855.2,7.1,0.3,0.3,51.9,FAULT,DRY_RUN
2026-05-01T05:32:40Z,0.0,1862.5,7.0,0.3,0.1,51.2,FAULT,DRY_RUN
2026-05-01T05:32:41Z,2.4,1879.1,7.2,0.3,0.0,51.7,FAULT,DRY_RUN
2026-05-01T05:32:42Z,1.1,1928.6,7.1,0.3,0.0,52.4,FAULT,DRY_RUN
2026-05-01T05:32:43Z,1.4,1880.0,7.0,0.2,0.0,51.0,FAULT,DRY_RUN
2026-05-01T05:32:44Z,0.1,1839.7,7.1,0.3,0.2,51.3,FAULT,DRY_RUN
2026-05-01T05:32:45Z,3.0,1838.1,7.3,0.3,0.0,52.2,FAULT,DRY_RUN
2026-05-01T05:32:46Z,2.0,1879.6,7.3,0.2,0.0,52.0,FAULT,DRY_RUN
2026-05-01T05:32:47Z,4.4,1899.0,7.2,0.3,0.1,51.9,FAULT,DRY_RUN
2026-05-01T05:32:48Z,1.4,1929.4,7.3,0.4,0.0,52.0,FAULT,DRY_RUN
2026-05-01T05:32:49Z,0.0,1930.1,7.2,0.3,0.0,52.0,FAULT,DRY_RUN
2026-05-01T05:32:50Z,0.0,1908.7,7.2,0.2,0.0,52.5,FAULT,DRY_RUN
2026-05-01T05:32:51Z,3.2,1875.1,7.3,0.3,0.0,52.0,FAULT,DRY_RUN
2026-05-01T05:32:52Z,0.9,1864.6,7.4,0.3,0.1,52.6,FAULT,DRY_RUN
2026-05-01T05:32:53Z,6.4,1859.6,7.0,0.2,0.1,51.7,FAULT,DRY_RUN
2026-05-01T05:32:54Z,2.9,1843.4,7.3,0.3,0.0,52.1,FAULT,DRY_RUN
2026-05-01T05:32:55Z,0.0,1835.7,7.5,0.3,0.0,51.4,FAULT,DRY_RUN
2026-05-01T05:32:56Z,0.0,1857.9,7.4,0.3,0.0,51.6,FAULT,DRY_RUN
2026-05-01T05:32:57Z,0.8,1786.0,7.1,0.3,0.0,51.2,FAULT,DRY_RUN
2026-05-01T05:32:58Z,3.4,1812.3,7.3,0.4,0.0,51.4,FAULT,DRY_RUN
2026-05-01T05:32:59Z,0.5,1829.4,7.1,0.3,0.0,52.4,FAULT,DRY_RUN
2026-05-01T05:33:00Z,1.8,1832.8,7.3,0.2,0.1,51.8,FAULT,DRY_RUN
2026-05-01T05:33:01Z,0.0,1833.4,7.4,0.3,0.2,51.6,FAULT,DRY_RUN
2026-05-01T05:33:02Z,0.0,1827.7,7.6,0.3,0.1,52.3,FAULT,DRY_RUN
2026-05-01T05:33:03Z,3.5,1877.5,7.4,0.2,0.1,52.1,FAULT,DRY_RUN
2026-05-01T05:33:04Z,3.0,1846.8,7.3,0.4,0.0,51.9,FAULT,DRY_RUN
2026-05-01T05:33:05Z,0.5,1846.9,7.4,0.2,0.0,51.6,FAULT,DRY_RUN
2026-05-01T05:33:06Z,0.0,1869.1,7.5,0.1,0.2,53.0,FAULT,DRY_RUN
2026-05-01T05:33:07Z,0.0,1889.4,7.7,0.2,0.0,52.5,FAULT,DRY_RUN
2026-05-01T05:33:08Z,0.0,1892.9,7.4,0.1,0.0,52.1,FAULT,DRY_RUN
2026-05-01T05:33:09Z,0.0,1864.6,7.3,0.2,0.1,52.1,FAULT,DRY_RUN
2026-05-01T05:33:10Z,5.8,1818.6,7.3,0.2,0.0,51.3,FAULT,DRY_RUN
2026-05-01T05:33:11Z,0.0,1805.5,7.6,0.1,0.1,51.0,FAULT,DRY_RUN
2026-05-01T05:33:12Z,0.0,1819.3,7.3,0.2,0.0,52.3,FAULT,DRY_RUN
2026-05-01T05:33:13Z,0.0,1803.0,7.5,0.2,0.0,52.3,FAULT,DRY_RUN
2026-05-01T05:33:14Z,1.8,1816.5,7.3,0.3,0.1,52.4,FAULT,DRY_RUN
2026-05-01T05:33:15Z,0.0,1766.9,7.1,0.3,0.0,51.7,FAULT,DRY_RUN
2026-05-01T05:33:16Z,0.0,1801.3,7.4,0.1,0.0,52.0,FAULT,DRY_RUN
2026-05-01T05:33:17Z,0.0,1789.2,7.2,0.2,0.0,51.8,FAULT,DRY_RUN
2026-05-01T05:33:18Z,3.6,1755.3,7.2,0.2,0.0,51.3,FAULT,DRY_RUN
2026-05-01T05:33:19Z,0.0,1788.7,7.6,0.2,0.0,51.8,FAULT,DRY_RUN
2026-05-01T05:33:20Z,0.0,1783.6,7.5,0.3,0.0,51.7,FAULT,DRY_RUN
2026-05-01T05:33:21Z,0.0,1768.1,7.4,0.2,0.0,51.8,FAULT,DRY_RUN
2026-05-01T05:33:22Z,0.0,1770.2,7.5,0.3,0.2,51.1,FAULT,DRY_RUN
2026-05-01T05:33:23Z,0.3,1765.5,7.2,0.2,0.0,51.9,FAULT,DRY_RUN
2026-05-01T05:33:24Z,0.2,1755.2,7.3,0.1,0.2,51.3,FAULT,DRY_RUN
2026-05-01T05:33:25Z,5.6,1777.1,7.5,0.3,0.0,52.1,FAULT,DRY_RUN
2026-05-01T05:33:26Z,0.0,1797.9,7.3,0.3,0.0,51.9,FAULT,DRY_RUN
2026-05-01T05:33:27Z,0.0,1735.2,7.7,0.2,0.0,51.8,FAULT,DRY_RUN
2026-05-01T05:33:28Z,0.0,1725.8,7.4,0.3,0.0,51.4,FAULT,DRY_RUN
2026-05-01T05:33:29Z,0.0,1721.0,7.5,0.2,0.1,51.0,FAULT,DRY_RUN
2026-05-01T05:33:30Z,0.0,1740.2,7.2,0.3,0.0,50.6,FAULT,DRY_RUN
2026-05-01T05:33:31Z,0.0,1763.5,7.6,0.3,0.0,51.1,FAULT,DRY_RUN
2026-05-01T05:33:32Z,0.0,1690.6,7.4,0.2,0.0,51.5,FAULT,DRY_RUN
2026-05-01T05:33:33Z,0.0,1699.4,7.6,0.2,0.0,51.2,FAULT,DRY_RUN
2026-05-01T05:33:34Z,0.0,1719.0,7.6,0.2,0.1,50.5,FAULT,DRY_RUN
2026-05-01T05:33:35Z,0.2,1707.8,7.1,0.4,0.0,51.3,FAULT,DRY_RUN
2026-05-01T05:33:36Z,5.0,1677.6,7.3,0.3,0.1,50.7,FAULT,DRY_RUN
2026-05-01T05:33:37Z,0.0,1654.5,7.1,0.3,0.2,50.5,FAULT,DRY_RUN
2026-05-01T05:33:38Z,1.2,1652.3,7.5,0.3,0.0,49.9,FAULT,DRY_RUN
2026-05-01T05:33:39Z,7.0,1677.3,7.4,0.2,0.1,50.5,FAULT,DRY_RUN
2026-05-01T05:33:40Z,0.0,1710.1,7.6,0.2,0.0,50.8,FAULT,DRY_RUN
2026-05-01T05:33:41Z,8.7,1694.9,7.4,0.3,0.0,51.4,FAULT,DRY_RUN
2026-05-01T05:33:42Z,1.2,1692.1,7.4,0.2,0.0,50.6,FAULT,DRY_RUN
2026-05-01T05:33:43Z,0.0,1711.6,7.5,0.3,0.3,51.0,FAULT,DRY_RUN
2026-05-01T05:33:44Z,3.0,1688.9,7.5,0.2,0.1,50.8,FAULT,DRY_RUN
2026-05-01T05:33:45Z,0.0,1709.5,7.6,0.3,0.3,51.0,FAULT,DRY_RUN
2026-05-01T05:33:46Z,0.0,1694.0,7.9,0.3,0.0,50.7,FAULT,DRY_RUN
2026-05-01T05:33:47Z,0.0,1672.7,7.3,0.2,0.0,51.4,FAULT,DRY_RUN
2026-05-01T05:33:48Z,1.8,1670.9,7.3,0.2,0.0,50.6,FAULT,DRY_RUN
2026-05-01T05:33:49Z,0.0,1730.0,7.3,0.3,0.2,51.3,FAULT,DRY_RUN
2026-05-01T05:33:50Z,0.0,1710.9,7.4,0.2,0.0,51.7,FAULT,DRY_RUN
2026-05-01T05:33:51Z,4.1,1710.8,7.6,0.2,0.0,50.4,FAULT,DRY_RUN
2026-05-01T05:33:52Z,2.0,1711.7,7.8,0.3,0.1,51.4,FAULT,DRY_RUN
2026-05-01T05:33:53Z,3.9,1717.2,7.5,0.2,0.3,51.4,FAULT,DRY_RUN
2026-05-01T05:33:54Z,1.8,1686.2,7.5,0.2,0.0,51.2,FAULT,DRY_RUN
2026-05-01T05:33:55Z,0.0,1653.7,7.4,0.3,0.0,50.5,FAULT,DRY_RUN
2026-05-01T05:33:56Z,0.0,1666.5,7.7,0.2,0.2,50.4,FAULT,DRY_RUN
2026-05-01T05:33:57Z,5.5,1682.7,7.2,0.3,0.0,50.8,FAULT,DRY_RUN
2026-05-01T05:33:58Z,0.0,1657.9,7.8,0.3,0.1,50.7,FAULT,DRY_RUN
2026-05-01T05:33:59Z,0.0,1639.6,7.2,0.3,0.0,50.5,FAULT,DRY_RUN
2026-05-01T05:34:00Z,0.0,1639.2,7.6,0.2,0.0,50.8,FAULT,DRY_RUN
2026-05-01T05:34:01Z,0.0,1668.7,7.6,0.3,0.0,50.5,FAULT,DRY_RUN
2026-05-01T05:34:02Z,1.7,1616.9,7.4,0.2,0.0,50.5,FAULT,DRY_RUN
2026-05-01T05:34:03Z,0.0,1603.2,7.6,0.3,0.0,50.4,FAULT,DRY_RUN
2026-05-01T05:34:04Z,0.7,1582.7,7.4,0.2,0.0,50.7,FAULT,DRY_RUN
2026-05-01T05:34:05Z,0.0,1636.1,7.4,0.3,0.1,50.4,FAULT,DRY_RUN
2026-05-01T05:34:06Z,4.2,1643.4,7.3,0.3,0.0,50.7,FAULT,DRY_RUN
2026-05-01T05:34:07Z,0.0,1597.3,7.3,0.2,0.0,49.3,FAULT,DRY_RUN
2026-05-01T05:34:08Z,1.8,1608.4,7.5,0.3,0.3,50.0,FAULT,DRY_RUN
2026-05-01T05:34:09Z,0.0,1629.6,7.5,0.3,0.0,50.9,FAULT,DRY_RUN
2026-05-01T05:34:10Z,0.0,1631.6,7.5,0.2,0.0,50.5,FAULT,DRY_RUN
2026-05-01T05:34:11Z,6.5,1605.5,7.4,0.3,0.1,49.5,FAULT,DRY_RUN
2026-05-01T05:34:12Z,0.0,1628.3,7.5,0.2,0.0,50.6,FAULT,DRY_RUN
2026-05-01T05:34:13Z,0.0,1598.7,7.3,0.2,0.0,49.9,FAULT,DRY_RUN
2026-05-01T05:34:14Z,0.0,1605.6,7.7,0.3,0.0,49.7,FAULT,DRY_RUN
2026-05-01T05:34:15Z,0.0,1612.0,7.3,0.3,0.3,49.2,FAULT,DRY_RUN
2026-05-01T05:34:16Z,0.0,1516.6,7.3,0.4,0.0,48.4,FAULT,DRY_RUN
2026-05-01T05:34:17Z,0.0,1581.5,7.2,0.2,0.0,49.4,FAULT,DRY_RUN
2026-05-01T05:34:18Z,0.0,1544.3,7.3,0.3,0.0,49.1,FAULT,DRY_RUN
2026-05-01T05:34:19Z,0.0,1540.5,7.1,0.3,0.2,49.1,FAULT,DRY_RUN
2026-05-01T05:34:20Z,0.0,1509.3,7.3,0.4,0.2,48.2,FAULT,DRY_RUN
2026-05-01T05:34:21Z,0.0,1523.2,7.7,0.4,0.0,48.7,FAULT,DRY_RUN
2026-05-01T05:34:22Z,0.0,1549.5,7.6,0.4,0.1,49.4,FAULT,DRY_RUN
2026-05-01T05:34:23Z,1.6,1544.5,7.4,0.4,0.1,48.8,FAULT,DRY_RUN
2026-05-01T05:34:24Z,5.2,1545.0,7.1,0.2,0.1,48.9,FAULT,DRY_RUN
2026-05-01T05:34:25Z,1.2,1559.1,7.7,0.4,0.0,49.7,FAULT,DRY_RUN
2026-05-01T05:34:26Z,0.0,1549.2,7.3,0.4,0.1,49.2,FAULT,DRY_RUN
2026-05-01T05:34:27Z,0.0,1537.1,7.5,0.4,0.1,49.9,FAULT,DRY_RUN
2026-05-01T05:34:28Z,1.2,1530.5,7.7,0.3,0.0,50.0,FAULT,DRY_RUN
2026-05-01T05:34:29Z,0.6,1522.3,7.4,0.4,0.2,48.3,FAULT,DRY_RUN
2026-05-01T05:34:30Z,3.0,1548.9,7.3,0.3,0.1,49.3,FAULT,DRY_RUN
2026-05-01T05:34:31Z,0.0,1560.0,7.4,0.4,0.1,48.7,FAULT,DRY_RUN
2026-05-01T05:34:32Z,5.0,1546.5,7.2,0.3,0.0,50.1,FAULT,DRY_RUN
2026-05-01T05:34:33Z,0.0,1537.6,7.2,0.3,0.0,49.1,FAULT,DRY_RUN
2026-05-01T05:34:34Z,0.0,1578.4,7.5,0.2,0.1,48.6,FAULT,DRY_RUN
2026-05-01T05:34:35Z,6.2,1519.1,7.3,0.4,0.0,48.3,FAULT,DRY_RUN
2026-05-01T05:34:36Z,2.6,1563.5,7.3,0.3,0.3,50.2,FAULT,DRY_RUN
2026-05-01T05:34:37Z,0.0,1552.0,7.3,0.3,0.0,50.0,FAULT,DRY_RUN
2026-05-01T05:34:38Z,94.5,1456.7,1.2,2.6,3.7,27.1,RUNNING,
2026-05-01T05:34:39Z,96.2,1468.9,1.3,2.5,3.9,27.6,RUNNING,
2026-05-01T05:34:40Z,96.6,1469.1,1.2,2.5,3.8,27.3,RUNNING,
2026-05-01T05:34:41Z,98.3,1472.6,1.2,2.5,3.9,27.3,RUNNING,
2026-05-01T05:34:42Z,97.5,1487.9,1.2,2.6,3.9,27.4,RUNNING,
2026-05-01T05:34:43Z,97.0,1483.3,1.2,2.5,3.9,27.7,RUNNING,
2026-05-01T05:34:44Z,98.1,1521.8,1.4,2.5,4.0,28.0,RUNNING,
2026-05-01T05:34:45Z,103.0,1524.7,1.2,2.5,4.0,27.9,RUNNING,
2026-05-01T05:34:46Z,97.9,1511.0,1.2,2.5,3.9,27.9,RUNNING,
2026-05-01T05:34:47Z,98.4,1516.5,1.4,2.5,4.0,27.8,RUNNING,
2026-05-01T05:34:48Z,98.4,1525.6,1.4,2.5,3.9,27.8,RUNNING,
2026-05-01T05:34:49Z,96.1,1499.4,1.3,2.5,3.9,27.6,RUNNING,
2026-05-01T05:34:50Z,94.7,1477.5,1.2,2.5,3.8,27.3,RUNNING,
2026-05-01T05:34:51Z,98.9,1492.9,1.3,2.5,3.8,27.6,RUNNING,
2026-05-01T05:34:52Z,94.6,1479.3,1.2,2.5,3.9,27.5,RUNNING,
2026-05-01T05:34:53Z,96.1,1496.5,1.3,2.5,3.9,27.5,RUNNING,
2026-05-01T05:34:54Z,96.5,1457.1,1.1,2.6,3.8,27.1,RUNNING,
2026-05-01T05:34:55Z,93.3,1452.1,1.2,2.6,3.7,26.9,RUNNING,
2026-05-01T05:34:56Z,95.6,1469.0,1.3,2.5,3.8,27.7,RUNNING,
2026-05-01T05:34:57Z,94.4,1495.5,1.3,2.5,3.9,27.6,RUNNING,
2026-05-01T05:34:58Z,97.2,1494.0,1.3,2.5,3.9,28.0,RUNNING,
2026-05-01T05:34:59Z,98.9,1489.2,1.2,2.5,3.8,27.4,RUNNING,
2026-05-01T05:35:00Z,99.4,1515.4,1.3,2.5,4.0,28.1,RUNNING,
2026-05-01T05:35:01Z,98.2,1525.3,1.3,2.5,3.9,28.1,RUNNING,
2026-05-01T05:35:02Z,95.4,1488.0,1.3,2.5,4.0,27.6,RUNNING,
2026-05-01T05:35:03Z,99.0,1523.5,1.4,2.5,4.0,28.0,RUNNING,
2026-05-01T05:35:04Z,101.4,1539.5,1.3,2.5,4.0,28.1,RUNNING,
2026-05-01T05:35:05Z,101.5,1507.0,1.2,2.5,4.1,28.0,RUNNING,
2026-05-01T05:35:06Z,99.7,1523.8,1.3,2.5,4.1,28.2,RUNNING,
2026-05-01T05:35:07Z,100.1,1518.0,1.3,2.5,4.1,27.9,RUNNING,
2026-05-01T05:35:08Z,101.4,1526.0,1.4,2.5,4.0,28.3,RUNNING,
2026-05-01T05:35:09Z,103.6,1545.9,1.4,2.5,4.2,28.6,RUNNING,
2026-05-01T05:35:10Z,105.2,1559.4,1.4,2.5,4.2,28.6,RUNNING,
2026-05-01T05:35:11Z,101.8,1550.7,1.4,2.5,4.1,28.8,RUNNING,
2026-05-01T05:35:12Z,104.1,1577.2,1.4,2.4,4.3,29.0,RUNNING,
2026-05-01T05:35:13Z,106.8,1591.1,1.4,2.4,4.3,29.3,RUNNING,
2026-05-01T05:35:14Z,107.3,1620.7,1.5,2.4,4.4,29.5,RUNNING,
2026-05-01T05:35:15Z,104.2,1567.3,1.4,2.4,4.3,29.3,RUNNING,
2026-05-01T05:35:16Z,104.0,1574.8,1.4,2.4,4.2,28.9,RUNNING,
2026-05-01T05:35:17Z,105.7,1590.9,1.5,2.4,4.3,28.7,RUNNING,
2026-05-01T05:35:18Z,102.4,1560.0,1.4,2.4,4.2,28.9,RUNNING,
2026-05-01T05:35:19Z,103.6,1584.7,1.4,2.4,4.3,28.7,RUNNING,
2026-05-01T05:35:20Z,106.5,1578.7,1.4,2.4,4.2,28.8,RUNNING,
2026-05-01T05:35:21Z,107.6,1589.5,1.4,2.4,4.3,29.3,RUNNING,
2026-05-01T05:35:22Z,106.5,1572.0,1.3,2.5,4.3,29.0,RUNNING,
2026-05-01T05:35:23Z,101.6,1552.0,1.4,2.5,4.1,28.4,RUNNING,
2026-05-01T05:35:24Z,104.7,1544.5,1.4,2.5,4.1,28.4,RUNNING,
2026-05-01T05:35:25Z,105.5,1581.6,1.3,2.5,4.2,29.0,RUNNING,
2026-05-01T05:35:26Z,106.0,1574.9,1.3,2.5,4.2,28.7,RUNNING,
2026-05-01T05:35:27Z,106.5,1586.1,1.4,2.5,4.2,29.3,RUNNING,
2026-05-01T05:35:28Z,103.1,1566.6,1.4,2.5,4.2,28.6,RUNNING,
2026-05-01T05:35:29Z,102.4,1558.6,1.4,2.5,4.1,28.3,RUNNING,
2026-05-01T05:35:30Z,102.0,1526.2,1.4,2.5,4.1,28.1,RUNNING,
2026-05-01T05:35:31Z,100.5,1518.5,1.3,2.5,4.0,28.3,RUNNING,
2026-05-01T05:35:32Z,100.5,1537.0,1.3,2.5,4.0,28.2,RUNNING,
2026-05-01T05:35:33Z,99.5,1528.6,1.2,2.5,4.0,28.0,RUNNING,
2026-05-01T05:35:34Z,101.9,1521.1,1.4,2.5,4.0,28.4,RUNNING,
2026-05-01T05:35:35Z,101.2,1562.4,1.4,2.5,4.1,28.7,RUNNING,
2026-05-01T05:35:36Z,106.6,1567.1,1.4,2.5,4.3,28.7,RUNNING,
2026-05-01T05:35:37Z,101.9,1547.6,1.4,2.5,4.1,28.7,RUNNING,
2026-05-01T05:35:38Z,104.0,1539.6,1.3,2.5,4.2,28.5,RUNNING,
2026-05-01T05:35:39Z,104.2,1562.8,1.3,2.5,4.2,28.8,RUNNING,
2026-05-01T05:35:40Z,101.0,1546.4,1.3,2.5,4.1,28.3,RUNNING,
2026-05-01T05:35:41Z,103.3,1545.4,1.3,2.5,4.1,28.3,RUNNING,
2026-05-01T05:35:42Z,99.6,1528.5,1.2,2.5,4.0,28.1,RUNNING,
2026-05-01T05:35:43Z,98.0,1504.0,1.2,2.5,3.9,27.4,RUNNING,
2026-05-01T05:35:44Z,95.8,1480.5,1.3,2.5,3.8,27.4,RUNNING,
2026-05-01T05:35:45Z,98.5,1500.1,1.2,2.6,3.9,27.5,RUNNING,
2026-05-01T05:35:46Z,100.0,1515.0,1.3,2.5,3.9,27.8,RUNNING,
2026-05-01T05:35:47Z,98.4,1526.9,1.3,2.5,4.1,28.1,RUNNING,
2026-05-01T05:35:48Z,104.5,1559.1,1.3,2.5,4.1,28.6,RUNNING,
2026-05-01T05:35:49Z,104.1,1553.1,1.3,2.5,4.2,28.5,RUNNING,
2026-05-01T05:35:50Z,104.0,1546.5,1.4,2.5,4.1,28.3,RUNNING,
2026-05-01T05:35:51Z,104.6,1544.8,1.3,2.5,4.1,28.5,RUNNING,
2026-05-01T05:35:52Z,104.7,1573.6,1.5,2.4,4.3,28.9,RUNNING,
2026-05-01T05:35:53Z,107.8,1556.1,1.4,2.5,4.2,28.7,RUNNING,
2026-05-01T05:35:54Z,102.2,1535.7,1.3,2.5,4.0,28.4,RUNNING,
2026-05-01T05:35:55Z,103.4,1540.9,1.3,2.5,4.0,28.4,RUNNING,
2026-05-01T05:35:56Z,100.4,1528.3,1.3,2.5,4.1,27.9,RUNNING,
2026-05-01T05:35:57Z,102.6,1534.5,1.3,2.5,4.0,28.4,RUNNING,
2026-05-01T05:35:58Z,104.5,1581.2,1.4,2.4,4.2,29.0,RUNNING,
2026-05-01T05:35:59Z,105.8,1557.1,1.4,2.4,4.2,28.7,RUNNING,
2026-05-01T05:36:00Z,101.7,1545.9,1.3,2.5,4.2,28.4,RUNNING,
2026-05-01T05:36:01Z,102.7,1548.0,1.3,2.5,4.1,28.3,RUNNING,
2026-05-01T05:36:02Z,107.2,1599.0,1.4,2.4,4.3,28.9,RUNNING,
2026-05-01T05:36:03Z,105.0,1561.0,1.4,2.4,4.3,28.6,RUNNING,
2026-05-01T05:36:04Z,102.2,1529.5,1.3,2.5,4.0,28.2,RUNNING,
2026-05-01T05:36:05Z,101.2,1541.5,1.2,2.5,4.1,28.3,RUNNING,
2026-05-01T05:36:06Z,100.8,1541.0,1.4,2.5,4.1,28.1,RUNNING,
2026-05-01T05:36:07Z,101.4,1540.3,1.4,2.5,3.9,28.5,RUNNING,
2026-05-01T05:36:08Z,103.3,1544.1,1.3,2.5,4.1,28.4,RUNNING,
2026-05-01T05:36:09Z,102.5,1551.1,1.3,2.5,4.1,28.5,RUNNING,
2026-05-01T05:36:10Z,104.7,1555.9,1.3,2.4,4.2,28.5,RUNNING,
2026-05-01T05:36:11Z,102.4,1551.9,1.3,2.4,4.1,28.5,RUNNING,
2026-05-01T05:36:12Z,103.2,1548.5,1.3,2.4,4.1,28.3,RUNNING,
2026-05-01T05:36:13Z,105.8,1556.0,1.3,2.4,4.2,29.0,RUNNING,
2026-05-01T05:36:14Z,104.7,1588.0,1.4,2.4,4.3,29.2,RUNNING,
2026-05-01T05:36:15Z,107.9,1586.0,1.5,2.5,4.2,29.0,RUNNING,
2026-05-01T05:36:16Z,107.0,1590.2,1.4,2.5,4.2,29.0,RUNNING,
2026-05-01T05:36:17Z,110.5,1622.0,1.4,2.4,4.3,29.7,RUNNING,
2026-05-01T05:36:18Z,107.5,1600.3,1.4,2.4,4.2,29.4,RUNNING,
2026-05-01T05:36:19Z,108.8,1615.2,1.4,2.4,4.3,29.4,RUNNING,
2026-05-01T05:36:20Z,107.3,1619.8,1.4,2.5,4.5,29.5,RUNNING,
2026-05-01T05:36:21Z,111.4,1648.4,1.5,2.4,4.5,30.0,RUNNING,
2026-05-01T05:36:22Z,113.5,1637.5,1.5,2.4,4.5,29.9,RUNNING,
2026-05-01T05:36:23Z,114.3,1654.6,1.5,2.4,4.5,30.0,RUNNING,
2026-05-01T05:36:24Z,111.4,1641.5,1.5,2.4,4.4,29.9,RUNNING,
2026-05-01T05:36:25Z,114.3,1657.5,1.6,2.4,4.6,30.1,RUNNING,
2026-05-01T05:36:26Z,110.9,1654.3,1.5,2.4,4.5,29.9,RUNNING,
2026-05-01T05:36:27Z,110.7,1630.0,1.4,2.4,4.4,29.5,RUNNING,
2026-05-01T05:36:28Z,108.0,1605.7,1.3,2.4,4.3,29.1,RUNNING,
2026-05-01T05:36:29Z,110.3,1620.4,1.4,2.4,4.4,29.4,RUNNING,
2026-05-01T05:36:30Z,108.7,1601.2,1.5,2.4,4.4,29.2,RUNNING,
2026-05-01T05:36:31Z,107.5,1632.7,1.5,2.4,4.4,29.7,RUNNING,
2026-05-01T05:36:32Z,108.4,1621.9,1.4,2.4,4.4,29.4,RUNNING,
2026-05-01T05:36:33Z,111.2,1623.4,1.4,2.4,4.4,29.7,RUNNING,
2026-05-01T05:36:34Z,113.0,1641.6,1.4,2.4,4.5,29.6,RUNNING,
2026-05-01T05:36:35Z,111.5,1637.0,1.5,2.4,4.4,30.1,RUNNING,
2026-05-01T05:36:36Z,113.5,1655.0,1.5,2.4,4.5,29.9,RUNNING,
2026-05-01T05:36:37Z,114.0,1651.9,1.4,2.4,4.5,30.3,RUNNING,
2026-05-01T05:36:38Z,111.5,1629.5,1.5,2.4,4.5,30.0,RUNNING,
2026-05-01T05:36:39Z,112.0,1635.0,1.5,2.4,4.5,29.7,RUNNING,
2026-05-01T05:36:40Z,112.2,1641.2,1.5,2.4,4.5,29.8,RUNNING,
2026-05-01T05:36:41Z,110.1,1631.5,1.5,2.4,4.4,29.7,RUNNING,
2026-05-01T05:36:42Z,110.7,1626.8,1.5,2.4,4.4,29.9,RUNNING,
2026-05-01T05:36:43Z,113.6,1660.5,1.5,2.3,4.5,30.2,RUNNING,
2026-05-01T05:36:44Z,114.0,1670.1,1.5,2.3,4.7,30.4,RUNNING,
2026-05-01T05:36:45Z,115.4,1702.2,1.6,2.3,4.7,30.6,RUNNING,
2026-05-01T05:36:46Z,116.3,1696.4,1.4,2.3,4.7,31.0,RUNNING,
2026-05-01T05:36:47Z,120.3,1739.1,1.6,2.3,5.0,31.1,RUNNING,
2026-05-01T05:36:48Z,125.1,1766.2,1.6,2.3,4.8,31.8,RUNNING,
2026-05-01T05:36:49Z,121.9,1733.5,1.7,2.3,4.8,31.3,RUNNING,
2026-05-01T05:36:50Z,122.7,1729.1,1.6,2.3,4.9,31.0,RUNNING,
2026-05-01T05:36:51Z,119.8,1731.8,1.6,2.3,4.9,31.1,RUNNING,
2026-05-01T05:36:52Z,121.4,1755.9,1.7,2.3,4.8,31.4,RUNNING,
2026-05-01T05:36:53Z,122.3,1748.1,1.6,2.3,4.9,31.4,RUNNING,
2026-05-01T05:36:54Z,125.7,1786.6,1.7,2.3,5.0,32.3,RUNNING,
2026-05-01T05:36:55Z,124.9,1803.1,1.7,2.2,5.1,32.2,RUNNING,
2026-05-01T05:36:56Z,127.0,1801.1,1.8,2.2,5.1,32.5,RUNNING,
2026-05-01T05:36:57Z,126.2,1800.8,1.8,2.2,5.1,32.4,RUNNING,
2026-05-01T05:36:58Z,126.5,1797.2,1.7,2.2,5.0,32.4,RUNNING,
2026-05-01T05:36:59Z,124.6,1785.9,1.7,2.3,5.0,31.9,RUNNING,
2026-05-01T05:37:00Z,125.6,1780.9,1.6,2.2,5.0,32.1,RUNNING,
2026-05-01T05:37:01Z,127.4,1812.8,1.6,2.2,5.1,32.1,RUNNING,
2026-05-01T05:37:02Z,128.9,1815.8,1.8,2.2,5.1,32.6,RUNNING,
2026-05-01T05:37:03Z,126.4,1802.7,1.8,2.2,5.1,32.4,RUNNING,
2026-05-01T05:37:04Z,124.5,1793.2,1.7,2.2,5.1,32.2,RUNNING,
2026-05-01T05:37:05Z,124.7,1783.8,1.7,2.3,4.9,31.9,RUNNING,
2026-05-01T05:37:06Z,121.5,1735.4,1.6,2.3,4.8,31.4,RUNNING,
2026-05-01T05:37:07Z,125.6,1784.9,1.8,2.3,5.0,31.9,RUNNING,
2026-05-01T05:37:08Z,127.7,1804.0,1.8,2.2,5.1,32.2,RUNNING,
2026-05-01T05:37:09Z,127.5,1814.8,1.8,2.2,5.1,32.2,RUNNING,
2026-05-01T05:37:10Z,131.3,1834.6,1.8,2.2,5.1,32.5,RUNNING,
2026-05-01T05:37:11Z,126.0,1801.8,1.7,2.2,5.0,32.2,RUNNING,
2026-05-01T05:37:12Z,125.1,1773.1,1.8,2.3,5.0,32.0,RUNNING,
2026-05-01T05:37:13Z,124.0,1752.0,1.6,2.3,4.9,31.6,RUNNING,
2026-05-01T05:37:14Z,122.8,1750.5,1.7,2.3,4.9,31.6,RUNNING,
2026-05-01T05:37:15Z,123.6,1771.8,1.7,2.3,4.9,32.0,RUNNING,
2026-05-01T05:37:16Z,122.6,1741.4,1.6,2.3,4.9,31.4,RUNNING,
2026-05-01T05:37:17Z,122.7,1751.3,1.7,2.3,4.9,31.4,RUNNING,
2026-05-01T05:37:18Z,122.1,1760.8,1.7,2.3,4.9,31.6,RUNNING,
2026-05-01T05:37:19Z,121.6,1751.9,1.4,2.3,4.8,31.5,RUNNING,
2026-05-01T05:37:20Z,122.4,1759.9,1.7,2.3,5.0,31.7,RUNNING,
2026-05-01T05:37:21Z,120.7,1753.8,1.7,2.3,4.9,31.4,RUNNING,
2026-05-01T05:37:22Z,118.1,1711.9,1.7,2.3,4.7,31.2,RUNNING,
2026-05-01T05:37:23Z,117.8,1703.5,1.6,2.3,4.7,31.1,RUNNING,
2026-05-01T05:37:24Z,118.8,1700.8,1.6,2.3,4.6,30.9,RUNNING,
2026-05-01T05:37:25Z,114.9,1704.5,1.6,2.4,4.6,30.7,RUNNING,
2026-05-01T05:37:26Z,116.7,1684.9,1.5,2.3,4.7,30.7,RUNNING,
2026-05-01T05:37:27Z,119.9,1718.9,1.6,2.3,4.7,30.9,RUNNING,
2026-05-01T05:37:28Z,118.6,1737.9,1.7,2.3,4.7,31.3,RUNNING,
2026-05-01T05:37:29Z,123.8,1751.8,1.6,2.3,4.9,31.6,RUNNING,
2026-05-01T05:37:30Z,122.3,1757.9,1.7,2.3,4.9,31.6,RUNNING,
2026-05-01T05:37:31Z,121.2,1730.7,1.7,2.3,4.8,31.2,RUNNING,
2026-05-01T05:37:32Z,117.2,1727.4,1.6,2.3,4.8,31.1,RUNNING,
2026-05-01T05:37:33Z,118.5,1716.6,1.5,2.3,4.8,30.9,RUNNING,
2026-05-01T05:37:34Z,117.5,1722.4,1.6,2.3,4.7,30.9,RUNNING,
2026-05-01T05:37:35Z,118.5,1715.6,1.6,2.3,4.7,31.0,RUNNING,
2026-05-01T05:37:36Z,119.0,1718.6,1.6,2.3,4.8,31.3,RUNNING,
2026-05-01T05:37:37Z,120.0,1731.3,1.6,2.3,4.8,31.3,RUNNING,
2026-05-01T05:37:38Z,117.6,1717.4,1.6,2.3,4.8,30.7,RUNNING,
2026-05-01T05:37:39Z,116.2,1715.7,1.6,2.3,4.7,30.9,RUNNING,
2026-05-01T05:37:40Z,120.7,1734.5,1.6,2.4,4.8,31.1,RUNNING,
2026-05-01T05:37:41Z,121.3,1714.3,1.6,2.3,4.7,31.0,RUNNING,
2026-05-01T05:37:42Z,122.3,1747.6,1.6,2.3,4.9,31.5,RUNNING,
2026-05-01T05:37:43Z,121.4,1760.8,1.6,2.3,4.9,31.7,RUNNING,
2026-05-01T05:37:44Z,119.9,1751.6,1.7,2.3,4.8,31.6,RUNNING,
2026-05-01T05:37:45Z,120.3,1730.1,1.7,2.3,4.8,31.2,RUNNING,
2026-05-01T05:37:46Z,118.5,1709.4,1.5,2.3,4.6,30.9,RUNNING,
2026-05-01T05:37:47Z,118.9,1727.6,1.6,2.3,4.8,31.1,RUNNING,
2026-05-01T05:37:48Z,115.3,1675.4,1.6,2.3,4.7,30.6,RUNNING,
2026-05-01T05:37:49Z,117.8,1704.0,1.5,2.4,4.6,30.8,RUNNING,
2026-05-01T05:37:50Z,117.6,1705.5,1.6,2.3,4.7,30.5,RUNNING,
2026-05-01T05:37:51Z,118.9,1712.9,1.6,2.3,4.7,31.1,RUNNING,
2026-05-01T05:37:52Z,116.8,1710.4,1.6,2.3,4.8,31.1,RUNNING,
2026-05-01T05:37:53Z,117.0,1685.5,1.5,2.3,4.6,30.8,RUNNING,
2026-05-01T05:37:54Z,114.2,1678.6,1.6,2.4,4.6,30.3,RUNNING,
2026-05-01T05:37:55Z,118.8,1699.0,1.5,2.3,4.7,31.1,RUNNING,
2026-05-01T05:37:56Z,119.7,1714.4,1.6,2.3,4.6,31.1,RUNNING,
2026-05-01T05:37:57Z,117.2,1689.2,1.6,2.4,4.7,30.7,RUNNING,
2026-05-01T05:37:58Z,119.2,1714.7,1.5,2.3,4.7,30.8,RUNNING,
2026-05-01T05:37:59Z,118.1,1696.7,1.5,2.3,4.7,30.7,RUNNING,
2026-05-01T05:38:00Z,113.1,1683.9,1.6,2.3,4.6,30.5,RUNNING,
2026-05-01T05:38:01Z,120.8,1716.2,1.6,2.3,4.8,31.1,RUNNING,
2026-05-01T05:38:02Z,116.6,1691.5,1.5,2.3,4.7,30.5,RUNNING,
2026-05-01T05:38:03Z,117.3,1721.7,1.5,2.3,4.8,30.9,RUNNING,
2026-05-01T05:38:04Z,117.8,1719.7,1.6,2.3,4.8,31.1,RUNNING,
2026-05-01T05:38:05Z,116.9,1681.5,1.5,2.4,4.6,30.7,RUNNING,
2026-05-01T05:38:06Z,119.0,1694.4,1.5,2.4,4.7,30.7,RUNNING,
2026-05-01T05:38:07Z,117.0,1680.3,1.5,2.4,4.6,30.6,RUNNING,
2026-05-01T05:38:08Z,115.0,1679.4,1.6,2.3,4.6,30.4,RUNNING,
2026-05-01T05:38:09Z,114.9,1661.4,1.5,2.4,4.6,30.3,RUNNING,
2026-05-01T05:38:10Z,116.0,1683.1,1.6,2.4,4.6,30.5,RUNNING,
2026-05-01T05:38:11Z,113.1,1657.0,1.5,2.4,4.5,30.3,RUNNING,
2026-05-01T05:38:12Z,110.6,1630.0,1.6,2.4,4.4,30.0,RUNNING,
2026-05-01T05:38:13Z,110.0,1626.2,1.5,2.4,4.4,29.9,RUNNING,
2026-05-01T05:38:14Z,111.0,1635.4,1.5,2.4,4.5,29.6,RUNNING,
2026-05-01T05:38:15Z,112.0,1614.4,1.3,2.4,4.3,29.5,RUNNING,
2026-05-01T05:38:16Z,110.2,1624.4,1.4,2.4,4.4,29.7,RUNNING,
2026-05-01T05:38:17Z,107.9,1646.4,1.4,2.4,4.5,29.6,RUNNING,
2026-05-01T05:38:18Z,110.0,1637.5,1.5,2.4,4.4,29.5,RUNNING,
2026-05-01T05:38:19Z,109.7,1627.3,1.5,2.4,4.3,29.8,RUNNING,
2026-05-01T05:38:20Z,109.0,1611.0,1.5,2.4,4.3,29.4,RUNNING,
2026-05-01T05:38:21Z,108.4,1599.6,1.3,2.4,4.3,29.3,RUNNING,
2026-05-01T05:38:22Z,109.5,1615.8,1.4,2.4,4.4,29.1,RUNNING,
2026-05-01T05:38:23Z,108.1,1604.8,1.4,2.4,4.4,29.4,RUNNING,
2026-05-01T05:38:24Z,108.9,1613.7,1.5,2.4,4.4,29.5,RUNNING,
2026-05-01T05:38:25Z,110.1,1621.9,1.5,2.4,4.3,29.6,RUNNING,
2026-05-01T05:38:26Z,111.2,1644.1,1.6,2.4,4.4,29.6,RUNNING,
2026-05-01T05:38:27Z,110.2,1640.9,1.5,2.4,4.5,29.9,RUNNING,
2026-05-01T05:38:28Z,108.4,1612.2,1.4,2.4,4.4,29.4,RUNNING,
2026-05-01T05:38:29Z,113.4,1659.5,1.6,2.4,4.4,29.9,RUNNING,
2026-05-01T05:38:30Z,113.7,1648.9,1.6,2.4,4.5,30.0,RUNNING,
2026-05-01T05:38:31Z,115.8,1670.3,1.6,2.4,4.6,30.1,RUNNING,
2026-05-01T05:38:32Z,117.2,1684.3,1.6,2.3,4.6,30.5,RUNNING,
2026-05-01T05:38:33Z,115.8,1684.3,1.5,2.3,4.7,30.5,RUNNING,
2026-05-01T05:38:34Z,115.6,1682.8,1.4,2.3,4.7,30.5,RUNNING,
2026-05-01T05:38:35Z,113.9,1655.9,1.4,2.4,4.5,30.2,RUNNING,
2026-05-01T05:38:36Z,113.8,1642.4,1.5,2.4,4.5,30.2,RUNNING,
2026-05-01T05:38:37Z,116.8,1677.1,1.6,2.3,4.7,30.4,RUNNING,
2026-05-01T05:38:38Z,114.2,1673.2,1.5,2.3,4.6,30.1,RUNNING,
2026-05-01T05:38:39Z,113.2,1660.3,1.6,2.4,4.6,30.2,RUNNING,
2026-05-01T05:38:40Z,119.3,1692.3,1.6,2.4,4.7,31.0,RUNNING,
2026-05-01T05:38:41Z,115.3,1670.3,1.5,2.4,4.6,30.5,RUNNING,
2026-05-01T05:38:42Z,116.6,1692.7,1.6,2.3,4.7,30.8,RUNNING,
2026-05-01T05:38:43Z,117.2,1689.9,1.6,2.3,4.7,30.6,RUNNING,
2026-05-01T05:38:44Z,116.3,1695.0,1.5,2.3,4.7,30.7,RUNNING,
2026-05-01T05:38:45Z,117.1,1705.0,1.6,2.3,4.8,30.5,RUNNING,
2026-05-01T05:38:46Z,116.8,1693.0,1.6,2.3,4.7,30.8,RUNNING,
2026-05-01T05:38:47Z,117.7,1682.3,1.6,2.4,4.6,30.6,RUNNING,
2026-05-01T05:38:48Z,116.5,1683.2,1.5,2.3,4.7,30.5,RUNNING,
2026-05-01T05:38:49Z,119.0,1707.1,1.6,2.3,4.6,31.1,RUNNING,
2026-05-01T05:38:50Z,118.1,1718.7,1.5,2.3,4.7,30.9,RUNNING,
2026-05-01T05:38:51Z,115.9,1697.3,1.6,2.3,4.7,30.7,RUNNING,
2026-05-01T05:38:52Z,115.2,1687.8,1.7,2.3,4.8,30.8,RUNNING,
2026-05-01T05:38:53Z,119.5,1706.6,1.6,2.3,4.7,30.7,RUNNING,
2026-05-01T05:38:54Z,117.2,1680.1,1.6,2.3,4.7,30.8,RUNNING,
2026-05-01T05:38:55Z,116.7,1700.3,1.6,2.3,4.6,30.7,RUNNING,
2026-05-01T05:38:56Z,112.6,1659.9,1.5,2.3,4.6,30.1,RUNNING,
2026-05-01T05:38:57Z,116.9,1650.8,1.5,2.4,4.5,30.0,RUNNING,
2026-05-01T05:38:58Z,112.4,1661.8,1.4,2.4,4.5,30.1,RUNNING,
2026-05-01T05:38:59Z,114.9,1677.3,1.5,2.4,4.6,30.3,RUNNING,
2026-05-01T05:39:00Z,115.9,1694.8,1.6,2.4,4.7,30.3,RUNNING,
2026-05-01T05:39:01Z,115.8,1696.7,1.6,2.3,4.7,30.6,RUNNING,
2026-05-01T05:39:02Z,114.1,1681.6,1.4,2.4,4.5,30.3,RUNNING,
2026-05-01T05:39:03Z,112.9,1668.7,1.6,2.4,4.6,30.5,RUNNING,
2026-05-01T05:39:04Z,111.4,1676.2,1.6,2.4,4.6,30.4,RUNNING,
2026-05-01T05:39:05Z,115.5,1685.3,1.6,2.4,4.6,30.3,RUNNING,
2026-05-01T05:39:06Z,111.4,1650.9,1.5,2.4,4.4,29.8,RUNNING,
2026-05-01T05:39:07Z,115.0,1660.5,1.5,2.4,4.6,30.5,RUNNING,
2026-05-01T05:39:08Z,116.8,1702.0,1.6,2.4,4.6,30.6,RUNNING,
2026-05-01T05:39:09Z,114.6,1690.1,1.6,2.3,4.7,30.5,RUNNING,
2026-05-01T05:39:10Z,115.0,1685.3,1.5,2.3,4.7,30.5,RUNNING,
2026-05-01T05:39:11Z,116.3,1689.5,1.5,2.4,4.6,30.4,RUNNING,
2026-05-01T05:39:12Z,113.8,1681.8,1.4,2.4,4.7,30.4,RUNNING,
2026-05-01T05:39:13Z,117.2,1695.5,1.5,2.3,4.7,30.5,RUNNING,
2026-05-01T05:39:14Z,118.0,1687.1,1.6,2.3,4.6,30.5,RUNNING,
2026-05-01T05:39:15Z,117.6,1701.2,1.8,2.3,4.7,30.7,RUNNING,
2026-05-01T05:39:16Z,117.1,1704.4,1.7,2.3,4.7,30.9,RUNNING,
2026-05-01T05:39:17Z,113.5,1677.1,1.5,2.3,4.6,30.6,RUNNING,
2026-05-01T05:39:18Z,115.1,1679.3,1.6,2.3,4.5,30.2,RUNNING,
2026-05-01T05:39:19Z,116.0,1696.6,1.6,2.3,4.7,30.8,RUNNING,
2026-05-01T05:39:20Z,116.3,1697.8,1.5,2.3,4.6,30.8,RUNNING,
2026-05-01T05:39:21Z,116.9,1678.5,1.5,2.3,4.7,30.5,RUNNING,
2026-05-01T05:39:22Z,113.3,1652.8,1.4,2.4,4.5,30.0,RUNNING,
2026-05-01T05:39:23Z,111.2,1636.5,1.5,2.4,4.4,29.7,RUNNING,
2026-05-01T05:39:24Z,111.7,1626.8,1.5,2.4,4.3,29.6,RUNNING,
2026-05-01T05:39:25Z,112.0,1632.7,1.3,2.4,4.4,29.8,RUNNING,
2026-05-01T05:39:26Z,112.3,1641.2,1.6,2.4,4.5,29.8,RUNNING,
2026-05-01T05:39:27Z,111.9,1635.3,1.4,2.4,4.5,30.1,RUNNING,
2026-05-01T05:39:28Z,110.7,1646.7,1.5,2.4,4.5,29.8,RUNNING,
2026-05-01T05:39:29Z,113.5,1656.1,1.5,2.4,4.5,29.9,RUNNING,
2026-05-01T05:39:30Z,113.1,1649.1,1.6,2.4,4.5,29.9,RUNNING,
2026-05-01T05:39:31Z,114.8,1675.7,1.5,2.4,4.6,30.6,RUNNING,
2026-05-01T05:39:32Z,114.8,1676.1,1.6,2.4,4.5,30.2,RUNNING,
2026-05-01T05:39:33Z,112.0,1649.0,1.6,2.3,4.6,30.2,RUNNING,
2026-05-01T05:39:34Z,111.3,1662.1,1.5,2.4,4.5,30.0,RUNNING,
2026-05-01T05:39:35Z,113.7,1684.6,1.5,2.4,4.7,30.5,RUNNING,
2026-05-01T05:39:36Z,116.6,1667.3,1.5,2.4,4.7,30.0,RUNNING,
2026-05-01T05:39:37Z,114.1,1689.2,1.5,2.3,4.6,30.7,RUNNING,
2026-05-01T05:39:38Z,118.5,1722.0,1.6,2.3,4.7,31.0,RUNNING,
2026-05-01T05:39:39Z,123.8,1761.3,1.7,2.3,4.9,31.7,RUNNING,
2026-05-01T05:39:40Z,124.5,1754.4,1.6,2.3,5.0,31.8,RUNNING,
2026-05-01T05:39:41Z,124.5,1750.6,1.6,2.3,4.8,31.8,RUNNING,
2026-05-01T05:39:42Z,119.9,1755.0,1.6,2.3,4.9,31.6,RUNNING,
2026-05-01T05:39:43Z,125.5,1758.7,1.7,2.2,5.0,31.8,RUNNING,
2026-05-01T05:39:44Z,125.3,1776.5,1.7,2.2,5.0,31.9,RUNNING,
2026-05-01T05:39:45Z,126.7,1788.1,1.7,2.2,5.0,32.5,RUNNING,
2026-05-01T05:39:46Z,126.4,1794.4,1.7,2.2,5.0,32.3,RUNNING,
2026-05-01T05:39:47Z,123.9,1789.2,1.8,2.3,5.1,32.1,RUNNING,
2026-05-01T05:39:48Z,123.7,1774.4,1.8,2.2,5.0,31.8,RUNNING,
2026-05-01T05:39:49Z,124.6,1791.8,1.7,2.2,4.9,31.9,RUNNING,
2026-05-01T05:39:50Z,123.6,1782.3,1.7,2.3,5.0,32.0,RUNNING,
2026-05-01T05:39:51Z,126.9,1784.8,1.8,2.3,5.0,32.1,RUNNING,
2026-05-01T05:39:52Z,123.4,1772.9,1.6,2.3,5.0,31.5,RUNNING,
2026-05-01T05:39:53Z,124.7,1775.7,1.6,2.2,5.0,31.8,RUNNING,
2026-05-01T05:39:54Z,122.2,1752.3,1.7,2.3,4.8,31.6,RUNNING,
2026-05-01T05:39:55Z,120.3,1727.6,1.7,2.3,4.8,31.4,RUNNING,
2026-05-01T05:39:56Z,118.9,1723.7,1.6,2.3,4.8,31.2,RUNNING,
2026-05-01T05:39:57Z,123.3,1738.3,1.5,2.3,4.9,31.4,RUNNING,
2026-05-01T05:39:58Z,121.3,1728.7,1.6,2.4,4.8,31.1,RUNNING,
2026-05-01T05:39:59Z,120.7,1740.7,1.5,2.3,4.9,31.4,RUNNING,
2026-05-01T05:40:00Z,119.2,1715.9,1.6,2.3,4.6,30.8,RUNNING,
2026-05-01T05:40:01Z,121.9,1730.3,1.6,2.2,4.8,31.1,RUNNING,
2026-05-01T05:40:02Z,120.6,1743.5,1.7,2.3,4.8,31.3,RUNNING,
2026-05-01T05:40:03Z,120.2,1768.1,1.6,2.3,4.9,31.4,RUNNING,
2026-05-01T05:40:04Z,120.6,1728.9,1.5,2.3,4.8,31.3,RUNNING,
2026-05-01T05:40:05Z,126.8,1759.7,1.7,2.3,4.9,32.0,RUNNING,
2026-05-01T05:40:06Z,128.8,1797.2,1.8,2.2,5.0,32.0,RUNNING,
2026-05-01T05:40:07Z,129.5,1804.0,1.7,2.2,5.1,32.7,RUNNING,
2026-05-01T05:40:08Z,132.2,1842.6,1.8,2.2,5.1,33.0,RUNNING,
2026-05-01T05:40:09Z,125.6,1819.9,1.8,2.2,5.0,32.5,RUNNING,
2026-05-01T05:40:10Z,131.2,1850.8,1.9,2.2,5.2,33.1,RUNNING,
2026-05-01T05:40:11Z,132.2,1862.3,1.9,2.2,5.2,33.3,RUNNING,
2026-05-01T05:40:12Z,130.4,1860.5,1.8,2.2,5.2,33.2,RUNNING,
2026-05-01T05:40:13Z,131.5,1851.5,1.7,2.2,5.2,33.3,RUNNING,
2026-05-01T05:40:14Z,132.4,1833.9,1.7,2.2,5.3,32.9,RUNNING,
2026-05-01T05:40:15Z,129.5,1820.0,1.7,2.2,5.1,32.7,RUNNING,
2026-05-01T05:40:16Z,127.3,1826.8,1.7,2.2,5.1,32.9,RUNNING,
2026-05-01T05:40:17Z,128.5,1814.2,1.7,2.2,5.1,32.3,RUNNING,
2026-05-01T05:40:18Z,127.5,1809.4,1.7,2.3,5.2,32.5,RUNNING,
2026-05-01T05:40:19Z,126.7,1794.6,1.6,2.2,5.2,32.0,RUNNING,
2026-05-01T05:40:20Z,127.5,1817.7,1.8,2.2,5.1,32.5,RUNNING,
2026-05-01T05:40:21Z,130.7,1829.6,1.9,2.2,5.2,33.0,RUNNING,
2026-05-01T05:40:22Z,128.7,1825.6,1.7,2.2,5.2,32.7,RUNNING,
2026-05-01T05:40:23Z,132.5,1847.1,1.8,2.2,5.3,33.0,RUNNING,
2026-05-01T05:40:24Z,130.5,1842.7,1.9,2.2,5.2,33.2,RUNNING,
2026-05-01T05:40:25Z,131.2,1845.2,1.8,2.2,5.2,32.9,RUNNING,
2026-05-01T05:40:26Z,131.5,1857.2,1.8,2.2,5.3,33.1,RUNNING,
2026-05-01T05:40:27Z,132.7,1861.3,1.8,2.2,5.3,33.1,RUNNING,
2026-05-01T05:40:28Z,132.8,1860.2,1.8,2.2,5.3,33.3,RUNNING,
2026-05-01T05:40:29Z,130.8,1840.5,1.8,2.2,5.3,32.9,RUNNING,
2026-05-01T05:40:30Z,131.4,1847.1,1.9,2.2,5.3,32.9,RUNNING,
2026-05-01T05:40:31Z,130.7,1846.7,1.7,2.2,5.3,32.8,RUNNING,
2026-05-01T05:40:32Z,130.0,1842.2,1.8,2.2,5.2,32.9,RUNNING,
2026-05-01T05:40:33Z,133.4,1849.5,1.8,2.2,5.3,33.3,RUNNING,
2026-05-01T05:40:34Z,133.9,1875.8,1.9,2.2,5.4,33.7,RUNNING,
2026-05-01T05:40:35Z,133.1,1868.3,1.9,2.2,5.4,33.7,RUNNING,
2026-05-01T05:40:36Z,131.2,1872.0,1.9,2.2,5.4,33.0,RUNNING,
2026-05-01T05:40:37Z,134.6,1887.4,1.9,2.2,5.3,33.4,RUNNING,
2026-05-01T05:40:38Z,137.7,1903.4,1.9,2.1,5.5,34.0,RUNNING,
2026-05-01T05:40:39Z,138.7,1907.8,2.0,2.1,5.6,33.8,RUNNING,
2026-05-01T05:40:40Z,136.5,1912.3,1.9,2.2,5.4,33.7,RUNNING,
2026-05-01T05:40:41Z,141.9,1937.5,1.9,2.1,5.6,34.5,RUNNING,
2026-05-01T05:40:42Z,138.2,1953.6,2.0,2.1,5.6,34.6,RUNNING,
2026-05-01T05:40:43Z,141.3,1953.9,2.1,2.0,5.7,34.9,RUNNING,
2026-05-01T05:40:44Z,142.9,1955.0,2.0,2.1,5.7,35.0,RUNNING,
2026-05-01T05:40:45Z,138.4,1950.8,1.9,2.1,5.7,34.5,RUNNING,
2026-05-01T05:40:46Z,140.9,1950.9,2.1,2.1,5.8,34.9,RUNNING,
2026-05-01T05:40:47Z,140.7,1951.2,1.9,2.1,5.7,34.5,RUNNING,
2026-05-01T05:40:48Z,140.7,1967.3,1.9,2.1,5.8,34.9,RUNNING,
2026-05-01T05:40:49Z,140.0,1955.1,2.0,2.1,5.6,34.5,RUNNING,
2026-05-01T05:40:50Z,140.7,1940.5,1.8,2.1,5.6,34.3,RUNNING,
2026-05-01T05:40:51Z,137.2,1918.4,2.0,2.1,5.5,34.0,RUNNING,
2026-05-01T05:40:52Z,138.5,1921.5,2.0,2.1,5.6,34.3,RUNNING,
2026-05-01T05:40:53Z,140.7,1936.8,2.0,2.1,5.6,34.6,RUNNING,
2026-05-01T05:40:54Z,140.4,1951.0,1.9,2.1,5.7,34.4,RUNNING,
2026-05-01T05:40:55Z,139.6,1952.6,2.0,2.1,5.6,35.0,RUNNING,
2026-05-01T05:40:56Z,140.4,1960.2,1.9,2.1,5.6,34.6,RUNNING,
2026-05-01T05:40:57Z,141.3,1952.2,1.9,2.1,5.7,34.5,RUNNING,
2026-05-01T05:40:58Z,139.2,1908.3,2.0,2.1,5.6,34.1,RUNNING,
2026-05-01T05:40:59Z,141.1,1929.9,2.0,2.1,5.6,34.5,RUNNING,
2026-05-01T05:41:00Z,142.5,1950.7,1.9,2.1,5.7,35.2,RUNNING,
2026-05-01T05:41:01Z,143.2,1971.5,2.0,2.0,5.7,35.2,RUNNING,
2026-05-01T05:41:02Z,144.7,1987.4,1.9,2.0,5.8,35.2,RUNNING,
2026-05-01T05:41:03Z,140.9,1951.5,2.0,2.1,5.6,34.7,RUNNING,
2026-05-01T05:41:04Z,144.0,1956.5,2.0,2.1,5.8,34.9,RUNNING,
2026-05-01T05:41:05Z,142.9,1972.0,2.0,2.1,5.7,34.8,RUNNING,
2026-05-01T05:41:06Z,141.8,1950.6,2.1,2.1,5.7,34.7,RUNNING,
2026-05-01T05:41:07Z,140.4,1958.5,2.0,2.1,5.7,35.0,RUNNING,
2026-05-01T05:41:08Z,142.0,1957.2,2.0,2.1,5.7,34.9,RUNNING,
2026-05-01T05:41:09Z,144.9,1981.6,2.0,2.1,5.7,35.3,RUNNING,
2026-05-01T05:41:10Z,146.3,2010.5,2.1,2.0,6.0,35.7,RUNNING,
2026-05-01T05:41:11Z,146.5,2012.7,2.0,2.0,5.8,35.5,RUNNING,
2026-05-01T05:41:12Z,147.5,2018.3,2.0,2.0,5.9,35.6,RUNNING,
2026-05-01T05:41:13Z,148.1,2036.2,2.1,2.0,6.0,35.8,RUNNING,
2026-05-01T05:41:14Z,151.0,2049.6,2.2,1.9,6.0,35.7,RUNNING,
2026-05-01T05:41:15Z,150.5,2028.0,2.0,2.0,5.9,35.7,RUNNING,
2026-05-01T05:41:16Z,152.1,2058.6,2.1,2.0,6.1,36.3,RUNNING,
2026-05-01T05:41:17Z,146.9,2016.3,2.1,2.0,6.0,35.4,RUNNING,
2026-05-01T05:41:18Z,144.7,2000.9,2.1,2.1,5.9,35.4,RUNNING,
2026-05-01T05:41:19Z,144.1,1961.8,2.1,2.1,5.7,35.1,RUNNING,
2026-05-01T05:41:20Z,143.3,1961.2,2.1,2.0,5.7,34.9,RUNNING,
2026-05-01T05:41:21Z,145.4,1969.7,2.1,2.1,5.7,35.1,RUNNING,
2026-05-01T05:41:22Z,144.6,1973.5,2.0,2.1,5.8,35.1,RUNNING,
2026-05-01T05:41:23Z,143.1,1962.0,2.0,2.1,5.7,34.7,RUNNING,
2026-05-01T05:41:24Z,143.4,1964.0,2.0,2.1,5.8,34.8,RUNNING,
2026-05-01T05:41:25Z,143.3,1995.2,2.1,2.0,5.8,35.3,RUNNING,
2026-05-01T05:41:26Z,143.2,1965.7,2.0,2.0,5.8,35.0,RUNNING,
2026-05-01T05:41:27Z,145.7,2000.6,2.1,2.0,5.9,35.4,RUNNING,
2026-05-01T05:41:28Z,146.7,1975.0,2.0,2.0,5.8,35.0,RUNNING,
2026-05-01T05:41:29Z,145.3,2006.3,2.0,2.0,5.8,35.5,RUNNING,
2026-05-01T05:41:30Z,148.3,2017.9,2.0,2.0,6.0,35.9,RUNNING,
2026-05-01T05:41:31Z,148.5,2028.9,2.0,2.0,6.0,35.9,RUNNING,
2026-05-01T05:41:32Z,150.1,2016.3,2.1,2.0,6.0,35.8,RUNNING,
2026-05-01T05:41:33Z,147.2,2023.2,2.1,2.0,5.9,35.5,RUNNING,
2026-05-01T05:41:34Z,144.0,1977.1,2.0,2.1,5.7,35.1,RUNNING,
2026-05-01T05:41:35Z,140.9,1975.2,2.0,2.1,5.8,34.9,RUNNING,
2026-05-01T05:41:36Z,142.9,1974.2,1.9,2.1,5.7,34.9,RUNNING,
2026-05-01T05:41:37Z,145.5,1988.2,2.0,2.1,5.8,35.2,RUNNING,
2026-05-01T05:41:38Z,142.6,1957.2,2.0,2.1,5.8,34.9,RUNNING,
2026-05-01T05:41:39Z,139.8,1972.6,1.9,2.1,5.7,34.8,RUNNING,
2026-05-01T05:41:40Z,145.7,1969.0,2.1,2.1,5.7,34.7,RUNNING,
2026-05-01T05:41:41Z,143.7,1963.0,2.0,2.1,5.7,34.7,RUNNING,
2026-05-01T05:41:42Z,145.5,1990.4,2.0,2.0,5.9,35.0,RUNNING,
2026-05-01T05:41:43Z,145.5,1974.1,2.1,2.1,5.8,35.1,RUNNING,
2026-05-01T05:41:44Z,143.3,1997.9,2.0,2.0,5.8,35.3,RUNNING,
2026-05-01T05:41:45Z,147.0,2024.7,2.1,2.0,6.0,35.6,RUNNING,
2026-05-01T05:41:46Z,145.6,1997.3,2.0,2.1,5.9,35.5,RUNNING,
2026-05-01T05:41:47Z,143.1,1986.7,2.0,2.1,5.8,34.9,RUNNING,
2026-05-01T05:41:48Z,142.7,1976.6,1.9,2.1,5.7,34.7,RUNNING,
2026-05-01T05:41:49Z,144.7,1970.5,2.0,2.1,5.7,35.2,RUNNING,
2026-05-01T05:41:50Z,146.5,2004.1,2.0,2.1,5.9,35.7,RUNNING,
2026-05-01T05:41:51Z,145.8,2001.2,2.1,2.0,5.9,35.5,RUNNING,
2026-05-01T05:41:52Z,147.5,2018.5,2.0,2.0,6.0,35.9,RUNNING,
2026-05-01T05:41:53Z,147.9,2013.6,2.0,2.0,5.9,35.7,RUNNING,
2026-05-01T05:41:54Z,151.4,2026.8,2.0,2.0,6.0,35.8,RUNNING,
2026-05-01T05:41:55Z,146.9,1997.9,2.0,2.1,5.9,35.5,RUNNING,
2026-05-01T05:41:56Z,144.9,1988.1,2.0,2.0,5.8,35.0,RUNNING,
2026-05-01T05:41:57Z,145.8,2004.3,2.0,2.0,5.8,35.4,RUNNING,
2026-05-01T05:41:58Z,145.4,2005.0,2.0,2.0,5.8,35.3,RUNNING,
2026-05-01T05:41:59Z,147.2,2013.0,2.1,2.0,5.9,35.6,RUNNING,
2026-05-01T05:42:00Z,146.2,1994.2,2.0,2.1,5.9,35.3,RUNNING,
2026-05-01T05:42:01Z,142.1,1965.2,1.9,2.1,5.7,34.9,RUNNING,
2026-05-01T05:42:02Z,143.2,1979.6,2.0,2.0,5.8,35.1,RUNNING,
2026-05-01T05:42:03Z,145.3,1968.7,1.9,2.1,5.8,35.0,RUNNING,
2026-05-01T05:42:04Z,144.7,1990.4,2.1,2.0,5.8,35.3,RUNNING,
2026-05-01T05:42:05Z,146.7,1997.1,2.1,2.0,5.9,35.3,RUNNING,
2026-05-01T05:42:06Z,144.1,1976.9,1.9,2.1,5.8,34.8,RUNNING,
2026-05-01T05:42:07Z,140.2,1957.6,1.9,2.1,5.7,34.5,RUNNING,
2026-05-01T05:42:08Z,142.8,1970.3,2.0,2.1,5.6,34.7,RUNNING,
2026-05-01T05:42:09Z,141.0,1966.0,1.9,2.1,5.6,34.6,RUNNING,
2026-05-01T05:42:10Z,143.2,1966.4,2.1,2.1,5.7,34.7,RUNNING,
2026-05-01T05:42:11Z,146.8,2000.7,2.0,2.0,5.8,35.4,RUNNING,
2026-05-01T05:42:12Z,143.9,1991.2,2.1,2.1,5.8,35.1,RUNNING,
2026-05-01T05:42:13Z,146.9,1993.6,2.1,2.1,5.9,35.6,RUNNING,
2026-05-01T05:42:14Z,148.1,2005.9,2.0,2.0,5.9,35.2,RUNNING,
2026-05-01T05:42:15Z,146.2,1985.7,1.9,2.1,5.8,35.2,RUNNING,
2026-05-01T05:42:16Z,142.2,1971.4,1.9,2.1,5.8,34.9,RUNNING,
2026-05-01T05:42:17Z,143.1,1942.1,2.2,2.1,5.7,34.7,RUNNING,
2026-05-01T05:42:18Z,142.0,1963.5,2.0,2.0,5.7,34.9,RUNNING,
2026-05-01T05:42:19Z,143.0,1961.9,1.9,2.1,5.7,34.5,RUNNING,
2026-05-01T05:42:20Z,142.9,1963.8,1.9,2.0,5.7,34.7,RUNNING,
2026-05-01T05:42:21Z,136.6,1907.1,1.9,2.1,5.6,34.1,RUNNING,
2026-05-01T05:42:22Z,139.6,1931.3,1.9,2.1,5.6,34.0,RUNNING,
2026-05-01T05:42:23Z,139.2,1932.5,2.0,2.1,5.6,34.1,RUNNING,
2026-05-01T05:42:24Z,134.1,1879.7,1.9,2.2,5.4,33.4,RUNNING,
2026-05-01T05:42:25Z,136.3,1898.2,1.9,2.1,5.6,34.1,RUNNING,
2026-05-01T05:42:26Z,137.0,1925.3,1.9,2.1,5.5,34.2,RUNNING,
2026-05-01T05:42:27Z,137.4,1930.5,2.0,2.1,5.5,34.1,RUNNING,
2026-05-01T05:42:28Z,141.6,1941.3,1.9,2.1,5.7,34.7,RUNNING,
2026-05-01T05:42:29Z,140.0,1930.5,1.8,2.1,5.5,34.2,RUNNING,
2026-05-01T05:42:30Z,139.6,1925.1,1.9,2.1,5.5,33.8,RUNNING,
2026-05-01T05:42:31Z,142.4,1961.4,2.0,2.0,5.7,34.9,RUNNING,
2026-05-01T05:42:32Z,141.2,1967.7,1.9,2.1,5.7,34.8,RUNNING,
2026-05-01T05:42:33Z,143.2,1971.9,2.0,2.1,5.8,34.8,RUNNING,
2026-05-01T05:42:34Z,148.6,2008.3,2.0,2.0,5.8,35.4,RUNNING,
2026-05-01T05:42:35Z,145.1,2005.1,2.0,2.0,5.7,35.5,RUNNING,
2026-05-01T05:42:36Z,149.5,2019.6,2.0,2.0,5.9,35.6,RUNNING,
2026-05-01T05:42:37Z,149.7,2027.9,2.2,2.0,6.0,36.0,RUNNING,
2026-05-01T05:42:38Z,151.8,2044.1,2.0,2.0,6.0,35.9,RUNNING,
2026-05-01T05:42:39Z,148.1,2039.1,1.9,2.0,5.9,36.1,RUNNING,
2026-05-01T05:42:40Z,147.6,2023.1,2.0,2.0,5.9,35.6,RUNNING,
2026-05-01T05:42:41Z,146.8,2022.4,2.0,2.0,5.9,35.4,RUNNING,
2026-05-01T05:42:42Z,148.5,2024.6,2.0,2.0,6.0,35.7,RUNNING,
2026-05-01T05:42:43Z,149.7,2031.6,2.2,2.0,5.9,35.9,RUNNING,
2026-05-01T05:42:44Z,150.5,2036.9,2.2,2.0,5.9,35.9,RUNNING,
2026-05-01T05:42:45Z,150.1,2041.8,2.2,2.0,5.9,36.0,RUNNING,
2026-05-01T05:42:46Z,153.2,2057.0,2.1,2.0,6.0,36.3,RUNNING,
2026-05-01T05:42:47Z,150.7,2047.9,2.1,2.0,6.1,36.0,RUNNING,
2026-05-01T05:42:48Z,149.5,2053.2,2.1,2.0,5.9,36.0,RUNNING,
2026-05-01T05:42:49Z,152.9,2048.1,2.1,2.0,6.1,36.4,RUNNING,
2026-05-01T05:42:50Z,152.7,2041.0,2.2,2.0,6.0,36.2,RUNNING,
2026-05-01T05:42:51Z,149.9,2017.7,2.1,2.0,5.9,35.6,RUNNING,
2026-05-01T05:42:52Z,145.2,1975.8,2.0,2.0,5.6,34.9,RUNNING,
2026-05-01T05:42:53Z,143.8,1976.2,2.0,2.0,5.7,35.1,RUNNING,
2026-05-01T05:42:54Z,141.7,1952.7,2.1,2.0,5.6,34.6,RUNNING,
2026-05-01T05:42:55Z,145.3,1994.8,2.0,2.0,5.9,35.6,RUNNING,
2026-05-01T05:42:56Z,143.4,1968.6,2.0,2.1,5.7,34.6,RUNNING,
2026-05-01T05:42:57Z,148.4,2010.2,2.1,2.0,5.8,35.6,RUNNING,
2026-05-01T05:42:58Z,143.9,1989.6,2.0,2.0,5.8,35.3,RUNNING,
2026-05-01T05:42:59Z,145.9,1989.4,2.1,2.0,5.8,35.4,RUNNING,
2026-05-01T05:43:00Z,143.6,1958.7,2.0,2.1,5.8,35.1,RUNNING,
2026-05-01T05:43:01Z,141.7,1960.9,1.8,2.1,5.6,34.8,RUNNING,
2026-05-01T05:43:02Z,141.5,1938.4,1.9,2.1,5.6,34.6,RUNNING,
2026-05-01T05:43:03Z,141.3,1948.4,2.1,2.1,5.6,34.4,RUNNING,
2026-05-01T05:43:04Z,142.8,1956.4,1.9,2.1,5.7,34.7,RUNNING,
2026-05-01T05:43:05Z,140.3,1958.0,2.0,2.1,5.7,35.1,RUNNING,
2026-05-01T05:43:06Z,147.0,1985.1,2.1,2.0,5.8,35.2,RUNNING,
2026-05-01T05:43:07Z,143.7,1964.8,2.0,2.0,5.7,35.1,RUNNING,
2026-05-01T05:43:08Z,138.9,1957.4,1.9,2.1,5.7,34.5,RUNNING,
2026-05-01T05:43:09Z,143.8,1980.6,2.1,2.1,5.7,35.1,RUNNING,
2026-05-01T05:43:10Z,141.2,1983.0,1.8,2.1,5.8,34.6,RUNNING,
2026-05-01T05:43:11Z,146.5,1989.0,1.9,2.1,5.8,35.6,RUNNING,
2026-05-01T05:43:12Z,146.9,2003.9,2.0,2.1,5.8,35.4,RUNNING,
2026-05-01T05:43:13Z,146.6,2013.5,2.1,2.0,5.9,35.9,RUNNING,
2026-05-01T05:43:14Z,145.9,2009.6,2.1,2.0,5.8,35.3,RUNNING,
2026-05-01T05:43:15Z,146.7,2005.1,2.1,2.0,5.9,35.5,RUNNING,
2026-05-01T05:43:16Z,149.2,2008.3,2.1,2.0,5.9,35.7,RUNNING,
2026-05-01T05:43:17Z,148.4,2029.0,2.0,2.0,6.0,35.8,RUNNING,
2026-05-01T05:43:18Z,147.6,2017.9,2.2,2.0,6.0,35.5,RUNNING,
2026-05-01T05:43:19Z,148.5,2033.2,2.1,2.0,6.1,35.7,RUNNING,
2026-05-01T05:43:20Z,151.7,2045.6,2.1,2.0,6.0,36.1,RUNNING,
2026-05-01T05:43:21Z,151.3,2056.2,2.2,2.0,5.9,36.0,RUNNING,
2026-05-01T05:43:22Z,152.8,2061.2,2.2,2.0,6.1,36.3,RUNNING,
2026-05-01T05:43:23Z,154.9,2091.3,2.3,1.9,6.1,36.6,RUNNING,
2026-05-01T05:43:24Z,149.8,2034.4,2.0,2.0,6.0,35.9,RUNNING,
2026-05-01T05:43:25Z,151.0,2031.9,2.0,2.0,5.9,35.9,RUNNING,
2026-05-01T05:43:26Z,149.5,2029.5,2.1,2.0,6.0,35.9,RUNNING,
2026-05-01T05:43:27Z,148.4,2026.0,2.1,2.0,5.9,36.2,RUNNING,
2026-05-01T05:43:28Z,144.9,1988.7,2.1,2.1,5.8,35.4,RUNNING,
2026-05-01T05:43:29Z,141.1,1972.8,2.0,2.1,5.7,35.1,RUNNING,
2026-05-01T05:43:30Z,142.4,1963.8,2.0,2.1,5.7,35.0,RUNNING,
2026-05-01T05:43:31Z,143.5,1962.7,1.9,2.1,5.6,35.0,RUNNING,
2026-05-01T05:43:32Z,141.1,1957.6,2.0,2.1,5.6,34.8,RUNNING,
2026-05-01T05:43:33Z,140.5,1945.0,1.9,2.1,5.6,34.2,RUNNING,
2026-05-01T05:43:34Z,141.5,1959.8,1.9,2.1,5.7,34.9,RUNNING,
2026-05-01T05:43:35Z,143.1,1992.6,2.0,2.0,5.8,35.3,RUNNING,
2026-05-01T05:43:36Z,145.5,1996.9,2.1,2.1,5.9,35.3,RUNNING,
2026-05-01T05:43:37Z,147.2,2020.9,2.1,2.0,5.9,35.7,RUNNING,
2026-05-01T05:43:38Z,149.1,2005.4,2.1,2.0,5.9,35.6,RUNNING,
2026-05-01T05:43:39Z,150.8,2025.7,2.1,2.0,6.0,35.7,RUNNING,
2026-05-01T05:43:40Z,151.4,2025.8,2.2,2.0,6.0,35.8,RUNNING,
2026-05-01T05:43:41Z,149.3,2036.7,2.2,2.0,5.9,35.8,RUNNING,
2026-05-01T05:43:42Z,148.0,2035.6,2.1,2.0,5.9,35.9,RUNNING,
2026-05-01T05:43:43Z,148.4,2026.1,2.1,2.1,5.9,35.6,RUNNING,
2026-05-01T05:43:44Z,148.0,2036.2,2.2,2.0,5.9,36.0,RUNNING,
2026-05-01T05:43:45Z,147.9,2012.7,2.0,2.0,6.0,35.7,RUNNING,
2026-05-01T05:43:46Z,147.9,2023.4,2.1,2.0,5.9,35.8,RUNNING,
2026-05-01T05:43:47Z,145.5,2007.8,2.0,2.0,5.9,35.4,RUNNING,
2026-05-01T05:43:48Z,146.6,2012.0,2.1,2.1,5.8,35.8,RUNNING,
2026-05-01T05:43:49Z,146.8,2005.4,2.0,2.0,6.0,35.7,RUNNING,
2026-05-01T05:43:50Z,150.6,2033.3,2.2,2.0,6.0,36.1,RUNNING,
2026-05-01T05:43:51Z,149.7,2030.1,2.1,2.0,6.0,35.8,RUNNING,
2026-05-01T05:43:52Z,151.6,2022.9,2.1,2.0,6.0,35.7,RUNNING,
2026-05-01T05:43:53Z,149.8,2031.7,2.1,2.0,6.0,35.8,RUNNING,
2026-05-01T05:43:54Z,152.2,2067.7,2.1,2.0,6.0,36.3,RUNNING,
2026-05-01T05:43:55Z,150.3,2047.1,2.0,2.0,6.1,36.0,RUNNING,
2026-05-01T05:43:56Z,151.6,2048.0,2.0,2.0,6.2,36.4,RUNNING,
2026-05-01T05:43:57Z,152.2,2063.0,2.1,1.9,6.1,36.3,RUNNING,
2026-05-01T05:43:58Z,153.4,2070.7,2.1,2.0,6.1,36.5,RUNNING,
2026-05-01T05:43:59Z,152.0,2060.0,2.1,2.0,6.1,36.2,RUNNING,
2026-05-01T05:44:00Z,153.8,2066.1,2.1,2.0,6.1,36.0,RUNNING,
2026-05-01T05:44:01Z,150.9,2040.9,2.1,2.0,6.0,36.1,RUNNING,
2026-05-01T05:44:02Z,147.5,2038.8,2.1,2.0,6.0,36.2,RUNNING,
2026-05-01T05:44:03Z,151.1,2074.3,2.2,2.0,6.1,36.3,RUNNING,
2026-05-01T05:44:04Z,152.2,2092.1,2.1,2.0,6.3,36.7,RUNNING,
2026-05-01T05:44:05Z,151.3,2072.8,2.1,2.0,6.1,36.6,RUNNING,
2026-05-01T05:44:06Z,152.1,2064.3,2.1,2.0,6.1,36.1,RUNNING,
2026-05-01T05:44:07Z,153.9,2074.0,2.3,1.9,6.2,36.3,RUNNING,
2026-05-01T05:44:08Z,152.0,2056.5,2.1,2.0,6.2,35.9,RUNNING,
2026-05-01T05:44:09Z,151.8,2042.4,2.0,2.0,6.1,36.3,RUNNING,
2026-05-01T05:44:10Z,150.3,2021.9,2.1,2.0,6.0,36.1,RUNNING,
2026-05-01T05:44:11Z,146.5,2040.0,2.0,2.0,5.9,35.7,RUNNING,
2026-05-01T05:44:12Z,148.0,2002.2,2.1,2.0,5.8,35.4,RUNNING,
2026-05-01T05:44:13Z,146.7,2008.0,2.0,2.0,5.8,35.4,RUNNING,
2026-05-01T05:44:14Z,145.5,1988.6,2.1,2.0,5.9,35.3,RUNNING,
2026-05-01T05:44:15Z,143.7,1965.0,2.0,2.1,5.7,35.0,RUNNING,
2026-05-01T05:44:16Z,142.4,1959.4,2.1,2.0,5.7,35.0,RUNNING,
2026-05-01T05:44:17Z,145.4,1993.8,2.1,2.1,5.8,35.7,RUNNING,
2026-05-01T05:44:18Z,146.8,2011.2,2.0,2.1,5.9,35.4,RUNNING,
2026-05-01T05:44:19Z,144.2,2005.1,2.1,2.1,5.8,35.5,RUNNING,
2026-05-01T05:44:20Z,147.8,1993.6,2.0,2.1,5.9,35.2,RUNNING,
2026-05-01T05:44:21Z,146.6,2009.0,2.0,2.0,5.9,35.3,RUNNING,
2026-05-01T05:44:22Z,143.1,1968.5,2.0,2.1,5.8,34.8,RUNNING,
2026-05-01T05:44:23Z,141.7,1971.2,2.0,2.1,5.7,34.5,RUNNING,
2026-05-01T05:44:24Z,145.2,1998.6,2.2,2.0,5.8,35.4,RUNNING,
2026-05-01T05:44:25Z,146.1,1992.7,1.9,2.0,5.9,35.6,RUNNING,
2026-05-01T05:44:26Z,141.1,1969.3,2.0,2.1,5.8,35.0,RUNNING,
2026-05-01T05:44:27Z,148.9,2010.7,2.0,2.1,5.9,35.6,RUNNING,
2026-05-01T05:44:28Z,146.0,1993.9,2.0,2.0,5.9,35.3,RUNNING,
2026-05-01T05:44:29Z,148.0,2021.4,2.0,2.0,5.9,35.5,RUNNING,
2026-05-01T05:44:30Z,148.4,2016.2,2.0,2.0,6.0,36.1,RUNNING,
2026-05-01T05:44:31Z,148.5,2021.9,2.0,2.1,5.9,35.7,RUNNING,
2026-05-01T05:44:32Z,147.1,2006.1,2.1,2.0,5.8,35.5,RUNNING,
2026-05-01T05:44:33Z,147.9,2027.1,2.2,2.0,5.9,35.8,RUNNING,
2026-05-01T05:44:34Z,146.6,2004.6,2.0,2.0,6.0,35.6,RUNNING,
2026-05-01T05:44:35Z,152.8,2066.0,2.2,1.9,6.1,36.5,RUNNING,
2026-05-01T05:44:36Z,154.3,2059.8,2.1,2.0,6.0,36.2,RUNNING,
2026-05-01T05:44:37Z,149.1,2064.1,2.2,2.0,6.1,36.2,RUNNING,
2026-05-01T05:44:38Z,150.8,2040.8,2.0,2.0,6.1,35.9,RUNNING,
2026-05-01T05:44:39Z,151.7,2046.3,2.2,2.0,6.1,36.3,RUNNING,
2026-05-01T05:44:40Z,149.4,2039.3,2.0,2.0,6.0,35.8,RUNNING,
2026-05-01T05:44:41Z,150.8,2050.7,2.1,2.0,6.1,35.9,RUNNING,
2026-05-01T05:44:42Z,150.2,2037.7,2.1,2.0,6.0,36.1,RUNNING,
2026-05-01T05:44:43Z,147.7,2026.9,2.0,2.0,6.1,36.0,RUNNING,
2026-05-01T05:44:44Z,146.7,2036.1,2.1,2.0,6.0,36.1,RUNNING,
2026-05-01T05:44:45Z,148.5,2029.7,2.1,2.0,6.0,36.0,RUNNING,
2026-05-01T05:44:46Z,148.4,2029.1,2.1,2.1,6.0,35.7,RUNNING,
2026-05-01T05:44:47Z,145.4,1995.2,2.1,2.0,5.7,35.8,RUNNING,
2026-05-01T05:44:48Z,148.9,2018.9,2.0,2.0,5.9,35.8,RUNNING,
2026-05-01T05:44:49Z,147.4,2017.7,2.0,2.0,6.0,35.5,RUNNING,
2026-05-01T05:44:50Z,147.6,1991.5,2.1,2.0,5.7,35.6,RUNNING,
2026-05-01T05:44:51Z,148.6,2015.9,2.1,2.0,5.9,35.6,RUNNING,
2026-05-01T05:44:52Z,147.1,2008.4,2.0,2.0,5.9,35.5,RUNNING,
2026-05-01T05:44:53Z,147.1,2014.4,2.1,2.0,5.9,35.6,RUNNING,
2026-05-01T05:44:54Z,148.0,2007.8,2.2,2.0,5.9,35.5,RUNNING,
2026-05-01T05:44:55Z,149.6,2035.6,2.1,2.0,5.9,36.0,RUNNING,
2026-05-01T05:44:56Z,148.6,2004.8,2.1,2.1,5.9,35.6,RUNNING,
2026-05-01T05:44:57Z,147.6,2016.8,2.1,2.0,6.0,36.0,RUNNING,
2026-05-01T05:44:58Z,147.7,2024.9,2.2,2.0,5.9,35.7,RUNNING,
2026-05-01T05:44:59Z,150.5,2050.5,2.2,2.0,6.1,36.4,RUNNING,
2026-05-01T05:45:00Z,148.3,2055.0,2.1,2.0,6.1,36.0,RUNNING,
2026-05-01T05:45:01Z,151.6,2051.1,2.0,2.0,6.2,36.2,RUNNING,
2026-05-01T05:45:02Z,154.0,2105.0,2.3,2.0,6.2,37.1,RUNNING,
2026-05-01T05:45:03Z,152.9,2067.4,2.1,2.0,6.1,36.5,RUNNING,
2026-05-01T05:45:04Z,152.0,2071.8,2.2,2.0,6.0,36.3,RUNNING,
2026-05-01T05:45:05Z,153.0,2056.5,2.1,2.0,6.2,36.4,RUNNING,
2026-05-01T05:45:06Z,155.8,2094.4,2.1,1.9,6.2,36.6,RUNNING,
2026-05-01T05:45:07Z,151.9,2082.6,2.2,2.0,6.2,36.6,RUNNING,
2026-05-01T05:45:08Z,152.5,2075.2,2.1,2.0,6.1,36.6,RUNNING,
2026-05-01T05:45:09Z,152.7,2063.4,2.1,2.0,6.0,36.4,RUNNING,
2026-05-01T05:45:10Z,150.5,2059.4,2.1,2.0,6.1,36.3,RUNNING,
2026-05-01T05:45:11Z,148.2,2013.2,2.0,2.0,5.8,35.8,RUNNING,
2026-05-01T05:45:12Z,151.0,2043.6,2.1,2.0,6.0,35.8,RUNNING,
2026-05-01T05:45:13Z,150.0,2045.9,2.1,2.0,6.0,36.2,RUNNING,
2026-05-01T05:45:14Z,148.2,2009.2,2.0,2.0,5.9,35.6,RUNNING,
2026-05-01T05:45:15Z,148.9,2002.9,2.1,2.0,5.8,35.4,RUNNING,
2026-05-01T05:45:16Z,147.9,2002.4,2.0,2.0,5.9,35.2,RUNNING,
2026-05-01T05:45:17Z,150.1,2018.1,2.1,2.0,6.0,35.8,RUNNING,
2026-05-01T05:45:18Z,153.3,2059.5,2.1,2.0,6.1,36.2,RUNNING,
2026-05-01T05:45:19Z,152.4,2061.0,2.2,2.0,6.1,36.5,RUNNING,
2026-05-01T05:45:20Z,150.8,2057.8,2.1,2.0,6.1,36.4,RUNNING,
2026-05-01T05:45:21Z,151.1,2068.9,2.1,2.0,6.0,36.3,RUNNING,
2026-05-01T05:45:22Z,150.5,2075.2,2.1,2.0,6.1,36.3,RUNNING,
2026-05-01T05:45:23Z,154.9,2065.9,2.1,2.0,6.1,36.3,RUNNING,
2026-05-01T05:45:24Z,153.1,2066.4,2.2,2.0,6.1,36.5,RUNNING,
2026-05-01T05:45:25Z,151.5,2055.8,2.1,1.9,6.1,36.3,RUNNING,
2026-05-01T05:45:26Z,153.4,2061.2,2.1,1.9,6.1,36.7,RUNNING,
2026-05-01T05:45:27Z,152.1,2058.9,2.1,1.9,6.1,36.4,RUNNING,
2026-05-01T05:45:28Z,155.3,2079.5,2.1,2.0,6.2,36.8,RUNNING,
2026-05-01T05:45:29Z,155.1,2095.2,2.2,2.0,6.2,36.9,RUNNING,
2026-05-01T05:45:30Z,152.7,2086.3,2.2,1.9,6.2,36.8,RUNNING,
2026-05-01T05:45:31Z,152.7,2069.6,2.2,2.0,6.1,36.5,RUNNING,
2026-05-01T05:45:32Z,148.9,2048.5,2.1,2.0,6.0,35.9,RUNNING,
2026-05-01T05:45:33Z,151.1,2068.6,2.1,2.0,6.1,36.3,RUNNING,
2026-05-01T05:45:34Z,152.3,2089.4,2.1,1.9,6.2,36.6,RUNNING,
2026-05-01T05:45:35Z,156.3,2093.8,2.3,1.9,6.2,36.6,RUNNING,
2026-05-01T05:45:36Z,150.3,2059.9,2.1,2.0,6.1,36.2,RUNNING,
2026-05-01T05:45:37Z,155.9,2084.9,2.2,2.0,6.1,36.7,RUNNING,
2026-05-01T05:45:38Z,153.9,2095.8,2.1,1.9,6.2,36.5,RUNNING,
2026-05-01T05:45:39Z,150.4,2069.7,2.1,1.9,6.1,36.3,RUNNING,
2026-05-01T05:45:40Z,152.2,2037.6,2.1,2.0,6.0,36.0,RUNNING,
2026-05-01T05:45:41Z,153.4,2069.1,2.2,2.0,6.1,36.3,RUNNING,
2026-05-01T05:45:42Z,152.0,2078.4,2.2,2.0,6.2,36.6,RUNNING,
2026-05-01T05:45:43Z,149.0,2044.8,2.0,2.0,6.0,36.1,RUNNING,
2026-05-01T05:45:44Z,148.9,2043.9,2.2,2.0,6.0,36.0,RUNNING,
2026-05-01T05:45:45Z,153.3,2050.9,2.1,2.0,6.0,36.4,RUNNING,
2026-05-01T05:45:46Z,151.6,2060.9,2.2,2.0,6.0,36.4,RUNNING,
2026-05-01T05:45:47Z,149.5,2024.4,2.1,2.0,5.9,36.1,RUNNING,
2026-05-01T05:45:48Z,148.8,2033.1,2.2,2.0,5.9,35.6,RUNNING,
2026-05-01T05:45:49Z,144.8,1970.6,1.9,2.1,5.8,35.1,RUNNING,
2026-05-01T05:45:50Z,147.4,2004.1,2.0,2.0,5.8,35.3,RUNNING,
2026-05-01T05:45:51Z,148.0,1998.6,2.0,2.0,5.8,35.3,RUNNING,
2026-05-01T05:45:52Z,152.5,2045.2,2.2,2.0,6.0,36.0,RUNNING,
2026-05-01T05:45:53Z,147.6,2027.9,2.2,2.0,6.0,36.1,RUNNING,
2026-05-01T05:45:54Z,149.6,2034.1,2.1,2.0,6.0,35.7,RUNNING,
2026-05-01T05:45:55Z,148.8,2033.2,2.1,2.0,6.0,35.6,RUNNING,
2026-05-01T05:45:56Z,147.8,2033.5,2.0,2.0,6.1,35.9,RUNNING,
2026-05-01T05:45:57Z,144.6,2013.9,2.0,2.0,5.8,35.8,RUNNING,
2026-05-01T05:45:58Z,150.9,2040.4,2.2,2.0,6.0,35.8,RUNNING,
2026-05-01T05:45:59Z,150.1,2030.8,2.1,2.0,5.9,35.8,RUNNING,
2026-05-01T05:46:00Z,150.1,2054.3,2.1,2.0,6.1,36.6,RUNNING,
2026-05-01T05:46:01Z,154.5,2073.0,2.2,1.9,6.2,36.8,RUNNING,
2026-05-01T05:46:02Z,154.0,2069.8,2.2,2.0,6.1,36.5,RUNNING,
2026-05-01T05:46:03Z,151.9,2051.1,2.2,2.0,6.1,36.2,RUNNING,
2026-05-01T05:46:04Z,149.2,2049.2,2.2,2.0,6.0,35.9,RUNNING,
2026-05-01T05:46:05Z,149.1,2033.2,2.1,2.0,6.0,35.9,RUNNING,
2026-05-01T05:46:06Z,150.2,2027.9,2.1,2.0,6.1,35.8,RUNNING,
2026-05-01T05:46:07Z,149.2,2041.6,2.1,2.0,6.0,36.0,RUNNING,
2026-05-01T05:46:08Z,149.6,2039.9,2.0,2.0,6.0,35.9,RUNNING,
2026-05-01T05:46:09Z,150.7,2055.7,2.2,2.0,6.1,35.9,RUNNING,
2026-05-01T05:46:10Z,149.9,2047.2,2.1,2.0,6.0,36.4,RUNNING,
2026-05-01T05:46:11Z,151.4,2047.9,2.1,2.0,6.0,36.2,RUNNING,
2026-05-01T05:46:12Z,152.4,2045.8,2.1,2.0,6.1,36.1,RUNNING,
2026-05-01T05:46:13Z,148.8,2016.2,1.9,2.0,6.0,35.5,RUNNING,
2026-05-01T05:46:14Z,153.3,2045.3,2.0,2.0,6.1,36.2,RUNNING,
2026-05-01T05:46:15Z,150.7,2052.5,2.1,1.9,6.0,36.3,RUNNING,
2026-05-01T05:46:16Z,155.8,2091.3,2.1,2.0,6.1,36.8,RUNNING,
2026-05-01T05:46:17Z,155.8,2108.9,2.2,1.9,6.3,37.2,RUNNING,
2026-05-01T05:46:18Z,158.9,2106.6,2.3,1.9,6.3,37.4,RUNNING,
2026-05-01T05:46:19Z,158.2,2119.2,2.3,1.9,6.3,37.3,RUNNING,
2026-05-01T05:46:20Z,154.2,2091.3,2.1,1.9,6.2,37.0,RUNNING,
2026-05-01T05:46:21Z,158.3,2115.7,2.2,1.9,6.3,37.1,RUNNING,
2026-05-01T05:46:22Z,153.4,2078.8,2.2,1.9,6.2,36.9,RUNNING,
2026-05-01T05:46:23Z,155.4,2101.6,2.0,1.9,6.2,36.8,RUNNING,
2026-05-01T05:46:24Z,158.7,2107.6,2.2,1.9,6.3,37.1,RUNNING,
2026-05-01T05:46:25Z,155.1,2110.5,2.1,2.0,6.3,37.1,RUNNING,
2026-05-01T05:46:26Z,150.6,2098.2,2.2,2.0,6.1,36.5,RUNNING,
2026-05-01T05:46:27Z,156.0,2098.3,2.1,1.9,6.2,36.8,RUNNING,
2026-05-01T05:46:28Z,153.2,2057.2,2.0,1.9,6.2,36.4,RUNNING,
2026-05-01T05:46:29Z,156.4,2088.1,2.1,2.0,6.2,36.8,RUNNING,
2026-05-01T05:46:30Z,158.9,2103.5,2.1,1.9,6.2,37.3,RUNNING,
2026-05-01T05:46:31Z,159.2,2131.7,2.3,1.9,6.4,37.5,RUNNING,
2026-05-01T05:46:32Z,163.7,2166.3,2.2,1.9,6.4,37.7,RUNNING,
2026-05-01T05:46:33Z,163.3,2167.6,2.2,1.9,6.6,37.9,RUNNING,
2026-05-01T05:46:34Z,161.5,2168.0,2.3,1.9,6.5,38.0,RUNNING,
2026-05-01T05:46:35Z,163.7,2187.3,2.3,1.8,6.6,38.1,RUNNING,
2026-05-01T05:46:36Z,168.8,2206.2,2.2,1.8,6.7,38.7,RUNNING,
2026-05-01T05:46:37Z,170.5,2237.8,2.4,1.8,6.8,38.8,RUNNING,
2026-05-01T05:46:38Z,168.6,2240.9,2.4,1.8,6.8,39.2,RUNNING,
2026-05-01T05:46:39Z,169.3,2257.9,2.5,1.8,6.8,39.3,RUNNING,
2026-05-01T05:46:40Z,170.2,2246.4,2.5,1.8,6.8,39.1,RUNNING,
2026-05-01T05:46:41Z,167.4,2216.9,2.3,1.8,6.7,38.6,RUNNING,
2026-05-01T05:46:42Z,168.6,2208.8,2.4,1.8,6.6,39.1,RUNNING,
2026-05-01T05:46:43Z,164.3,2199.0,2.4,1.8,6.6,38.4,RUNNING,
2026-05-01T05:46:44Z,162.0,2188.1,2.2,1.9,6.6,38.1,RUNNING,
2026-05-01T05:46:45Z,159.7,2161.0,2.3,1.9,6.4,37.7,RUNNING,
2026-05-01T05:46:46Z,166.2,2197.2,2.3,1.8,6.6,38.2,RUNNING,
2026-05-01T05:46:47Z,165.6,2196.8,2.3,1.8,6.5,38.4,RUNNING,
2026-05-01T05:46:48Z,164.6,2183.0,2.3,1.8,6.6,38.2,RUNNING,
2026-05-01T05:46:49Z,161.2,2176.5,2.3,1.8,6.5,37.9,RUNNING,
2026-05-01T05:46:50Z,165.4,2196.1,2.4,1.8,6.6,38.1,RUNNING,
2026-05-01T05:46:51Z,162.7,2179.7,2.3,1.9,6.5,38.2,RUNNING,
2026-05-01T05:46:52Z,163.0,2155.9,2.2,1.9,6.4,37.8,RUNNING,
2026-05-01T05:46:53Z,163.2,2183.6,2.2,1.9,6.5,38.3,RUNNING,
2026-05-01T05:46:54Z,166.3,2202.1,2.5,1.9,6.6,38.1,RUNNING,
2026-05-01T05:46:55Z,165.6,2186.1,2.3,1.9,6.6,38.4,RUNNING,
2026-05-01T05:46:56Z,162.6,2165.6,2.4,1.9,6.5,37.9,RUNNING,
2026-05-01T05:46:57Z,161.1,2160.8,2.3,1.9,6.4,37.9,RUNNING,
2026-05-01T05:46:58Z,163.1,2185.7,2.3,1.8,6.5,38.3,RUNNING,
2026-05-01T05:46:59Z,163.9,2180.9,2.3,1.9,6.5,38.0,RUNNING,
2026-05-01T05:47:00Z,164.3,2172.5,2.3,1.8,6.6,38.3,RUNNING,
2026-05-01T05:47:01Z,161.4,2138.1,2.3,1.9,6.4,37.6,RUNNING,
2026-05-01T05:47:02Z,162.4,2161.6,2.3,1.8,6.4,38.0,RUNNING,
2026-05-01T05:47:03Z,161.5,2168.5,2.4,1.9,6.5,37.9,RUNNING,
2026-05-01T05:47:04Z,160.7,2163.7,2.3,1.9,6.5,37.9,RUNNING,
2026-05-01T05:47:05Z,161.4,2168.9,2.3,1.9,6.5,37.9,RUNNING,
2026-05-01T05:47:06Z,162.7,2171.6,2.3,1.9,6.5,38.0,RUNNING,
2026-05-01T05:47:07Z,160.1,2141.7,2.3,1.9,6.4,37.6,RUNNING,
2026-05-01T05:47:08Z,162.6,2151.4,2.3,1.9,6.5,37.9,RUNNING,
2026-05-01T05:47:09Z,163.6,2166.0,2.3,1.9,6.5,38.1,RUNNING,
2026-05-01T05:47:10Z,161.6,2162.1,2.2,1.9,6.5,37.6,RUNNING,
2026-05-01T05:47:11Z,163.7,2183.6,2.4,1.8,6.6,38.1,RUNNING,
2026-05-01T05:47:12Z,162.2,2187.2,2.3,1.9,6.5,37.9,RUNNING,
2026-05-01T05:47:13Z,162.6,2169.7,2.3,1.8,6.5,37.8,RUNNING,
2026-05-01T05:47:14Z,161.8,2164.3,2.2,1.9,6.5,38.1,RUNNING,
2026-05-01T05:47:15Z,163.0,2170.0,2.2,1.9,6.5,37.9,RUNNING,
2026-05-01T05:47:16Z,160.8,2159.6,2.3,1.9,6.4,37.6,RUNNING,
2026-05-01T05:47:17Z,163.2,2163.6,2.3,1.9,6.5,38.1,RUNNING,
2026-05-01T05:47:18Z,163.8,2181.7,2.2,1.9,6.6,38.0,RUNNING,
2026-05-01T05:47:19Z,166.3,2202.6,2.5,1.8,6.6,38.3,RUNNING,
2026-05-01T05:47:20Z,168.3,2218.3,2.4,1.8,6.8,38.8,RUNNING,
2026-05-01T05:47:21Z,168.0,2228.2,2.4,1.9,6.7,38.9,RUNNING,
2026-05-01T05:47:22Z,171.8,2249.5,2.5,1.8,6.9,39.1,RUNNING,
2026-05-01T05:47:23Z,171.7,2259.3,2.4,1.8,6.8,39.4,RUNNING,
2026-05-01T05:47:24Z,171.9,2271.8,2.5,1.8,6.8,39.6,RUNNING,
2026-05-01T05:47:25Z,170.2,2266.9,2.5,1.8,6.8,39.1,RUNNING,
2026-05-01T05:47:26Z,170.1,2236.9,2.4,1.8,6.8,39.3,RUNNING,
2026-05-01T05:47:27Z,168.8,2246.9,2.4,1.8,6.8,39.0,RUNNING,
2026-05-01T05:47:28Z,169.2,2234.3,2.5,1.8,6.8,39.0,RUNNING,
2026-05-01T05:47:29Z,169.1,2243.7,2.5,1.8,6.8,39.2,RUNNING,
2026-05-01T05:47:30Z,165.0,2214.8,2.4,1.8,6.6,38.5,RUNNING,
2026-05-01T05:47:31Z,166.4,2231.0,2.4,1.8,6.6,38.9,RUNNING,
2026-05-01T05:47:32Z,168.5,2236.4,2.4,1.8,6.8,39.0,RUNNING,
2026-05-01T05:47:33Z,169.3,2241.1,2.4,1.8,6.7,38.9,RUNNING,
2026-05-01T05:47:34Z,163.8,2198.3,2.3,1.9,6.6,38.7,RUNNING,
2026-05-01T05:47:35Z,166.5,2214.1,2.3,1.8,6.7,38.6,RUNNING,
2026-05-01T05:47:36Z,168.7,2217.3,2.4,1.8,6.8,38.8,RUNNING,
2026-05-01T05:47:37Z,168.1,2226.0,2.4,1.8,6.7,39.0,RUNNING,
2026-05-01T05:47:38Z,166.3,2217.2,2.4,1.9,6.8,38.6,RUNNING,
2026-05-01T05:47:39Z,168.4,2225.4,2.5,1.8,6.7,39.1,RUNNING,
2026-05-01T05:47:40Z,165.2,2189.9,2.4,1.8,6.7,38.3,RUNNING,
2026-05-01T05:47:41Z,166.0,2224.4,2.5,1.8,6.7,38.7,RUNNING,
2026-05-01T05:47:42Z,166.4,2206.0,2.4,1.8,6.7,38.7,RUNNING,
2026-05-01T05:47:43Z,166.9,2213.1,2.5,1.9,6.6,38.4,RUNNING,
2026-05-01T05:47:44Z,170.6,2231.5,2.4,1.8,6.7,39.1,RUNNING,
2026-05-01T05:47:45Z,165.6,2229.3,2.4,1.8,6.7,38.9,RUNNING,
2026-05-01T05:47:46Z,163.5,2187.3,2.3,1.8,6.5,38.3,RUNNING,
2026-05-01T05:47:47Z,166.5,2220.8,2.4,1.8,6.8,38.6,RUNNING,
2026-05-01T05:47:48Z,171.1,2244.2,2.4,1.8,6.8,39.2,RUNNING,
2026-05-01T05:47:49Z,168.8,2226.9,2.5,1.8,6.7,39.1,RUNNING,
2026-05-01T05:47:50Z,168.3,2250.4,2.4,1.8,6.7,39.3,RUNNING,
2026-05-01T05:47:51Z,172.7,2261.9,2.5,1.8,6.9,39.7,RUNNING,
2026-05-01T05:47:52Z,171.1,2249.2,2.5,1.8,6.8,39.0,RUNNING,
2026-05-01T05:47:53Z,173.3,2279.2,2.4,1.8,6.8,39.6,RUNNING,
2026-05-01T05:47:54Z,176.1,2289.4,2.5,1.7,7.0,40.1,RUNNING,
2026-05-01T05:47:55Z,172.0,2302.3,2.6,1.8,7.0,40.2,RUNNING,
2026-05-01T05:47:56Z,177.8,2318.0,2.5,1.7,7.1,40.3,RUNNING,
2026-05-01T05:47:57Z,180.5,2348.3,2.6,1.7,7.1,40.9,RUNNING,
2026-05-01T05:47:58Z,180.3,2357.1,2.5,1.7,7.3,40.6,RUNNING,
2026-05-01T05:47:59Z,183.5,2357.5,2.6,1.7,7.2,40.8,RUNNING,
2026-05-01T05:48:00Z,184.4,2394.6,2.8,1.7,7.4,41.6,RUNNING,
2026-05-01T05:48:01Z,186.9,2412.5,2.7,1.7,7.5,41.7,RUNNING,
2026-05-01T05:48:02Z,185.3,2410.2,2.6,1.7,7.4,41.7,RUNNING,
2026-05-01T05:48:03Z,186.4,2408.8,2.6,1.7,7.3,41.4,RUNNING,
2026-05-01T05:48:04Z,185.7,2401.5,2.7,1.7,7.4,41.5,RUNNING,
2026-05-01T05:48:05Z,182.9,2388.4,2.6,1.7,7.4,41.5,RUNNING,
2026-05-01T05:48:06Z,179.1,2379.6,2.6,1.7,7.2,41.1,RUNNING,
2026-05-01T05:48:07Z,178.6,2354.3,2.6,1.7,7.2,40.9,RUNNING,
2026-05-01T05:48:08Z,179.6,2360.3,2.6,1.7,7.3,40.7,RUNNING,
2026-05-01T05:48:09Z,178.6,2341.2,2.6,1.8,7.1,40.4,RUNNING,
2026-05-01T05:48:10Z,182.6,2363.7,2.5,1.7,7.2,41.0,RUNNING,
2026-05-01T05:48:11Z,182.7,2388.2,2.6,1.6,7.4,41.5,RUNNING,
2026-05-01T05:48:12Z,183.9,2369.6,2.5,1.7,7.4,41.0,RUNNING,
2026-05-01T05:48:13Z,179.3,2371.5,2.5,1.7,7.3,41.0,RUNNING,
2026-05-01T05:48:14Z,181.5,2370.3,2.6,1.7,7.2,41.2,RUNNING,
2026-05-01T05:48:15Z,182.4,2380.9,2.6,1.7,7.2,41.2,RUNNING,
2026-05-01T05:48:16Z,180.4,2353.4,2.6,1.7,7.2,40.9,RUNNING,
2026-05-01T05:48:17Z,178.0,2348.9,2.6,1.7,7.1,40.9,RUNNING,
2026-05-01T05:48:18Z,179.9,2352.3,2.5,1.7,7.2,40.7,RUNNING,
2026-05-01T05:48:19Z,175.2,2328.0,2.6,1.7,7.0,40.4,RUNNING,
2026-05-01T05:48:20Z,176.8,2312.5,2.6,1.8,7.0,40.0,RUNNING,
2026-05-01T05:48:21Z,174.9,2299.2,2.6,1.7,7.0,40.1,RUNNING,
2026-05-01T05:48:22Z,174.6,2296.6,2.4,1.7,7.0,40.2,RUNNING,
2026-05-01T05:48:23Z,172.9,2273.5,2.5,1.7,6.9,39.5,RUNNING,
2026-05-01T05:48:24Z,171.4,2268.7,2.6,1.8,6.9,39.6,RUNNING,
2026-05-01T05:48:25Z,173.3,2283.5,2.5,1.7,6.9,39.8,RUNNING,
2026-05-01T05:48:26Z,170.7,2275.5,2.5,1.8,6.9,39.3,RUNNING,
2026-05-01T05:48:27Z,173.0,2282.6,2.4,1.8,6.9,39.7,RUNNING,
2026-05-01T05:48:28Z,174.7,2277.3,2.5,1.8,6.9,40.1,RUNNING,
2026-05-01T05:48:29Z,173.3,2279.0,2.5,1.8,6.9,39.9,RUNNING,
2026-05-01T05:48:30Z,175.5,2318.5,2.5,1.7,7.0,40.5,RUNNING,
2026-05-01T05:48:31Z,176.6,2317.9,2.4,1.7,7.0,40.5,RUNNING,
2026-05-01T05:48:32Z,182.3,2342.0,2.5,1.7,7.1,40.7,RUNNING,
2026-05-01T05:48:33Z,180.7,2354.0,2.5,1.7,7.2,41.1,RUNNING,
2026-05-01T05:48:34Z,179.4,2338.6,2.6,1.7,7.1,40.9,RUNNING,
2026-05-01T05:48:35Z,178.3,2338.1,2.6,1.7,7.1,40.8,RUNNING,
2026-05-01T05:48:36Z,179.9,2349.4,2.5,1.7,7.2,40.6,RUNNING,
2026-05-01T05:48:37Z,178.6,2348.0,2.5,1.7,7.2,40.4,RUNNING,
2026-05-01T05:48:38Z,181.5,2353.5,2.5,1.7,7.2,40.7,RUNNING,
2026-05-01T05:48:39Z,181.2,2342.4,2.5,1.7,7.2,40.5,RUNNING,
2026-05-01T05:48:40Z,180.7,2347.8,2.5,1.7,7.2,40.7,RUNNING,
2026-05-01T05:48:41Z,181.7,2355.9,2.6,1.7,7.2,41.0,RUNNING,
2026-05-01T05:48:42Z,181.3,2375.5,2.7,1.7,7.2,41.1,RUNNING,
2026-05-01T05:48:43Z,178.2,2343.3,2.5,1.7,7.1,40.7,RUNNING,
2026-05-01T05:48:44Z,179.4,2333.6,2.6,1.7,7.1,40.4,RUNNING,
2026-05-01T05:48:45Z,179.4,2340.0,2.6,1.7,7.2,40.4,RUNNING,
2026-05-01T05:48:46Z,175.2,2333.2,2.5,1.7,7.1,40.5,RUNNING,
2026-05-01T05:48:47Z,181.7,2353.0,2.5,1.7,7.2,40.8,RUNNING,
2026-05-01T05:48:48Z,176.1,2318.7,2.5,1.7,7.1,40.4,RUNNING,
2026-05-01T05:48:49Z,175.8,2298.7,2.6,1.8,7.0,40.2,RUNNING,
2026-05-01T05:48:50Z,170.6,2273.9,2.5,1.8,6.9,39.5,RUNNING,
2026-05-01T05:48:51Z,174.2,2276.3,2.5,1.8,7.0,40.0,RUNNING,
2026-05-01T05:48:52Z,172.9,2281.9,2.4,1.7,6.9,39.5,RUNNING,
2026-05-01T05:48:53Z,169.9,2244.1,2.5,1.8,6.7,39.1,RUNNING,
2026-05-01T05:48:54Z,167.8,2230.5,2.3,1.9,6.8,38.8,RUNNING,
2026-05-01T05:48:55Z,170.9,2251.0,2.5,1.8,6.8,39.3,RUNNING,
2026-05-01T05:48:56Z,170.1,2260.7,2.4,1.8,6.8,39.4,RUNNING,
2026-05-01T05:48:57Z,173.1,2284.5,2.5,1.8,7.0,39.9,RUNNING,
2026-05-01T05:48:58Z,170.6,2279.5,2.5,1.8,7.0,39.9,RUNNING,
2026-05-01T05:48:59Z,175.1,2293.2,2.5,1.8,7.0,39.9,RUNNING,
2026-05-01T05:49:00Z,169.6,2258.0,2.4,1.8,6.8,39.5,RUNNING,
2026-05-01T05:49:01Z,170.3,2235.0,2.4,1.8,6.8,39.0,RUNNING,
2026-05-01T05:49:02Z,170.1,2252.8,2.4,1.8,6.8,39.1,RUNNING,
2026-05-01T05:49:03Z,168.6,2237.5,2.5,1.8,6.8,39.2,RUNNING,
2026-05-01T05:49:04Z,169.6,2249.5,2.4,1.8,6.7,39.1,RUNNING,
2026-05-01T05:49:05Z,169.4,2254.2,2.4,1.8,6.9,39.0,RUNNING,
2026-05-01T05:49:06Z,169.2,2239.5,2.4,1.8,6.8,39.3,RUNNING,
2026-05-01T05:49:07Z,168.7,2241.6,2.5,1.8,6.8,39.1,RUNNING,
2026-05-01T05:49:08Z,167.7,2225.0,2.4,1.8,6.7,38.7,RUNNING,
2026-05-01T05:49:09Z,166.8,2195.5,2.3,1.9,6.7,38.3,RUNNING,
2026-05-01T05:49:10Z,165.3,2190.6,2.3,1.8,6.7,38.6,RUNNING,
2026-05-01T05:49:11Z,165.0,2190.8,2.3,1.8,6.7,38.5,RUNNING,
2026-05-01T05:49:12Z,158.8,2161.4,2.2,1.9,6.4,37.7,RUNNING,
2026-05-01T05:49:13Z,161.1,2153.6,2.3,1.9,6.4,38.0,RUNNING,
2026-05-01T05:49:14Z,162.7,2167.4,2.4,1.9,6.5,38.0,RUNNING,
2026-05-01T05:49:15Z,163.9,2175.7,2.5,1.9,6.5,38.4,RUNNING,
2026-05-01T05:49:16Z,164.2,2171.0,2.3,1.9,6.6,38.4,RUNNING,
2026-05-01T05:49:17Z,163.7,2191.8,2.4,1.8,6.5,38.4,RUNNING,
2026-05-01T05:49:18Z,160.2,2144.7,2.2,1.9,6.4,37.5,RUNNING,
2026-05-01T05:49:19Z,160.6,2156.2,2.4,1.9,6.4,37.7,RUNNING,
2026-05-01T05:49:20Z,160.0,2127.5,2.3,1.9,6.3,37.2,RUNNING,
2026-05-01T05:49:21Z,156.2,2104.6,2.2,1.9,6.2,36.9,RUNNING,
2026-05-01T05:49:22Z,158.1,2128.6,2.3,1.9,6.2,37.3,RUNNING,
2026-05-01T05:49:23Z,155.9,2126.0,2.3,1.9,6.3,37.3,RUNNING,
2026-05-01T05:49:24Z,159.6,2152.2,2.4,1.9,6.5,37.5,RUNNING,
2026-05-01T05:49:25Z,159.6,2150.0,2.3,1.9,6.4,37.7,RUNNING,
2026-05-01T05:49:26Z,160.0,2137.6,2.2,1.9,6.4,37.8,RUNNING,
2026-05-01T05:49:27Z,158.5,2144.9,2.3,1.9,6.4,37.4,RUNNING,
2026-05-01T05:49:28Z,156.3,2101.4,2.2,1.9,6.3,37.1,RUNNING,
2026-05-01T05:49:29Z,159.7,2137.4,2.2,1.9,6.4,37.2,RUNNING,
2026-05-01T05:49:30Z,157.3,2108.9,2.2,1.9,6.3,37.2,RUNNING,
2026-05-01T05:49:31Z,157.5,2116.8,2.2,1.9,6.3,37.0,RUNNING,
2026-05-01T05:49:32Z,159.1,2133.8,2.3,1.9,6.4,37.6,RUNNING,
2026-05-01T05:49:33Z,159.7,2138.8,2.3,1.9,6.4,37.7,RUNNING,
2026-05-01T05:49:34Z,160.8,2152.2,2.2,1.9,6.4,37.7,RUNNING,
2026-05-01T05:49:35Z,160.9,2150.4,2.3,1.9,6.5,38.1,RUNNING,
2026-05-01T05:49:36Z,162.8,2168.6,2.2,1.9,6.4,37.7,RUNNING,
2026-05-01T05:49:37Z,161.9,2172.9,2.3,1.8,6.5,38.0,RUNNING,
2026-05-01T05:49:38Z,163.7,2166.6,2.3,1.9,6.5,38.0,RUNNING,
2026-05-01T05:49:39Z,164.1,2191.5,2.3,1.8,6.6,38.1,RUNNING,
2026-05-01T05:49:40Z,165.2,2211.4,2.4,1.9,6.6,38.7,RUNNING,
2026-05-01T05:49:41Z,171.5,2255.3,2.5,1.8,6.9,39.3,RUNNING,
2026-05-01T05:49:42Z,172.9,2260.9,2.4,1.8,6.8,39.6,RUNNING,
2026-05-01T05:49:43Z,171.9,2264.1,2.4,1.8,6.9,39.2,RUNNING,
2026-05-01T05:49:44Z,170.2,2238.7,2.3,1.8,6.8,39.2,RUNNING,
2026-05-01T05:49:45Z,171.1,2277.8,2.3,1.8,6.9,39.5,RUNNING,
2026-05-01T05:49:46Z,169.8,2246.8,2.5,1.8,6.8,39.2,RUNNING,
2026-05-01T05:49:47Z,172.2,2261.4,2.5,1.8,6.9,39.4,RUNNING,
2026-05-01T05:49:48Z,169.5,2241.1,2.4,1.8,6.9,39.3,RUNNING,
2026-05-01T05:49:49Z,169.7,2244.8,2.4,1.8,6.8,39.0,RUNNING,
2026-05-01T05:49:50Z,169.8,2238.4,2.5,1.8,6.7,38.9,RUNNING,
2026-05-01T05:49:51Z,166.8,2221.9,2.3,1.8,6.6,38.9,RUNNING,
2026-05-01T05:49:52Z,169.7,2245.3,2.3,1.8,6.7,38.7,RUNNING,
2026-05-01T05:49:53Z,167.7,2235.0,2.4,1.8,6.7,38.9,RUNNING,
2026-05-01T05:49:54Z,169.1,2246.9,2.3,1.8,6.8,39.1,RUNNING,
2026-05-01T05:49:55Z,167.5,2231.3,2.3,1.8,6.7,38.8,RUNNING,
2026-05-01T05:49:56Z,167.2,2205.6,2.3,1.8,6.6,38.7,RUNNING,
2026-05-01T05:49:57Z,167.6,2220.3,2.5,1.8,6.7,39.1,RUNNING,
2026-05-01T05:49:58Z,164.3,2189.3,2.4,1.8,6.6,38.4,RUNNING,
2026-05-01T05:49:59Z,166.5,2181.4,2.4,1.9,6.6,38.3,RUNNING,
2026-05-01T05:50:00Z,160.2,2136.1,2.3,1.9,6.4,37.6,RUNNING,
2026-05-01T05:50:01Z,156.1,2130.5,2.3,1.9,6.4,37.2,RUNNING,
2026-05-01T05:50:02Z,154.9,2079.8,2.1,1.9,6.2,36.6,RUNNING,
2026-05-01T05:50:03Z,152.2,2070.4,2.1,2.0,6.2,36.5,RUNNING,
2026-05-01T05:50:04Z,152.5,2077.7,2.1,2.0,6.2,36.5,RUNNING,
2026-05-01T05:50:05Z,151.2,2066.1,2.2,2.0,6.1,36.2,RUNNING,
2026-05-01T05:50:06Z,150.0,2041.5,2.2,2.0,6.0,36.0,RUNNING,
2026-05-01T05:50:07Z,149.3,2037.1,2.0,2.0,6.0,35.8,RUNNING,
2026-05-01T05:50:08Z,151.6,2046.6,2.1,2.0,6.2,36.3,RUNNING,
2026-05-01T05:50:09Z,149.9,2024.5,2.1,2.0,6.0,35.9,RUNNING,
2026-05-01T05:50:10Z,146.6,2018.4,2.0,2.0,6.0,35.8,RUNNING,
2026-05-01T05:50:11Z,151.7,2034.3,2.1,2.0,6.0,36.0,RUNNING,
2026-05-01T05:50:12Z,149.9,2029.5,2.1,2.0,5.8,35.6,RUNNING,
2026-05-01T05:50:13Z,147.7,2019.9,2.1,2.0,6.0,35.7,RUNNING,
2026-05-01T05:50:14Z,149.1,2021.8,2.3,2.0,5.9,35.9,RUNNING,
2026-05-01T05:50:15Z,147.3,2003.0,2.1,2.0,5.9,35.9,RUNNING,
2026-05-01T05:50:16Z,145.8,2007.9,2.0,2.0,5.8,35.6,RUNNING,
2026-05-01T05:50:17Z,144.9,2000.0,1.9,2.1,5.8,35.2,RUNNING,
2026-05-01T05:50:18Z,141.7,1958.0,2.0,2.1,5.7,34.6,RUNNING,
2026-05-01T05:50:19Z,144.6,1969.7,2.1,2.0,5.7,35.1,RUNNING,
2026-05-01T05:50:20Z,141.3,1966.1,2.0,2.1,5.7,35.1,RUNNING,
2026-05-01T05:50:21Z,144.0,1962.8,2.0,2.1,5.8,34.9,RUNNING,
2026-05-01T05:50:22Z,143.6,1974.7,2.0,2.0,5.8,35.0,RUNNING,
2026-05-01T05:50:23Z,142.5,1946.1,2.0,2.1,5.6,34.8,RUNNING,
2026-05-01T05:50:24Z,143.8,1958.8,2.0,2.0,5.6,34.8,RUNNING,
2026-05-01T05:50:25Z,145.7,1995.8,2.0,2.1,5.8,35.1,RUNNING,
2026-05-01T05:50:26Z,141.2,1969.3,2.0,2.1,5.7,34.8,RUNNING,
2026-05-01T05:50:27Z,142.2,1966.5,1.9,2.0,5.7,35.0,RUNNING,
2026-05-01T05:50:28Z,142.2,1959.3,2.0,2.1,5.7,34.9,RUNNING,
2026-05-01T05:50:29Z,143.0,1955.1,2.0,2.1,5.7,35.0,RUNNING,
2026-05-01T05:50:30Z,144.9,1981.7,2.0,2.1,5.9,35.2,RUNNING,
2026-05-01T05:50:31Z,147.6,1999.0,2.0,2.0,5.9,35.5,RUNNING,
2026-05-01T05:50:32Z,146.6,2000.2,2.0,2.0,5.8,35.5,RUNNING,
2026-05-01T05:50:33Z,140.7,1950.2,2.0,2.1,5.6,34.8,RUNNING,
2026-05-01T05:50:34Z,143.9,1959.9,2.0,2.1,5.7,34.8,RUNNING,
2026-05-01T05:50:35Z,142.7,1960.5,2.0,2.1,5.7,34.9,RUNNING,
2026-05-01T05:50:36Z,140.1,1960.1,2.1,2.1,5.7,34.6,RUNNING,
2026-05-01T05:50:37Z,144.6,1977.3,2.1,2.0,5.8,35.3,RUNNING,
2026-05-01T05:50:38Z,146.4,2020.3,2.1,2.1,5.9,35.6,RUNNING,
2026-05-01T05:50:39Z,151.7,2043.0,2.1,2.0,6.1,35.9,RUNNING,
2026-05-01T05:50:40Z,147.6,2011.6,2.0,2.0,5.9,35.6,RUNNING,
2026-05-01T05:50:41Z,151.3,2028.9,2.1,2.0,6.1,35.8,RUNNING,
2026-05-01T05:50:42Z,153.7,2055.5,2.1,2.0,6.1,36.3,RUNNING,
2026-05-01T05:50:43Z,152.4,2072.5,2.3,1.9,6.1,36.6,RUNNING,
2026-05-01T05:50:44Z,153.5,2076.4,2.1,2.0,6.2,36.7,RUNNING,
2026-05-01T05:50:45Z,154.0,2081.9,2.3,2.0,6.1,36.5,RUNNING,
2026-05-01T05:50:46Z,152.9,2073.8,2.1,2.0,6.2,36.8,RUNNING,
2026-05-01T05:50:47Z,150.9,2073.0,2.1,1.9,6.1,36.5,RUNNING,
2026-05-01T05:50:48Z,151.2,2062.5,2.0,2.0,6.1,36.3,RUNNING,
2026-05-01T05:50:49Z,157.5,2080.1,2.2,1.9,6.2,36.8,RUNNING,
2026-05-01T05:50:50Z,153.4,2079.0,2.1,2.0,6.2,36.6,RUNNING,
2026-05-01T05:50:51Z,159.5,2134.0,2.3,1.9,6.4,37.2,RUNNING,
2026-05-01T05:50:52Z,160.9,2153.4,2.4,1.9,6.5,37.8,RUNNING,
2026-05-01T05:50:53Z,161.0,2161.3,2.3,1.9,6.5,38.0,RUNNING,
2026-05-01T05:50:54Z,162.9,2156.4,2.2,1.9,6.5,37.9,RUNNING,
2026-05-01T05:50:55Z,161.9,2154.8,2.2,1.9,6.5,38.0,RUNNING,
2026-05-01T05:50:56Z,160.8,2167.7,2.3,1.9,6.5,37.7,RUNNING,
2026-05-01T05:50:57Z,159.0,2131.5,2.2,1.9,6.4,37.6,RUNNING,
2026-05-01T05:50:58Z,155.8,2129.6,2.2,1.9,6.3,37.2,RUNNING,
2026-05-01T05:50:59Z,160.3,2151.2,2.3,1.9,6.3,37.6,RUNNING,
2026-05-01T05:51:00Z,163.1,2159.1,2.3,1.9,6.4,38.2,RUNNING,
2026-05-01T05:51:01Z,160.3,2148.2,2.2,1.9,6.5,37.9,RUNNING,
2026-05-01T05:51:02Z,159.1,2140.7,2.2,1.9,6.3,37.1,RUNNING,
2026-05-01T05:51:03Z,159.5,2143.9,2.3,1.9,6.4,37.5,RUNNING,
2026-05-01T05:51:04Z,160.6,2144.9,2.2,1.9,6.4,37.8,RUNNING,
2026-05-01T05:51:05Z,153.4,2085.8,2.0,1.9,6.2,36.7,RUNNING,
2026-05-01T05:51:06Z,154.6,2080.6,2.3,1.9,6.2,37.0,RUNNING,
2026-05-01T05:51:07Z,149.7,2061.7,2.1,2.0,6.1,36.6,RUNNING,
2026-05-01T05:51:08Z,154.9,2096.7,2.3,1.9,6.3,36.9,RUNNING,
2026-05-01T05:51:09Z,155.0,2091.3,2.2,2.0,6.3,36.9,RUNNING,
2026-05-01T05:51:10Z,157.4,2104.1,2.2,2.0,6.1,37.1,RUNNING,
2026-05-01T05:51:11Z,156.9,2110.7,2.4,1.9,6.2,37.2,RUNNING,
2026-05-01T05:51:12Z,159.3,2120.7,2.1,1.9,6.4,37.2,RUNNING,
2026-05-01T05:51:13Z,153.4,2080.6,2.1,2.0,6.2,36.6,RUNNING,
2026-05-01T05:51:14Z,154.6,2106.1,2.2,2.0,6.2,37.0,RUNNING,
2026-05-01T05:51:15Z,154.7,2110.6,2.2,2.0,6.2,37.2,RUNNING,
2026-05-01T05:51:16Z,156.0,2105.9,2.2,1.9,6.2,36.9,RUNNING,
2026-05-01T05:51:17Z,151.6,2055.1,2.1,2.0,6.0,36.3,RUNNING,
2026-05-01T05:51:18Z,151.9,2068.9,2.2,2.0,6.1,36.4,RUNNING,
2026-05-01T05:51:19Z,151.6,2056.8,2.1,2.0,6.0,36.2,RUNNING,
2026-05-01T05:51:20Z,154.0,2091.8,2.2,2.0,6.1,36.2,RUNNING,
2026-05-01T05:51:21Z,155.0,2083.1,2.2,1.9,6.2,36.7,RUNNING,
2026-05-01T05:51:22Z,152.7,2084.7,2.2,1.9,6.2,36.7,RUNNING,
2026-05-01T05:51:23Z,155.8,2089.0,2.2,2.0,6.2,37.1,RUNNING,
2026-05-01T05:51:24Z,157.4,2106.9,2.4,2.0,6.3,37.2,RUNNING,
2026-05-01T05:51:25Z,154.6,2092.6,2.1,2.0,6.1,36.9,RUNNING,
2026-05-01T05:51:26Z,154.9,2088.3,2.1,2.0,6.2,36.8,RUNNING,
2026-05-01T05:51:27Z,157.8,2100.1,2.2,1.9,6.3,37.0,RUNNING,
2026-05-01T05:51:28Z,156.3,2091.1,2.2,2.0,6.2,36.9,RUNNING,
2026-05-01T05:51:29Z,154.9,2075.7,2.2,2.0,6.3,36.6,RUNNING,
2026-05-01T05:51:30Z,154.0,2090.8,2.2,2.0,6.2,36.5,RUNNING,
2026-05-01T05:51:31Z,156.6,2102.2,2.2,1.9,6.2,37.1,RUNNING,
2026-05-01T05:51:32Z,158.5,2127.3,2.1,1.9,6.4,37.5,RUNNING,
2026-05-01T05:51:33Z,156.1,2100.9,2.2,1.9,6.2,36.9,RUNNING,
2026-05-01T05:51:34Z,154.2,2081.1,2.1,2.0,6.1,36.4,RUNNING,
2026-05-01T05:51:35Z,154.2,2078.1,2.2,2.0,6.1,36.6,RUNNING,
2026-05-01T05:51:36Z,149.7,2035.5,2.2,2.0,6.0,36.2,RUNNING,
2026-05-01T05:51:37Z,149.3,2036.3,2.1,2.0,6.0,36.2,RUNNING,
2026-05-01T05:51:38Z,152.5,2057.4,2.2,2.0,6.0,36.1,RUNNING,
2026-05-01T05:51:39Z,149.2,2032.6,2.1,2.0,6.0,35.9,RUNNING,
2026-05-01T05:51:40Z,150.6,2042.3,2.1,2.0,6.0,36.0,RUNNING,
2026-05-01T05:51:41Z,149.5,2042.3,2.1,2.0,6.0,36.1,RUNNING,
2026-05-01T05:51:42Z,149.7,2035.3,2.1,2.0,6.0,35.6,RUNNING,
2026-05-01T05:51:43Z,149.6,2034.4,2.0,2.0,6.1,36.0,RUNNING,
2026-05-01T05:51:44Z,149.3,2023.7,2.0,2.0,6.0,35.9,RUNNING,
2026-05-01T05:51:45Z,151.2,2051.9,2.2,2.0,6.0,36.0,RUNNING,
2026-05-01T05:51:46Z,151.9,2084.4,2.2,2.0,6.1,36.6,RUNNING,
2026-05-01T05:51:47Z,154.6,2110.3,2.3,1.9,6.3,37.1,RUNNING,
2026-05-01T05:51:48Z,155.4,2114.0,2.1,2.0,6.3,36.9,RUNNING,
2026-05-01T05:51:49Z,157.6,2092.5,2.2,2.0,6.2,37.1,RUNNING,
2026-05-01T05:51:50Z,154.1,2085.0,2.2,2.0,6.1,36.7,RUNNING,
2026-05-01T05:51:51Z,152.8,2072.1,2.2,2.0,6.2,36.5,RUNNING,
2026-05-01T05:51:52Z,154.0,2096.0,2.2,1.9,6.2,36.9,RUNNING,
2026-05-01T05:51:53Z,154.7,2074.1,2.1,2.0,6.1,36.8,RUNNING,
2026-05-01T05:51:54Z,152.0,2084.8,2.2,2.0,6.1,36.4,RUNNING,
2026-05-01T05:51:55Z,151.0,2071.4,2.2,2.0,6.1,36.6,RUNNING,
2026-05-01T05:51:56Z,152.6,2078.5,2.2,2.0,6.2,36.6,RUNNING,
2026-05-01T05:51:57Z,150.7,2059.7,2.1,2.0,6.0,36.3,RUNNING,
2026-05-01T05:51:58Z,153.8,2066.5,2.2,2.0,6.1,36.4,RUNNING,
2026-05-01T05:51:59Z,152.3,2083.7,2.2,1.9,6.1,36.6,RUNNING,
2026-05-01T05:52:00Z,152.6,2067.6,2.2,1.9,6.1,36.5,RUNNING,
2026-05-01T05:52:01Z,154.0,2083.5,2.1,2.0,6.1,36.6,RUNNING,
2026-05-01T05:52:02Z,153.3,2068.1,2.1,2.0,6.2,36.5,RUNNING,
2026-05-01T05:52:03Z,153.5,2064.3,2.2,2.0,6.1,36.5,RUNNING,
2026-05-01T05:52:04Z,157.2,2106.1,2.2,2.0,6.3,37.2,RUNNING,
2026-05-01T05:52:05Z,156.5,2091.5,2.2,2.0,6.3,36.3,RUNNING,
2026-05-01T05:52:06Z,153.3,2064.4,2.1,1.9,6.1,36.3,RUNNING,
2026-05-01T05:52:07Z,152.6,2063.2,2.2,1.9,6.1,36.2,RUNNING,
2026-05-01T05:52:08Z,152.7,2076.3,2.2,2.0,6.1,36.4,RUNNING,
2026-05-01T05:52:09Z,155.8,2092.3,2.3,1.9,6.3,36.7,RUNNING,
2026-05-01T05:52:10Z,153.4,2061.9,2.1,2.0,6.1,36.3,RUNNING,
2026-05-01T05:52:11Z,153.2,2068.0,2.2,2.0,6.1,36.4,RUNNING,
2026-05-01T05:52:12Z,154.5,2092.1,2.2,1.9,6.2,36.7,RUNNING,
2026-05-01T05:52:13Z,155.0,2082.1,2.3,2.0,6.2,36.6,RUNNING,
2026-05-01T05:52:14Z,153.1,2083.7,2.1,1.9,6.1,36.4,RUNNING,
2026-05-01T05:52:15Z,152.6,2089.0,2.2,2.0,6.2,36.5,RUNNING,
2026-05-01T05:52:16Z,154.8,2066.7,2.2,1.9,6.2,36.8,RUNNING,
2026-05-01T05:52:17Z,151.2,2067.3,2.3,2.0,6.0,36.4,RUNNING,
2026-05-01T05:52:18Z,151.5,2056.7,2.1,2.0,6.1,36.3,RUNNING,
2026-05-01T05:52:19Z,151.8,2088.6,2.2,2.0,6.2,36.7,RUNNING,
2026-05-01T05:52:20Z,155.6,2097.3,2.3,1.9,6.2,36.8,RUNNING,
2026-05-01T05:52:21Z,158.1,2129.8,2.2,1.9,6.2,37.6,RUNNING,
2026-05-01T05:52:22Z,151.8,2102.4,2.1,2.0,6.3,37.0,RUNNING,
2026-05-01T05:52:23Z,154.1,2069.3,2.1,2.0,6.1,36.6,RUNNING,
2026-05-01T05:52:24Z,149.5,2064.4,2.2,2.0,6.1,36.2,RUNNING,
2026-05-01T05:52:25Z,150.7,2039.6,2.1,2.0,6.0,36.0,RUNNING,
2026-05-01T05:52:26Z,149.1,2031.3,2.1,2.0,6.0,35.9,RUNNING,
2026-05-01T05:52:27Z,149.3,2036.2,2.1,2.0,6.0,36.0,RUNNING,
2026-05-01T05:52:28Z,149.7,2035.9,2.0,2.0,6.0,35.9,RUNNING,
2026-05-01T05:52:29Z,150.1,2027.2,2.0,2.0,6.0,35.7,RUNNING,
2026-05-01T05:52:30Z,147.2,2024.6,2.0,2.0,5.9,35.8,RUNNING,
2026-05-01T05:52:31Z,149.8,2030.8,2.2,2.0,6.0,35.8,RUNNING,
2026-05-01T05:52:32Z,150.1,2043.6,2.2,2.0,6.0,36.2,RUNNING,
2026-05-01T05:52:33Z,151.4,2049.7,2.0,2.0,6.0,36.1,RUNNING,
2026-05-01T05:52:34Z,154.4,2060.0,2.1,2.0,6.0,36.2,RUNNING,
2026-05-01T05:52:35Z,154.0,2084.4,2.2,2.0,6.2,36.6,RUNNING,
2026-05-01T05:52:36Z,153.8,2073.5,2.2,1.9,6.1,36.4,RUNNING,
2026-05-01T05:52:37Z,154.1,2075.8,2.2,1.9,6.1,36.6,RUNNING,
2026-05-01T05:52:38Z,154.7,2092.0,2.2,1.9,6.2,36.8,RUNNING,
2026-05-01T05:52:39Z,156.7,2105.1,2.2,2.0,6.2,37.1,RUNNING,
2026-05-01T05:52:40Z,155.3,2090.2,2.2,2.0,6.3,36.8,RUNNING,
2026-05-01T05:52:41Z,157.1,2113.4,2.1,1.9,6.2,37.2,RUNNING,
2026-05-01T05:52:42Z,160.1,2140.6,2.2,1.9,6.4,37.6,RUNNING,
2026-05-01T05:52:43Z,160.7,2157.1,2.2,1.9,6.4,37.9,RUNNING,
2026-05-01T05:52:44Z,158.3,2112.0,2.2,1.9,6.3,37.2,RUNNING,
2026-05-01T05:52:45Z,155.3,2101.0,2.2,1.9,6.3,36.8,RUNNING,
2026-05-01T05:52:46Z,153.5,2079.3,2.1,1.9,6.2,36.6,RUNNING,
2026-05-01T05:52:47Z,154.3,2079.2,2.1,2.0,6.2,36.6,RUNNING,
2026-05-01T05:52:48Z,154.2,2071.9,2.2,2.0,6.1,36.6,RUNNING,
2026-05-01T05:52:49Z,153.3,2064.6,2.1,2.0,6.1,36.7,RUNNING,
2026-05-01T05:52:50Z,149.1,2036.5,2.1,2.0,6.1,36.0,RUNNING,
2026-05-01T05:52:51Z,151.9,2062.9,2.2,2.0,6.1,36.0,RUNNING,
2026-05-01T05:52:52Z,150.1,2053.4,2.1,2.0,5.9,36.1,RUNNING,
2026-05-01T05:52:53Z,151.3,2052.9,2.2,2.0,6.1,36.6,RUNNING,
2026-05-01T05:52:54Z,155.0,2064.9,2.2,2.0,6.1,36.5,RUNNING,
2026-05-01T05:52:55Z,153.2,2073.0,2.2,2.0,6.1,36.5,RUNNING,
2026-05-01T05:52:56Z,151.3,2068.8,2.2,2.0,6.1,36.3,RUNNING,
2026-05-01T05:52:57Z,152.5,2062.2,2.2,2.0,6.2,36.6,RUNNING,
2026-05-01T05:52:58Z,156.1,2105.6,2.2,1.9,6.3,36.8,RUNNING,
2026-05-01T05:52:59Z,154.9,2100.8,2.2,1.9,6.3,36.9,RUNNING,
2026-05-01T05:53:00Z,159.2,2105.6,2.2,1.9,6.2,37.4,RUNNING,
2026-05-01T05:53:01Z,160.1,2126.8,2.2,1.9,6.3,37.4,RUNNING,
2026-05-01T05:53:02Z,159.0,2142.0,2.2,1.9,6.5,37.9,RUNNING,
2026-05-01T05:53:03Z,161.4,2157.6,2.3,1.9,6.4,37.9,RUNNING,
2026-05-01T05:53:04Z,160.8,2165.2,2.3,1.9,6.5,37.9,RUNNING,
2026-05-01T05:53:05Z,165.4,2169.9,2.2,1.9,6.5,38.0,RUNNING,
2026-05-01T05:53:06Z,160.5,2163.6,2.3,1.9,6.5,37.9,RUNNING,
2026-05-01T05:53:07Z,160.9,2160.2,2.3,1.9,6.5,37.6,RUNNING,
2026-05-01T05:53:08Z,161.5,2144.3,2.2,1.9,6.4,37.8,RUNNING,
2026-05-01T05:53:09Z,157.3,2123.3,2.3,1.9,6.3,37.5,RUNNING,
2026-05-01T05:53:10Z,160.0,2157.5,2.3,1.9,6.5,37.7,RUNNING,
2026-05-01T05:53:11Z,160.6,2151.2,2.2,1.9,6.4,37.8,RUNNING,
2026-05-01T05:53:12Z,161.7,2156.3,2.2,1.9,6.4,37.9,RUNNING,
2026-05-01T05:53:13Z,160.7,2150.1,2.3,1.9,6.5,38.0,RUNNING,
2026-05-01T05:53:14Z,162.0,2153.7,2.1,1.9,6.5,37.8,RUNNING,
2026-05-01T05:53:15Z,161.9,2137.8,2.3,1.9,6.4,37.7,RUNNING,
2026-05-01T05:53:16Z,160.1,2144.3,2.3,1.9,6.4,37.6,RUNNING,
2026-05-01T05:53:17Z,158.7,2130.4,2.2,1.9,6.4,37.2,RUNNING,
2026-05-01T05:53:18Z,155.4,2133.5,2.2,1.9,6.4,37.4,RUNNING,
2026-05-01T05:53:19Z,157.1,2126.7,2.3,1.9,6.4,37.6,RUNNING,
2026-05-01T05:53:20Z,158.9,2131.5,2.2,1.9,6.4,37.6,RUNNING,
2026-05-01T05:53:21Z,158.8,2140.9,2.3,1.9,6.4,37.9,RUNNING,
2026-05-01T05:53:22Z,160.4,2138.5,2.2,1.9,6.4,37.6,RUNNING,
2026-05-01T05:53:23Z,161.4,2145.4,2.3,1.9,6.5,37.6,RUNNING,
2026-05-01T05:53:24Z,163.3,2177.9,2.3,1.9,6.5,38.1,RUNNING,
2026-05-01T05:53:25Z,160.2,2162.8,2.4,1.9,6.5,37.9,RUNNING,
2026-05-01T05:53:26Z,161.5,2174.0,2.3,1.9,6.5,37.8,RUNNING,
2026-05-01T05:53:27Z,161.5,2160.6,2.2,1.9,6.5,38.0,RUNNING,
2026-05-01T05:53:28Z,167.6,2196.2,2.4,1.8,6.5,38.8,RUNNING,
2026-05-01T05:53:29Z,169.2,2226.7,2.4,1.8,6.7,39.1,RUNNING,
2026-05-01T05:53:30Z,165.2,2201.9,2.3,1.9,6.6,38.5,RUNNING,
2026-05-01T05:53:31Z,164.2,2172.3,2.3,1.9,6.6,38.3,RUNNING,
2026-05-01T05:53:32Z,163.4,2185.9,2.3,1.9,6.6,38.5,RUNNING,
2026-05-01T05:53:33Z,165.6,2195.0,2.3,1.9,6.6,38.4,RUNNING,
2026-05-01T05:53:34Z,163.8,2182.6,2.4,1.8,6.6,37.9,RUNNING,
2026-05-01T05:53:35Z,161.9,2169.1,2.3,1.9,6.5,38.1,RUNNING,
2026-05-01T05:53:36Z,161.8,2165.7,2.2,1.9,6.5,37.9,RUNNING,
2026-05-01T05:53:37Z,165.6,2196.0,2.4,1.9,6.6,38.5,RUNNING,
2026-05-01T05:53:38Z,166.6,2199.7,2.2,1.8,6.6,38.6,RUNNING,
2026-05-01T05:53:39Z,167.3,2222.3,2.4,1.8,6.6,39.1,RUNNING,
2026-05-01T05:53:40Z,167.6,2199.3,2.3,1.9,6.6,38.2,RUNNING,
2026-05-01T05:53:41Z,161.8,2162.9,2.3,1.9,6.5,37.9,RUNNING,
2026-05-01T05:53:42Z,165.1,2199.2,2.3,1.9,6.6,38.4,RUNNING,
2026-05-01T05:53:43Z,164.0,2176.7,2.3,1.9,6.5,38.1,RUNNING,
2026-05-01T05:53:44Z,167.4,2191.4,2.3,1.9,6.6,38.5,RUNNING,
2026-05-01T05:53:45Z,164.5,2191.6,2.5,1.8,6.6,38.3,RUNNING,
2026-05-01T05:53:46Z,163.5,2191.6,2.4,1.9,6.6,38.3,RUNNING,
2026-05-01T05:53:47Z,162.6,2154.8,2.2,1.9,6.5,38.0,RUNNING,
2026-05-01T05:53:48Z,162.6,2144.1,2.2,1.9,6.5,37.6,RUNNING,
2026-05-01T05:53:49Z,161.2,2148.7,2.2,1.9,6.4,37.9,RUNNING,
2026-05-01T05:53:50Z,158.8,2150.0,2.2,1.9,6.5,37.7,RUNNING,
2026-05-01T05:53:51Z,166.3,2184.8,2.3,1.8,6.5,38.3,RUNNING,
2026-05-01T05:53:52Z,162.5,2182.8,2.3,1.9,6.6,38.4,RUNNING,
2026-05-01T05:53:53Z,165.4,2194.2,2.3,1.8,6.6,38.5,RUNNING,
2026-05-01T05:53:54Z,164.7,2193.3,2.4,1.9,6.5,38.7,RUNNING,
2026-05-01T05:53:55Z,163.0,2180.6,2.3,1.9,6.4,38.3,RUNNING,
2026-05-01T05:53:56Z,159.3,2155.2,2.3,1.9,6.4,37.9,RUNNING,
2026-05-01T05:53:57Z,162.7,2162.4,2.3,1.9,6.5,37.8,RUNNING,
2026-05-01T05:53:58Z,163.7,2186.2,2.4,1.9,6.6,38.2,RUNNING,
2026-05-01T05:53:59Z,162.8,2161.3,2.3,1.9,6.5,38.1,RUNNING,
2026-05-01T05:54:00Z,162.1,2181.9,2.2,1.9,6.6,38.2,RUNNING,
2026-05-01T05:54:01Z,162.7,2198.9,2.3,1.8,6.6,38.4,RUNNING,
2026-05-01T05:54:02Z,164.2,2196.1,2.3,1.9,6.5,38.4,RUNNING,
2026-05-01T05:54:03Z,165.7,2204.7,2.4,1.9,6.6,38.6,RUNNING,
2026-05-01T05:54:04Z,165.3,2221.7,2.3,1.8,6.6,38.7,RUNNING,
2026-05-01T05:54:05Z,167.9,2225.4,2.4,1.8,6.7,39.1,RUNNING,
2026-05-01T05:54:06Z,169.2,2240.2,2.4,1.8,6.7,39.0,RUNNING,
2026-05-01T05:54:07Z,168.0,2235.7,2.4,1.8,6.7,39.2,RUNNING,
2026-05-01T05:54:08Z,166.6,2217.2,2.3,1.8,6.7,38.8,RUNNING,
2026-05-01T05:54:09Z,167.3,2208.7,2.4,1.8,6.7,38.5,RUNNING,
2026-05-01T05:54:10Z,166.3,2212.5,2.5,1.8,6.7,38.5,RUNNING,
2026-05-01T05:54:11Z,167.1,2215.5,2.4,1.8,6.7,38.5,RUNNING,
2026-05-01T05:54:12Z,165.5,2226.5,2.4,1.8,6.7,38.8,RUNNING,
2026-05-01T05:54:13Z,170.7,2236.4,2.5,1.8,6.7,39.3,RUNNING,
2026-05-01T05:54:14Z,166.8,2247.3,2.3,1.8,6.7,38.9,RUNNING,
2026-05-01T05:54:15Z,173.2,2262.4,2.5,1.8,6.9,39.4,RUNNING,
2026-05-01T05:54:16Z,171.1,2276.4,2.4,1.8,6.9,39.7,RUNNING,
2026-05-01T05:54:17Z,176.4,2322.9,2.4,1.7,7.1,40.1,RUNNING,
2026-05-01T05:54:18Z,177.0,2308.9,2.7,1.7,7.2,40.0,RUNNING,
2026-05-01T05:54:19Z,176.2,2290.4,2.4,1.8,7.0,39.8,RUNNING,
2026-05-01T05:54:20Z,173.3,2287.8,2.3,1.8,7.0,39.6,RUNNING,
2026-05-01T05:54:21Z,173.4,2293.8,2.5,1.8,6.9,40.2,RUNNING,
2026-05-01T05:54:22Z,175.2,2300.6,2.6,1.8,7.0,40.2,RUNNING,
2026-05-01T05:54:23Z,175.7,2303.6,2.5,1.8,7.0,39.8,RUNNING,
2026-05-01T05:54:24Z,175.0,2286.6,2.5,1.7,6.9,39.7,RUNNING,
2026-05-01T05:54:25Z,172.1,2270.4,2.5,1.8,6.9,39.6,RUNNING,
2026-05-01T05:54:26Z,171.7,2254.1,2.3,1.8,6.7,39.1,RUNNING,
2026-05-01T05:54:27Z,166.5,2221.5,2.4,1.8,6.7,38.8,RUNNING,
2026-05-01T05:54:28Z,169.5,2233.6,2.4,1.8,6.7,39.1,RUNNING,
2026-05-01T05:54:29Z,167.6,2211.0,2.4,1.8,6.8,38.4,RUNNING,
2026-05-01T05:54:30Z,166.7,2204.5,2.4,1.9,6.7,38.3,RUNNING,
2026-05-01T05:54:31Z,164.8,2195.5,2.4,1.8,6.6,38.3,RUNNING,
2026-05-01T05:54:32Z,166.4,2211.3,2.3,1.8,6.5,38.6,RUNNING,
2026-05-01T05:54:33Z,167.6,2210.7,2.3,1.9,6.7,38.4,RUNNING,
2026-05-01T05:54:34Z,167.9,2225.8,2.4,1.8,6.7,38.9,RUNNING,
2026-05-01T05:54:35Z,166.5,2202.3,2.3,1.9,6.5,38.4,RUNNING,
2026-05-01T05:54:36Z,168.7,2236.1,2.3,1.8,6.7,38.8,RUNNING,
2026-05-01T05:54:37Z,167.5,2228.1,2.4,1.8,6.8,38.9,RUNNING,
2026-05-01T05:54:38Z,169.9,2237.2,2.3,1.8,6.7,39.1,RUNNING,
2026-05-01T05:54:39Z,169.5,2254.8,2.4,1.8,6.8,39.4,RUNNING,
2026-05-01T05:54:40Z,171.5,2250.4,2.5,1.8,6.8,39.0,RUNNING,
2026-05-01T05:54:41Z,172.2,2266.1,2.4,1.8,6.9,39.3,RUNNING,
2026-05-01T05:54:42Z,171.2,2268.9,2.5,1.8,6.7,39.5,RUNNING,
2026-05-01T05:54:43Z,174.6,2280.1,2.4,1.8,6.9,39.5,RUNNING,
2026-05-01T05:54:44Z,172.8,2290.1,2.5,1.8,7.0,39.7,RUNNING,
2026-05-01T05:54:45Z,175.1,2285.0,2.5,1.8,7.0,39.9,RUNNING,
2026-05-01T05:54:46Z,172.0,2283.8,2.5,1.8,6.9,39.6,RUNNING,
2026-05-01T05:54:47Z,172.5,2265.0,2.3,1.8,6.8,39.6,RUNNING,
2026-05-01T05:54:48Z,172.8,2262.8,2.5,1.8,6.8,39.3,RUNNING,
2026-05-01T05:54:49Z,171.4,2258.2,2.3,1.8,6.9,39.3,RUNNING,
2026-05-01T05:54:50Z,171.2,2250.2,2.5,1.8,6.9,39.3,RUNNING,
2026-05-01T05:54:51Z,173.5,2268.7,2.6,1.8,6.9,40.0,RUNNING,
2026-05-01T05:54:52Z,173.2,2270.0,2.5,1.8,6.9,39.7,RUNNING,
2026-05-01T05:54:53Z,175.9,2284.4,2.5,1.8,6.9,39.4,RUNNING,
2026-05-01T05:54:54Z,173.3,2292.3,2.6,1.7,7.0,40.0,RUNNING,
2026-05-01T05:54:55Z,175.6,2316.6,2.5,1.7,7.0,40.1,RUNNING,
2026-05-01T05:54:56Z,176.9,2313.8,2.5,1.7,7.1,40.3,RUNNING,
2026-05-01T05:54:57Z,179.1,2313.8,2.5,1.7,7.1,40.4,RUNNING,
2026-05-01T05:54:58Z,179.3,2339.3,2.4,1.7,7.1,40.9,RUNNING,
2026-05-01T05:54:59Z,180.3,2341.7,2.5,1.7,7.2,40.5,RUNNING,
2026-05-01T05:55:00Z,179.8,2340.1,2.6,1.7,7.0,40.3,RUNNING,
2026-05-01T05:55:01Z,179.0,2328.6,2.5,1.7,7.1,40.4,RUNNING,
2026-05-01T05:55:02Z,178.4,2347.7,2.5,1.7,7.2,40.6,RUNNING,
2026-05-01T05:55:03Z,175.1,2286.0,2.6,1.8,6.9,40.0,RUNNING,
2026-05-01T05:55:04Z,176.4,2308.0,2.5,1.7,7.0,40.3,RUNNING,
2026-05-01T05:55:05Z,176.6,2329.6,2.5,1.7,7.1,40.6,RUNNING,
2026-05-01T05:55:06Z,179.1,2328.6,2.4,1.7,7.0,40.3,RUNNING,
2026-05-01T05:55:07Z,176.3,2298.8,2.4,1.8,6.9,40.0,RUNNING,
2026-05-01T05:55:08Z,175.3,2289.3,2.5,1.8,6.9,39.9,RUNNING,
2026-05-01T05:55:09Z,172.6,2280.9,2.5,1.8,6.9,39.6,RUNNING,
2026-05-01T05:55:10Z,170.9,2258.4,2.4,1.8,6.8,39.3,RUNNING,
2026-05-01T05:55:11Z,172.3,2278.4,2.4,1.8,6.9,39.5,RUNNING,
2026-05-01T05:55:12Z,169.4,2246.5,2.4,1.8,6.9,39.4,RUNNING,
2026-05-01T05:55:13Z,165.9,2206.3,2.4,1.8,6.7,39.0,RUNNING,
2026-05-01T05:55:14Z,163.5,2194.8,2.4,1.8,6.5,38.4,RUNNING,
2026-05-01T05:55:15Z,164.7,2207.0,2.4,1.8,6.7,38.6,RUNNING,
2026-05-01T05:55:16Z,165.9,2214.5,2.3,1.8,6.7,38.4,RUNNING,
2026-05-01T05:55:17Z,168.9,2219.0,2.4,1.8,6.8,38.9,RUNNING,
2026-05-01T05:55:18Z,168.5,2213.5,2.4,1.8,6.7,38.8,RUNNING,
2026-05-01T05:55:19Z,171.9,2252.2,2.6,1.8,6.9,39.4,RUNNING,
2026-05-01T05:55:20Z,173.2,2258.8,2.5,1.8,6.9,39.8,RUNNING,
2026-05-01T05:55:21Z,170.9,2250.1,2.3,1.7,6.8,39.5,RUNNING,
2026-05-01T05:55:22Z,166.2,2220.4,2.4,1.9,6.7,38.4,RUNNING,
2026-05-01T05:55:23Z,165.2,2217.2,2.4,1.8,6.7,38.4,RUNNING,
2026-05-01T05:55:24Z,166.6,2217.4,2.3,1.8,6.7,38.7,RUNNING,
2026-05-01T05:55:25Z,166.8,2220.6,2.5,1.8,6.7,38.8,RUNNING,
2026-05-01T05:55:26Z,166.6,2210.7,2.4,1.8,6.7,38.4,RUNNING,
2026-05-01T05:55:27Z,166.9,2216.1,2.3,1.8,6.7,38.7,RUNNING,
2026-05-01T05:55:28Z,169.2,2224.1,2.4,1.8,6.7,38.9,RUNNING,
2026-05-01T05:55:29Z,167.9,2211.8,2.4,1.8,6.7,38.8,RUNNING,
2026-05-01T05:55:30Z,167.0,2228.2,2.3,1.8,6.7,38.7,RUNNING,
2026-05-01T05:55:31Z,170.0,2240.1,2.5,1.8,6.9,39.3,RUNNING,
2026-05-01T05:55:32Z,169.9,2245.6,2.3,1.8,6.9,39.2,RUNNING,
2026-05-01T05:55:33Z,169.2,2259.0,2.4,1.8,6.8,39.4,RUNNING,
2026-05-01T05:55:34Z,173.5,2268.6,2.4,1.8,6.9,39.6,RUNNING,
2026-05-01T05:55:35Z,170.2,2248.6,2.4,1.8,6.7,39.2,RUNNING,
2026-05-01T05:55:36Z,170.5,2248.3,2.5,1.8,6.7,39.4,RUNNING,
2026-05-01T05:55:37Z,169.7,2238.3,2.4,1.8,6.8,39.1,RUNNING,
2026-05-01T05:55:38Z,169.9,2262.6,2.4,1.8,6.8,39.6,RUNNING,
2026-05-01T05:55:39Z,169.2,2249.5,2.4,1.8,6.8,39.0,RUNNING,
2026-05-01T05:55:40Z,164.8,2219.9,2.3,1.8,6.7,38.7,RUNNING,
2026-05-01T05:55:41Z,167.7,2231.4,2.4,1.8,6.7,38.9,RUNNING,
2026-05-01T05:55:42Z,166.9,2208.0,2.3,1.8,6.8,38.7,RUNNING,
2026-05-01T05:55:43Z,169.3,2236.8,2.4,1.8,6.8,39.1,RUNNING,
2026-05-01T05:55:44Z,166.5,2219.5,2.5,1.8,6.7,38.8,RUNNING,
2026-05-01T05:55:45Z,167.5,2230.0,2.2,1.8,6.8,38.9,RUNNING,
2026-05-01T05:55:46Z,167.4,2221.6,2.4,1.8,6.7,38.8,RUNNING,
2026-05-01T05:55:47Z,167.6,2215.6,2.4,1.8,6.6,38.6,RUNNING,
2026-05-01T05:55:48Z,167.4,2190.9,2.2,1.8,6.7,38.5,RUNNING,
2026-05-01T05:55:49Z,162.9,2165.8,2.4,1.9,6.5,38.0,RUNNING,
2026-05-01T05:55:50Z,163.3,2163.9,2.4,1.9,6.5,38.0,RUNNING,
2026-05-01T05:55:51Z,157.7,2128.5,2.2,1.9,6.4,37.3,RUNNING,
2026-05-01T05:55:52Z,159.2,2129.6,2.3,2.0,6.4,37.4,RUNNING,
2026-05-01T05:55:53Z,161.7,2154.9,2.2,1.9,6.4,37.6,RUNNING,
2026-05-01T05:55:54Z,161.7,2147.7,2.3,1.9,6.4,37.4,RUNNING,
2026-05-01T05:55:55Z,161.0,2164.7,2.4,1.8,6.5,37.9,RUNNING,
2026-05-01T05:55:56Z,162.9,2159.8,2.3,1.9,6.4,37.9,RUNNING,
2026-05-01T05:55:57Z,163.2,2182.3,2.3,1.9,6.5,37.9,RUNNING,
2026-05-01T05:55:58Z,163.0,2168.1,2.4,1.9,6.5,37.9,RUNNING,
2026-05-01T05:55:59Z,157.6,2125.1,2.2,1.9,6.3,37.3,RUNNING,
2026-05-01T05:56:00Z,162.6,2141.8,2.3,1.9,6.4,37.7,RUNNING,
2026-05-01T05:56:01Z,156.7,2118.4,2.1,1.9,6.3,37.1,RUNNING,
2026-05-01T05:56:02Z,158.5,2138.0,2.3,1.9,6.2,37.2,RUNNING,
2026-05-01T05:56:03Z,157.6,2129.7,2.3,2.0,6.3,37.3,RUNNING,
2026-05-01T05:56:04Z,159.6,2150.8,2.3,1.9,6.5,37.8,RUNNING,
2026-05-01T05:56:05Z,161.0,2140.0,2.3,1.9,6.3,37.3,RUNNING,
2026-05-01T05:56:06Z,159.6,2146.7,2.3,1.9,6.5,37.5,RUNNING,
2026-05-01T05:56:07Z,157.9,2131.0,2.3,1.9,6.4,37.6,RUNNING,
2026-05-01T05:56:08Z,157.4,2139.6,2.2,1.9,6.4,37.5,RUNNING,
2026-05-01T05:56:09Z,160.9,2151.0,2.3,1.9,6.4,37.6,RUNNING,
2026-05-01T05:56:10Z,159.1,2142.8,2.2,1.9,6.3,37.5,RUNNING,
2026-05-01T05:56:11Z,163.3,2161.2,2.2,1.9,6.4,37.6,RUNNING,
2026-05-01T05:56:12Z,159.9,2142.4,2.3,1.9,6.3,37.5,RUNNING,
2026-05-01T05:56:13Z,158.4,2125.9,2.3,1.9,6.4,37.6,RUNNING,
2026-05-01T05:56:14Z,153.8,2078.6,2.2,2.0,6.2,36.5,RUNNING,
2026-05-01T05:56:15Z,153.3,2069.3,2.1,2.0,6.1,36.1,RUNNING,
2026-05-01T05:56:16Z,150.6,2052.7,2.1,2.0,6.0,36.2,RUNNING,
2026-05-01T05:56:17Z,149.8,2041.4,2.1,2.0,6.0,36.1,RUNNING,
2026-05-01T05:56:18Z,147.7,2028.7,2.0,2.0,5.9,35.7,RUNNING,
2026-05-01T05:56:19Z,149.1,2023.7,2.0,2.0,6.0,35.8,RUNNING,
2026-05-01T05:56:20Z,145.3,1990.2,2.1,2.0,5.9,35.3,RUNNING,
2026-05-01T05:56:21Z,148.0,2015.7,2.1,2.0,5.9,35.9,RUNNING,
2026-05-01T05:56:22Z,148.5,2016.2,2.1,2.0,5.9,35.8,RUNNING,
2026-05-01T05:56:23Z,148.7,2020.1,2.1,2.0,6.0,35.7,RUNNING,
2026-05-01T05:56:24Z,150.6,2039.4,2.0,2.0,6.1,36.1,RUNNING,
2026-05-01T05:56:25Z,149.5,2025.3,2.0,2.0,6.0,35.7,RUNNING,
2026-05-01T05:56:26Z,149.1,2041.9,2.0,2.0,6.0,36.1,RUNNING,
2026-05-01T05:56:27Z,149.3,2046.0,2.0,2.0,5.9,36.2,RUNNING,
2026-05-01T05:56:28Z,151.4,2063.4,2.1,1.9,6.2,36.4,RUNNING,
2026-05-01T05:56:29Z,152.7,2049.5,2.0,2.0,6.1,36.3,RUNNING,
2026-05-01T05:56:30Z,152.4,2074.0,2.1,2.0,6.1,36.5,RUNNING,
2026-05-01T05:56:31Z,151.0,2065.1,2.2,2.0,6.1,36.5,RUNNING,
2026-05-01T05:56:32Z,152.9,2083.1,2.0,2.0,6.1,36.5,RUNNING,
2026-05-01T05:56:33Z,153.5,2067.3,2.2,1.9,6.1,36.3,RUNNING,
2026-05-01T05:56:34Z,153.0,2051.1,2.1,2.0,6.1,36.2,RUNNING,
2026-05-01T05:56:35Z,148.6,2014.0,2.1,2.0,5.9,35.3,RUNNING,
2026-05-01T05:56:36Z,146.0,2013.7,2.0,2.1,5.9,35.5,RUNNING,
2026-05-01T05:56:37Z,148.9,2020.6,2.0,2.0,5.9,35.6,RUNNING,
2026-05-01T05:56:38Z,150.2,2039.2,2.0,2.0,6.0,36.0,RUNNING,
2026-05-01T05:56:39Z,146.7,2007.9,2.1,2.1,5.9,35.4,RUNNING,
2026-05-01T05:56:40Z,148.8,2017.8,2.0,2.1,5.9,35.2,RUNNING,
2026-05-01T05:56:41Z,142.1,1970.7,1.9,2.1,5.7,34.9,RUNNING,
2026-05-01T05:56:42Z,145.3,1975.0,1.9,2.1,5.8,35.0,RUNNING,
2026-05-01T05:56:43Z,143.1,1957.9,1.9,2.1,5.6,34.5,RUNNING,
2026-05-01T05:56:44Z,141.2,1941.0,1.9,2.1,5.7,34.5,RUNNING,
2026-05-01T05:56:45Z,141.6,1951.6,2.1,2.1,5.6,34.5,RUNNING,
2026-05-01T05:56:46Z,137.6,1934.6,1.9,2.1,5.6,34.2,RUNNING,
2026-05-01T05:56:47Z,137.4,1923.7,1.9,2.1,5.5,34.0,RUNNING,
2026-05-01T05:56:48Z,139.3,1915.8,2.0,2.1,5.5,34.1,RUNNING,
2026-05-01T05:56:49Z,137.2,1905.1,2.0,2.1,5.4,33.7,RUNNING,
2026-05-01T05:56:50Z,136.6,1902.6,1.9,2.1,5.4,33.9,RUNNING,
2026-05-01T05:56:51Z,137.9,1900.3,1.9,2.1,5.4,34.1,RUNNING,
2026-05-01T05:56:52Z,134.9,1907.0,1.8,2.1,5.4,33.7,RUNNING,
2026-05-01T05:56:53Z,134.7,1905.2,1.9,2.1,5.5,33.8,RUNNING,
2026-05-01T05:56:54Z,141.8,1926.7,2.0,2.1,5.6,34.4,RUNNING,
2026-05-01T05:56:55Z,139.7,1952.3,2.0,2.1,5.6,34.3,RUNNING,
2026-05-01T05:56:56Z,145.5,1965.3,2.0,2.1,5.7,34.8,RUNNING,
2026-05-01T05:56:57Z,143.2,1952.1,1.9,2.1,5.7,34.7,RUNNING,
2026-05-01T05:56:58Z,141.9,1958.4,1.9,2.1,5.7,34.5,RUNNING,
2026-05-01T05:56:59Z,140.3,1942.6,1.9,2.1,5.6,34.3,RUNNING,
2026-05-01T05:57:00Z,139.8,1950.7,1.9,2.1,5.7,34.6,RUNNING,
2026-05-01T05:57:01Z,141.5,1958.7,2.0,2.1,5.7,34.8,RUNNING,
2026-05-01T05:57:02Z,141.3,1958.1,1.9,2.0,5.6,34.6,RUNNING,
2026-05-01T05:57:03Z,146.8,1982.4,2.0,2.1,5.8,35.3,RUNNING,
2026-05-01T05:57:04Z,142.1,1974.8,2.0,2.0,5.7,35.3,RUNNING,
2026-05-01T05:57:05Z,143.2,1986.3,2.0,2.1,5.8,35.4,RUNNING,
2026-05-01T05:57:06Z,143.8,1993.2,2.1,2.1,5.9,34.9,RUNNING,
2026-05-01T05:57:07Z,142.8,1971.8,2.0,2.0,5.8,35.1,RUNNING,
2026-05-01T05:57:08Z,141.9,1959.2,2.0,2.1,5.6,35.1,RUNNING,
2026-05-01T05:57:09Z,143.5,1977.7,2.0,2.1,5.7,35.1,RUNNING,
2026-05-01T05:57:10Z,146.3,2000.1,2.1,2.1,5.8,35.6,RUNNING,
2026-05-01T05:57:11Z,144.0,1968.4,2.0,2.1,5.8,34.9,RUNNING,
2026-05-01T05:57:12Z,143.6,1961.9,2.0,2.1,5.7,34.7,RUNNING,
2026-05-01T05:57:13Z,138.1,1946.9,2.0,2.1,5.6,34.5,RUNNING,
2026-05-01T05:57:14Z,139.8,1928.0,2.0,2.1,5.5,34.4,RUNNING,
2026-05-01T05:57:15Z,142.5,1955.8,2.0,2.0,5.8,34.9,RUNNING,
2026-05-01T05:57:16Z,144.2,1977.0,2.0,2.0,5.8,34.8,RUNNING,
2026-05-01T05:57:17Z,144.2,1992.1,2.0,2.0,5.7,35.3,RUNNING,
2026-05-01T05:57:18Z,145.9,2005.8,2.1,2.0,5.9,35.6,RUNNING,
2026-05-01T05:57:19Z,146.8,2009.9,2.0,2.0,5.8,35.4,RUNNING,
2026-05-01T05:57:20Z,146.0,1989.7,2.0,2.0,5.9,35.1,RUNNING,
2026-05-01T05:57:21Z,146.6,1986.9,2.0,2.0,5.8,35.2,RUNNING,
2026-05-01T05:57:22Z,143.9,1985.8,2.0,2.1,5.8,35.2,RUNNING,
2026-05-01T05:57:23Z,146.5,2001.1,2.1,2.0,5.9,35.7,RUNNING,
2026-05-01T05:57:24Z,148.7,2019.1,2.0,2.0,5.9,35.7,RUNNING,
2026-05-01T05:57:25Z,146.7,1994.4,2.0,2.0,5.8,35.6,RUNNING,
2026-05-01T05:57:26Z,149.0,2008.7,2.1,2.1,5.8,35.5,RUNNING,
2026-05-01T05:57:27Z,147.9,2006.7,2.0,2.0,5.9,35.5,RUNNING,
2026-05-01T05:57:28Z,145.6,1991.4,2.1,2.1,5.8,35.5,RUNNING,
2026-05-01T05:57:29Z,144.1,1994.3,2.1,2.0,5.8,35.4,RUNNING,
2026-05-01T05:57:30Z,146.8,1999.7,2.0,2.0,5.9,35.5,RUNNING,
2026-05-01T05:57:31Z,148.0,2026.9,2.1,2.0,5.9,35.8,RUNNING,
2026-05-01T05:57:32Z,147.9,2011.1,2.0,2.0,5.9,35.6,RUNNING,
2026-05-01T05:57:33Z,146.9,1995.1,2.0,2.1,5.8,35.3,RUNNING,
2026-05-01T05:57:34Z,147.0,2011.9,2.1,2.0,5.9,35.5,RUNNING,
2026-05-01T05:57:35Z,146.7,2008.6,2.0,2.0,5.9,35.6,RUNNING,
2026-05-01T05:57:36Z,146.3,2017.8,2.1,2.0,5.9,35.7,RUNNING,
2026-05-01T05:57:37Z,144.7,1996.2,2.0,2.0,5.8,35.3,RUNNING,
2026-05-01T05:57:38Z,145.9,1969.0,2.1,2.0,5.8,35.0,RUNNING,
2026-05-01T05:57:39Z,146.0,2008.0,2.0,2.1,5.8,35.4,RUNNING,
2026-05-01T05:57:40Z,147.4,1993.5,2.0,2.0,5.9,35.1,RUNNING,
2026-05-01T05:57:41Z,146.5,1999.8,2.0,2.1,5.8,35.2,RUNNING,
2026-05-01T05:57:42Z,148.7,2033.3,2.0,2.0,6.0,36.1,RUNNING,
2026-05-01T05:57:43Z,149.5,2024.1,2.0,2.0,5.9,35.6,RUNNING,
2026-05-01T05:57:44Z,150.5,2027.3,2.0,2.0,6.1,36.0,RUNNING,
2026-05-01T05:57:45Z,145.5,2018.1,2.1,2.0,6.0,35.9,RUNNING,
2026-05-01T05:57:46Z,151.2,2035.3,2.2,2.0,6.0,35.7,RUNNING,
2026-05-01T05:57:47Z,151.3,2049.0,2.0,2.0,6.1,36.3,RUNNING,
2026-05-01T05:57:48Z,149.8,2057.4,2.0,2.0,6.0,36.6,RUNNING,
2026-05-01T05:57:49Z,152.6,2052.9,2.1,2.0,6.1,36.4,RUNNING,
2026-05-01T05:57:50Z,150.4,2079.7,1.9,2.0,6.2,36.4,RUNNING,
2026-05-01T05:57:51Z,154.6,2097.6,2.1,2.0,6.2,36.7,RUNNING,
2026-05-01T05:57:52Z,153.9,2054.6,2.0,2.0,6.1,36.4,RUNNING,
2026-05-01T05:57:53Z,150.0,2038.5,2.1,2.0,6.0,35.9,RUNNING,
2026-05-01T05:57:54Z,149.7,2059.7,2.1,2.0,6.1,36.3,RUNNING,
2026-05-01T05:57:55Z,150.6,2059.8,2.2,1.9,6.1,36.5,RUNNING,
2026-05-01T05:57:56Z,150.1,2040.1,2.1,2.0,6.0,35.8,RUNNING,
2026-05-01T05:57:57Z,154.8,2070.3,2.1,2.0,6.0,36.3,RUNNING,
2026-05-01T05:57:58Z,151.5,2050.3,2.1,2.0,6.1,36.1,RUNNING,
2026-05-01T05:57:59Z,152.5,2073.4,2.1,2.0,6.1,36.7,RUNNING,
2026-05-01T05:58:00Z,147.9,2033.3,2.1,2.0,6.0,36.1,RUNNING,
2026-05-01T05:58:01Z,148.1,2033.4,2.1,2.0,6.1,35.8,RUNNING,
2026-05-01T05:58:02Z,149.9,2033.2,2.2,2.0,5.9,35.8,RUNNING,
2026-05-01T05:58:03Z,150.4,2051.8,2.1,2.0,6.0,36.1,RUNNING,
2026-05-01T05:58:04Z,150.6,2059.0,2.1,2.0,6.1,36.3,RUNNING,
2026-05-01T05:58:05Z,152.4,2048.6,2.1,1.9,6.0,36.1,RUNNING,
2026-05-01T05:58:06Z,153.3,2053.9,2.1,2.0,6.1,36.3,RUNNING,
2026-05-01T05:58:07Z,153.4,2059.5,2.2,2.0,6.1,36.3,RUNNING,
2026-05-01T05:58:08Z,152.6,2074.6,2.2,2.0,6.0,36.7,RUNNING,
2026-05-01T05:58:09Z,155.9,2090.5,2.2,2.0,6.1,36.9,RUNNING,
2026-05-01T05:58:10Z,158.5,2116.3,2.2,2.0,6.3,37.1,RUNNING,
2026-05-01T05:58:11Z,151.8,2067.4,2.1,2.0,6.0,36.5,RUNNING,
2026-05-01T05:58:12Z,151.3,2063.3,2.1,2.0,6.1,36.5,RUNNING,
2026-05-01T05:58:13Z,153.7,2077.1,2.1,2.0,6.1,36.2,RUNNING,
2026-05-01T05:58:14Z,150.3,2052.8,2.2,2.0,6.1,36.4,RUNNING,
2026-05-01T05:58:15Z,154.4,2076.2,2.2,2.0,6.1,36.7,RUNNING,
2026-05-01T05:58:16Z,152.9,2069.7,2.1,2.0,6.2,36.4,RUNNING,
2026-05-01T05:58:17Z,153.5,2070.3,2.2,2.0,6.1,36.6,RUNNING,
2026-05-01T05:58:18Z,156.9,2095.8,2.2,1.9,6.2,36.8,RUNNING,
2026-05-01T05:58:19Z,156.7,2096.3,2.1,2.0,6.2,37.0,RUNNING,
2026-05-01T05:58:20Z,155.0,2092.7,2.2,1.9,6.3,36.7,RUNNING,
2026-05-01T05:58:21Z,154.4,2069.4,2.2,2.0,6.1,36.7,RUNNING,
2026-05-01T05:58:22Z,154.8,2063.1,2.1,2.0,6.2,36.5,RUNNING,
2026-05-01T05:58:23Z,153.5,2091.9,2.2,2.0,6.1,36.3,RUNNING,
2026-05-01T05:58:24Z,153.5,2095.8,2.1,2.0,6.2,37.1,RUNNING,
2026-05-01T05:58:25Z,151.0,2042.2,2.1,2.0,6.0,36.4,RUNNING,
2026-05-01T05:58:26Z,150.1,2035.9,2.0,2.0,6.0,36.0,RUNNING,
2026-05-01T05:58:27Z,149.0,2031.0,2.1,2.0,6.0,36.0,RUNNING,
2026-05-01T05:58:28Z,150.9,2041.9,2.2,2.0,6.1,35.9,RUNNING,
2026-05-01T05:58:29Z,151.9,2061.7,2.1,2.0,6.1,36.3,RUNNING,
2026-05-01T05:58:30Z,150.5,2069.0,2.1,2.0,6.1,36.5,RUNNING,
2026-05-01T05:58:31Z,151.9,2061.9,2.3,2.0,6.1,36.4,RUNNING,
2026-05-01T05:58:32Z,154.7,2070.8,2.2,2.0,6.1,36.5,RUNNING,
2026-05-01T05:58:33Z,152.7,2074.8,2.2,2.0,6.2,36.5,RUNNING,
2026-05-01T05:58:34Z,151.3,2055.1,2.1,2.0,6.0,36.5,RUNNING,
2026-05-01T05:58:35Z,151.7,2079.4,2.2,2.0,6.2,36.4,RUNNING,
2026-05-01T05:58:36Z,153.4,2069.5,2.2,2.0,6.2,36.6,RUNNING,
2026-05-01T05:58:37Z,150.9,2054.9,2.2,1.9,6.1,36.2,RUNNING,
2026-05-01T05:58:38Z,152.7,2083.9,2.2,2.0,6.2,36.4,RUNNING,
2026-05-01T05:58:39Z,153.3,2085.9,2.2,2.0,6.2,36.4,RUNNING,
2026-05-01T05:58:40Z,155.1,2094.5,2.3,2.0,6.2,36.4,RUNNING,
2026-05-01T05:58:41Z,155.7,2094.2,2.2,2.0,6.3,36.9,RUNNING,
2026-05-01T05:58:42Z,153.7,2086.9,2.1,2.0,6.2,36.9,RUNNING,
2026-05-01T05:58:43Z,155.8,2089.6,2.2,1.9,6.2,36.8,RUNNING,
2026-05-01T05:58:44Z,153.8,2078.2,2.1,2.0,6.1,36.4,RUNNING,
2026-05-01T05:58:45Z,155.9,2114.5,2.3,1.9,6.2,37.0,RUNNING,
2026-05-01T05:58:46Z,155.0,2089.8,2.2,2.0,6.1,36.9,RUNNING,
2026-05-01T05:58:47Z,153.9,2085.6,2.1,1.9,6.2,36.6,RUNNING,
2026-05-01T05:58:48Z,156.8,2107.3,2.2,2.0,6.2,37.5,RUNNING,
2026-05-01T05:58:49Z,156.8,2109.8,2.3,2.0,6.3,36.9,RUNNING,
2026-05-01T05:58:50Z,153.6,2086.1,2.1,2.0,6.2,36.6,RUNNING,
2026-05-01T05:58:51Z,156.8,2102.6,2.1,1.9,6.2,37.3,RUNNING,
2026-05-01T05:58:52Z,157.2,2134.0,2.2,1.9,6.4,37.4,RUNNING,
2026-05-01T05:58:53Z,157.6,2122.5,2.2,1.9,6.3,37.4,RUNNING,
2026-05-01T05:58:54Z,156.6,2094.3,2.2,2.0,6.3,37.1,RUNNING,
2026-05-01T05:58:55Z,154.5,2081.8,2.1,1.9,6.1,36.7,RUNNING,
2026-05-01T05:58:56Z,155.2,2107.6,2.2,1.9,6.3,36.9,RUNNING,
2026-05-01T05:58:57Z,158.0,2130.0,2.3,1.9,6.3,37.4,RUNNING,
2026-05-01T05:58:58Z,159.2,2120.1,2.2,1.9,6.4,37.1,RUNNING,
2026-05-01T05:58:59Z,156.0,2086.0,2.2,2.0,6.2,37.0,RUNNING,
2026-05-01T05:59:00Z,156.2,2098.4,2.3,1.9,6.2,36.9,RUNNING,
2026-05-01T05:59:01Z,156.4,2105.3,2.2,1.9,6.3,37.1,RUNNING,
2026-05-01T05:59:02Z,156.3,2095.0,2.2,2.0,6.2,36.7,RUNNING,
2026-05-01T05:59:03Z,155.5,2104.4,2.2,1.9,6.2,36.9,RUNNING,
2026-05-01T05:59:04Z,150.5,2046.6,2.1,2.0,6.0,36.1,RUNNING,
2026-05-01T05:59:05Z,150.8,2080.5,2.2,2.0,6.2,36.3,RUNNING,
2026-05-01T05:59:06Z,151.4,2074.0,2.1,2.0,6.1,36.2,RUNNING,
2026-05-01T05:59:07Z,151.4,2087.4,2.1,1.9,6.1,36.6,RUNNING,
2026-05-01T05:59:08Z,154.1,2069.9,2.3,2.0,6.1,36.6,RUNNING,
2026-05-01T05:59:09Z,151.8,2077.8,2.2,2.0,6.1,36.5,RUNNING,
2026-05-01T05:59:10Z,155.8,2089.8,2.2,1.9,6.2,36.7,RUNNING,
2026-05-01T05:59:11Z,153.0,2067.8,2.1,2.0,6.2,36.5,RUNNING,
2026-05-01T05:59:12Z,151.6,2058.6,2.1,2.0,6.1,36.2,RUNNING,
2026-05-01T05:59:13Z,154.3,2098.0,2.2,2.0,6.1,36.7,RUNNING,
2026-05-01T05:59:14Z,156.9,2081.3,2.2,1.9,6.1,36.6,RUNNING,
2026-05-01T05:59:15Z,155.2,2090.8,2.2,2.0,6.2,36.8,RUNNING,
2026-05-01T05:59:16Z,155.6,2112.4,2.3,1.9,6.2,37.2,RUNNING,
2026-05-01T05:59:17Z,157.6,2106.7,2.1,1.9,6.2,37.3,RUNNING,
2026-05-01T05:59:18Z,155.7,2093.8,2.3,1.9,6.3,36.6,RUNNING,
2026-05-01T05:59:19Z,160.8,2135.3,2.3,1.9,6.4,37.6,RUNNING,
2026-05-01T05:59:20Z,156.4,2114.0,2.3,1.9,6.3,37.1,RUNNING,
2026-05-01T05:59:21Z,156.0,2124.2,2.1,1.9,6.3,37.3,RUNNING,
2026-05-01T05:59:22Z,153.0,2083.0,2.1,2.0,6.1,36.6,RUNNING,
2026-05-01T05:59:23Z,151.8,2064.5,2.1,1.9,6.1,36.5,RUNNING,
2026-05-01T05:59:24Z,152.9,2042.3,2.1,2.0,6.1,36.0,RUNNING,
2026-05-01T05:59:25Z,153.1,2079.7,2.1,2.0,6.1,36.7,RUNNING,
2026-05-01T05:59:26Z,152.2,2067.5,2.1,2.0,6.1,36.5,RUNNING,
2026-05-01T05:59:27Z,149.8,2030.0,2.1,2.0,5.9,36.0,RUNNING,
2026-05-01T05:59:28Z,147.2,1986.0,2.1,2.0,5.7,35.2,RUNNING,
2026-05-01T05:59:29Z,146.2,2009.7,2.2,2.0,5.9,35.7,RUNNING,
2026-05-01T05:59:30Z,148.5,2023.8,2.0,2.0,6.0,36.1,RUNNING,
2026-05-01T05:59:31Z,149.0,2036.0,2.1,2.0,6.0,35.9,RUNNING,
2026-05-01T05:59:32Z,148.3,2013.0,2.0,2.0,5.9,35.3,RUNNING,
2026-05-01T05:59:33Z,147.4,1998.3,2.0,2.0,5.9,35.7,RUNNING,
2026-05-01T05:59:34Z,147.0,1998.0,2.1,2.0,5.8,35.6,RUNNING,
2026-05-01T05:59:35Z,146.0,2004.3,2.0,2.1,5.8,35.5,RUNNING,
2026-05-01T05:59:36Z,149.7,2027.6,2.1,2.0,5.9,35.7,RUNNING,
2026-05-01T05:59:37Z,146.8,2014.7,2.1,2.0,5.9,35.7,RUNNING,
