Engine_rpm,suctionPressure,dischargePressure,flowRate,motorTemp,vibration,Engine_Condition
496,4.70624017,5.249898286,87.405001,70.54209474,1.685686,0
836,3.96002691,4.928546244,91.649186,84.09830728,9.288722,1
623,3.055244491,9.494611635,100.823283,72.92768818,2.074320,0
675,2.785797256,5.463946609,81.626591,82.90745278,13.832279,1
1412,2.816021661,4.001409919,117.269769,71.17692691,13.155846,1
414,3.928895846,4.468992595,60.367617,80.17177589,10.143369,1
1041,2.618464458,6.031471853,103.794656,74.213489,8.180705,1
975,5.964634853,4.001450229,123.774019,80.23123486,2.173092,0
1158,2.653551652,4.95609747,136.177486,82.82152323,2.310465,0
1357,4.045930591,7.247099906,121.251587,87.12036286,9.835207,1
767,3.675061993,6.603298744,110.856366,71.87110652,2.045314,0
1179,3.308126694,6.162965271,141.618160,71.43085438,2.037493,0
956,3.720926295,5.05015851,92.505078,75.35054442,14.009102,1
1057,2.237830373,5.631611519,139.884208,76.76005885,1.792474,0
854,5.325311975,3.992183491,117.048437,82.20909442,1.822651,0
855,3.087465037,5.170975444,118.772893,81.37270588,1.949355,0
1096,2.480398567,5.149975398,106.414973,78.01595898,14.814557,1
434,4.442972746,7.090542256,63.169085,83.18831276,12.001773,1
822,3.310683869,5.627634476,88.089617,78.11730689,8.640217,1
569,3.736062689,5.7291344,68.364270,79.45186304,12.145293,1
952,2.406550016,7.418634881,91.745419,78.45281201,14.956169,1
973,2.349488362,5.715477129,91.381865,77.50673439,8.644431,1
554,3.396276209,10.29029668,67.621701,83.10626682,11.162563,1
811,4.851543187,3.622093695,82.451913,82.37460138,12.729198,1
540,3.081386847,4.375281144,69.048760,79.3204985,10.162839,1
778,3.538907361,5.208443444,85.030412,73.38530785,12.492558,1
563,2.217111772,6.034854522,68.075004,77.73104383,10.522687,1
1033,2.036131924,4.932127866,94.781978,69.71027153,14.456622,1
804,4.572660164,5.992453321,83.132932,79.80513975,12.478897,1
369,2.746006964,6.989355267,61.479505,75.69747768,15.010757,1
798,5.789154068,6.727879187,81.762475,79.90657695,14.998298,1
437,3.900054375,6.734776114,85.637556,78.00277131,1.507764,0
1221,4.420860074,5.888118911,111.680371,90.00672576,15.216541,1
946,2.337909938,5.878699254,125.222083,81.37253081,1.947515,0
654,2.12681119,6.048616774,101.851143,85.56178181,1.985765,0
800,3.403040218,5.070474401,84.687148,75.29601032,10.380646,1
1388,2.991451124,4.277201458,122.643205,82.12003734,13.362419,1
576,4.796218769,8.315169979,74.426715,90.11710974,15.200298,1
1307,3.771456913,2.955203604,160.752517,81.62351367,1.888467,0
663,4.798852519,7.292508675,80.333201,70.38682831,12.195318,1
582,1.305754757,5.211494013,70.128559,75.58095225,9.229965,1
1145,4.436744615,5.686701371,136.974395,71.00266913,1.966972,0
673,1.826225607,8.799340093,105.754287,83.42322758,1.762485,0
469,2.244982914,7.020500865,62.550483,86.21917274,10.319223,1
739,2.464748241,8.192445879,108.473020,87.95084449,1.769759,0
1240,4.557669241,4.769485567,116.736732,75.29450069,13.473525,1
529,2.59155178,7.383816959,71.915578,76.08376101,7.914236,1
835,3.516407935,3.704002371,86.908546,73.33782249,9.756192,1
848,2.474462655,5.649182722,119.193191,77.66087443,1.777361,0
754,2.931880538,5.210594877,80.801707,81.21398998,11.059759,1
510,4.641280446,3.945978301,90.046207,74.07458294,2.028896,0
450,0.699887698,4.111951561,63.974279,72.8898093,10.226732,1
658,3.201742,6.108218354,78.859614,69.75539582,13.119831,1
529,3.215983834,5.469481063,68.413211,75.39119034,14.070689,1
1799,2.776676439,7.228797563,139.002795,78.95137827,12.946473,1
84,3.830491098,4.907142035,41.294495,77.40797796,10.246878,1
798,1.988798241,2.982691903,117.435278,76.03431603,1.855465,0
1083,4.867080395,4.984865361,137.169193,81.06430222,2.209027,0
633,2.211678726,7.715703141,104.409667,81.73380535,1.862033,0
918,2.981941209,11.24553877,94.296574,92.01486244,14.662177,1
668,2.541819792,5.145479719,80.376136,70.38139692,11.622260,1
488,0.325005426,8.190475564,69.528268,77.30819501,9.275984,1
813,4.485256962,8.60506641,82.994983,77.23755386,9.853054,1
413,3.492244437,6.194312143,59.205674,78.46429928,11.096925,1
1185,3.764830046,10.67399172,139.678761,75.17431356,1.988837,0
1057,2.054570787,6.884651576,98.740296,87.62744631,11.494922,1
643,2.62585753,8.451584951,101.576885,68.85950411,1.536049,0
659,4.495829469,5.978983711,78.389453,83.49759944,14.444525,1
429,3.378733978,3.557734043,82.646095,93.98068928,1.920482,0
1087,4.294720701,3.272855489,143.011653,75.42729139,1.883094,0
671,4.183711117,7.13686938,76.500060,79.17833622,9.572052,1
743,2.983044788,11.83076865,78.174600,85.1805141,10.723062,1
744,2.740729188,4.94498558,81.021234,90.16332367,11.250577,1
809,4.050245312,7.78544217,88.017235,75.28388704,9.744286,1
902,4.2009472,14.52838261,119.204849,78.11653602,1.979370,0
555,2.756869289,2.941944677,70.685060,83.43602753,10.766542,1
706,3.322614307,6.614217267,83.324898,69.85725173,8.901877,1
634,4.144613565,8.879249763,79.153601,80.93710058,13.084181,1
665,3.02079774,7.931052314,75.614025,76.39563489,8.573822,1
913,2.577537492,5.168560934,126.621675,86.05565543,2.215670,0
1212,1.723152316,5.266437194,146.622262,82.46203326,2.151117,0
1300,2.219350167,8.433284367,146.371396,74.47340728,2.422724,0
621,3.251042298,5.331135919,99.493050,71.33767298,1.869816,0
808,3.077382494,3.582213352,82.586637,74.73223423,11.069174,1
1258,3.265262704,11.24739915,118.529323,71.70502051,9.554021,1
1267,4.119742571,8.25954341,150.095066,76.78191794,2.048175,0
868,2.525345854,4.285353424,87.320851,82.91035392,9.890133,1
1024,2.194610985,4.866378095,136.146286,83.93495969,2.258273,0
1036,2.161426496,6.125224415,131.787334,77.31864397,1.883211,0
656,4.151633853,6.293228799,76.143852,68.31764688,14.717352,1
823,2.377631328,2.604273235,83.981955,76.89877273,11.163728,1
524,1.441211642,6.817949603,87.801839,73.97899838,1.504218,0
699,2.106315488,2.486776497,101.557312,90.5700987,1.595092,0
981,3.23583633,7.45469799,100.851262,80.96278367,13.551257,1
833,3.758835012,6.281994196,117.042183,70.93811193,2.099143,0
919,2.726379052,14.715238,96.908008,87.73000415,15.401546,1
801,3.707930935,8.233513626,85.480757,81.36110316,15.759435,1
696,4.103562666,6.618358058,79.418240,67.57587529,8.171554,1
1266,5.377553778,5.537527641,115.091703,85.88594308,14.084275,1
1409,2.781201742,7.002047277,120.538090,81.15976588,11.716698,1
758,2.386985356,4.015625941,108.828359,87.26839062,1.952831,0
1062,3.488973444,5.629841861,105.422529,81.64297858,11.937272,1
537,4.156876294,4.950165181,67.309236,80.9823483,10.045628,1
787,2.784999885,9.593899862,112.854996,70.02199953,1.956509,0
902,5.436147799,7.024751841,122.600404,70.68267455,1.762721,0
879,4.069468025,8.81104224,90.787966,77.88894137,12.071414,1
523,5.020355062,5.812090046,94.902229,80.96196447,1.683165,0
1118,2.828898336,9.016960732,134.159698,81.01731441,2.276528,0
789,5.695134281,7.39662959,81.717822,72.94769342,8.366829,1
721,2.695378317,4.577268944,110.291819,77.74256393,1.864515,0
724,2.056726705,5.000296043,83.773921,81.69177157,14.282224,1
493,2.352637026,4.43939511,66.635440,80.25216288,13.600515,1
909,2.959261907,11.41890055,123.617269,71.51373074,2.075514,0
836,5.258868973,4.225744669,87.027230,72.69458514,12.116152,1
570,2.692027062,8.216080305,73.068196,67.07467266,13.609248,1
1471,2.921665241,6.381885876,124.639507,71.37136778,10.871721,1
729,3.93723201,14.9792274,84.972015,85.46414083,11.307412,1
599,2.003949152,5.552584115,94.559353,68.1226017,2.083134,0
1141,5.407791746,11.24281896,144.136733,74.40004988,2.229979,0
1136,4.754655589,10.94144934,100.824728,70.12053882,15.310833,1
833,4.035735607,8.444530391,85.558745,75.19356469,8.747297,1
677,2.508777116,7.950926505,80.859867,82.73798198,10.018459,1
925,1.98569659,3.340632589,123.766715,78.69165767,2.124016,0
833,4.016626803,7.734459106,85.755459,71.62296504,10.344408,1
930,3.690079666,4.770946321,130.216295,82.33074096,1.979243,0
758,5.899065401,5.440652967,83.403076,79.40629951,14.251607,1
1062,3.690162632,8.882507185,105.149883,69.91345089,15.230040,1
552,3.470547288,6.79852184,69.059189,84.86071982,15.673674,1
2020,2.48341279,11.08509924,209.863656,71.32929922,2.240532,0
1021,3.858195521,5.002131285,97.912897,88.88173947,14.699323,1
423,0.708185901,4.830761539,60.148242,83.2461548,7.890417,1
469,3.731757705,8.768095391,65.134738,67.91280425,11.790478,1
771,3.406179926,5.95003054,82.296120,69.42755097,9.816037,1
1172,4.999245745,8.116638001,103.038221,70.09768939,15.241364,1
779,3.46447946,4.020912853,108.923393,82.32032257,1.955089,0
516,4.37331772,1.427812409,68.548200,72.22145067,9.903089,1
383,3.458565868,8.061969245,58.284039,83.01099114,14.928653,1
512,3.489710092,4.105276645,65.952317,71.9705054,14.458424,1
1087,4.583877097,7.38219431,106.646630,85.1428114,15.209246,1
570,5.054126484,7.137437262,71.521800,67.2849751,10.492647,1
544,3.830605051,5.373992999,72.835001,71.70766158,8.620943,1
830,4.196851494,8.162407278,121.784102,80.22059294,1.881255,0
873,3.46886282,5.357634507,121.279069,82.2001144,1.679012,0
675,3.561178406,5.163843547,101.086002,72.20459429,2.061800,0
734,2.790814499,4.777325422,107.677035,79.54054455,2.151273,0
915,2.786875988,5.121341165,89.686071,74.67680798,14.076847,1
727,2.777169668,6.423462791,81.389646,72.92624898,13.584990,1
892,4.019692936,10.72003637,91.102942,79.62976519,15.758157,1
1071,3.818850889,6.592040533,100.921847,85.66796151,14.109721,1
441,3.845311058,8.321887802,65.977827,71.8014731,14.355955,1
562,3.486698542,10.50189797,90.695201,86.51549366,1.516396,0
650,5.842101745,16.24970946,74.233642,68.44568062,9.681881,1
1156,4.108144835,5.396624116,143.363490,88.24018877,2.310352,0
513,2.55854354,4.15166431,70.846937,68.69676335,12.623761,1
689,3.229242714,7.031272009,101.393986,78.73009536,2.037419,0
343,3.645697848,5.297467351,58.447330,83.55073053,8.164733,1
1379,2.829296791,6.676102852,123.919159,65.61284718,13.515091,1
603,1.270661891,6.759154013,95.895695,70.68431013,1.539309,0
592,2.468749592,5.696184545,69.489251,86.35322142,9.081031,1
894,2.884923452,5.53303057,91.677215,65.76140349,15.648310,1
598,3.260286382,3.264906526,72.730626,79.71972315,11.555993,1
809,3.75567279,6.788085071,82.427268,78.12836353,10.471417,1
968,3.752912256,4.988215259,93.705088,81.42745137,8.533815,1
775,2.594746118,7.77904045,81.724451,69.93860079,11.413186,1
724,2.059781858,5.518458272,81.729569,87.26105151,14.757319,1
729,3.120852568,5.079787241,84.711740,79.72664887,12.035351,1
755,3.411253719,10.09308534,81.163474,82.65698725,12.492941,1
1291,3.879801315,14.46430632,157.093443,70.85604186,2.273467,0
648,3.754370896,5.900179036,99.564500,69.40904722,1.572211,0
503,2.034704612,5.406173752,93.976563,69.21164657,1.698384,0
1409,2.448422767,5.076747645,156.938806,86.8697318,2.372117,0
673,4.540598623,7.941643286,74.651205,78.88452044,14.977744,1
647,2.663503039,2.818298246,79.577010,78.7406319,13.918080,1
908,4.776496492,6.59741007,127.940900,63.55244238,1.790243,0
659,3.58196466,4.822044563,78.945352,73.33540249,9.400964,1
1047,2.527084372,4.302860877,101.815834,77.2874898,13.805714,1
920,4.880477887,6.171200459,90.156526,82.29857121,12.105531,1
691,3.516633646,5.770754107,77.124726,84.10242122,15.030369,1
1478,2.505067796,2.39581248,125.531323,74.58776577,13.498851,1
670,2.691219224,5.780184784,76.056557,73.36942161,15.652829,1
840,4.666518658,7.928491275,91.004459,72.1346416,15.339047,1
764,2.357019897,7.379463997,80.905502,73.77871034,15.446689,1
664,1.92994956,7.032399341,73.864926,80.51628516,10.376481,1
530,2.721544553,6.591911473,92.176711,85.37873618,1.925441,0
458,3.364850162,4.773891212,64.445728,76.45088159,7.758410,1
1406,2.113268634,8.506846553,122.722691,81.72657397,11.216290,1
1272,2.067575575,0.786808407,152.339095,78.03557468,1.998635,0
577,3.669834931,3.357733219,72.807743,84.91484293,15.207733,1
589,4.623011607,1.457721985,75.465004,83.16449125,14.037193,1
778,2.147743725,6.750116533,116.350465,72.17910043,1.878332,0
452,2.459926011,4.012940826,64.389834,88.12250328,10.621737,1
1033,4.015978599,4.044618546,129.850251,69.72617742,2.160759,0
644,2.69613012,5.301801231,72.692419,86.85436064,13.888167,1
685,3.597667244,10.00737911,81.554214,85.50853345,14.015468,1
461,2.592478234,5.310509246,62.311524,73.71450999,11.322874,1
453,2.243080106,5.85216023,65.305609,86.16039817,11.315017,1
814,3.305758926,4.990315631,109.961378,86.17714233,2.186040,0
539,2.072085362,5.273467148,68.728807,77.60735829,14.209239,1
807,3.573537171,5.435716228,88.156146,84.31061731,14.357476,1
792,1.885749282,4.479093828,82.387268,72.07055572,9.653200,1
880,2.292284224,5.984737646,91.606619,73.97092592,9.015374,1
939,2.479915674,6.279585086,127.619586,89.78804956,2.068882,0
1348,2.28424183,6.47128685,161.066605,81.30054697,2.271034,0
1177,3.14225661,4.029034033,104.468685,73.41035115,9.801138,1
1126,3.906482246,4.87363844,143.301872,78.30653346,1.984098,0
882,2.57371904,6.066063039,89.447034,84.38265726,8.979514,1
663,5.478452182,7.052038377,105.959364,75.04337812,2.095173,0
771,3.615147869,8.280813141,110.179599,85.01133591,1.594783,0
1086,1.957800393,10.36117324,136.809240,82.49663647,1.902029,0
854,2.29866197,9.093801912,85.275309,86.14035815,9.485576,1
428,4.817374978,7.381478075,65.161033,68.05127658,15.605534,1
1484,3.274450433,6.096013615,175.893723,82.57189682,2.448418,0
521,3.937582513,6.008643896,66.178882,71.78779363,11.776366,1
1245,3.997609193,5.160321334,145.825872,75.89127807,1.891814,0
721,4.333740562,4.116938813,78.858075,66.83904245,8.275116,1
428,2.630313601,14.17804375,63.420472,76.84327691,8.136041,1
757,4.887911861,4.605421598,111.602940,70.51019095,2.068973,0
532,2.584221496,6.978570048,70.775267,67.73312968,8.936793,1
759,4.458605189,16.74387041,83.247767,72.77172263,11.345628,1
595,2.409280508,7.248602186,74.662913,74.80152847,9.355131,1
860,4.98745696,10.90178627,122.262283,74.72376704,1.736573,0
1168,2.671261342,8.066906803,109.793533,85.47039534,10.064044,1
937,1.985188824,5.482787259,97.431897,75.36743559,13.332007,1
802,2.6413397,5.916244687,108.818845,85.10981235,2.027945,0
723,2.359133956,10.50397534,104.240653,74.4970153,1.935501,0
668,3.613017572,3.627399545,79.825956,81.679781,12.240937,1
743,2.819474484,4.41827842,82.703894,77.02275201,10.745503,1
842,4.385639214,9.070833333,86.340186,84.02292994,8.157622,1
712,3.314215639,5.445329528,109.825139,77.74667212,1.906943,0
672,3.910785642,3.365309743,106.499806,82.05037362,1.683888,0
580,2.230721753,5.731391009,75.514593,74.39580689,15.640628,1
1057,3.042302104,7.142803344,97.110180,86.93980961,15.017080,1
945,2.973972376,13.66311222,92.415844,68.56274274,13.798616,1
619,3.862519084,4.373864709,77.364353,85.29220486,14.929114,1
725,3.088663249,3.711530183,108.608017,79.85462619,1.845735,0
860,2.991972657,10.91516437,115.391375,76.67089992,1.781825,0
665,1.924127521,4.923510326,99.349182,71.23254981,1.770698,0
676,3.008241938,6.29967007,78.766093,77.21158041,10.613626,1
898,2.174168586,4.549271629,124.364980,70.41207192,1.857242,0
797,2.504279702,6.745274716,83.563258,77.67260746,11.326268,1
490,4.219244578,4.487079873,68.958112,78.00867346,9.234266,1
909,3.800915439,4.6315918,120.884334,65.76841268,1.655776,0
621,2.850912851,2.798683001,103.145799,91.72361886,1.729113,0
684,4.013145777,11.78362135,82.379525,68.93774752,9.426910,1
787,4.371238398,6.57242346,85.573179,69.36010413,8.046452,1
603,2.713783982,7.446803583,75.489605,81.43822662,11.386535,1
609,4.596759813,4.561592658,72.659803,77.83952346,8.528944,1
765,5.274040016,6.888305968,80.066773,73.69027242,13.421173,1
787,2.822036099,4.96186087,85.030862,82.96400851,15.689580,1
1560,4.659684301,7.982802536,173.543720,92.37960369,2.116990,0
509,4.874965565,3.476695234,68.858397,72.08644645,14.239472,1
730,2.455748309,5.740273278,111.834993,72.32622764,1.901536,0
641,2.487186393,7.21138802,104.995169,72.832672,1.747973,0
798,5.581680118,9.217782312,83.258597,72.2755143,7.991681,1
499,2.415894198,9.582071205,88.439852,81.91446352,1.879548,0
690,3.399079825,7.637934154,78.288927,84.2055828,11.668297,1
1134,2.789207278,6.125871389,145.017425,77.1642189,2.211569,0
744,4.685843849,6.557033812,80.324310,93.92706106,10.107495,1
448,2.568990889,8.693489055,65.212608,85.29592491,13.317568,1
507,2.87798389,4.428623075,88.694185,81.71202425,2.042064,0
1274,2.6487553,15.86377137,113.259093,67.35542379,11.924016,1
476,2.48398025,3.70259039,63.875159,78.34058554,14.853954,1
691,4.375961989,4.628115632,76.177067,80.28480101,9.400890,1
474,5.258175766,12.29270989,65.443470,82.34877311,9.528470,1
486,4.243316955,4.352166857,65.372897,83.03618341,8.401391,1
489,2.651246858,8.38227254,66.512342,71.69387831,13.509686,1
429,2.304550199,6.122140977,61.298128,72.72606531,11.421250,1
455,5.236365686,8.199034085,63.838004,92.48471227,10.666028,1
1652,3.276245008,8.090186544,140.593812,89.76042579,9.646859,1
374,2.658585958,4.47246431,62.019391,70.27558923,12.006333,1
717,4.934471366,5.910941935,78.305312,74.52300573,10.592838,1
723,2.543279941,7.627576826,105.401523,81.56291989,1.725607,0
758,2.03965649,7.394543911,82.609267,76.01195279,9.369954,1
673,2.088715547,5.220011055,98.788627,74.5977148,2.025105,0
577,2.133198627,3.493785105,73.774293,71.82469621,10.349394,1
766,4.096619919,3.623880459,80.779050,71.60814206,10.823686,1
806,2.314460244,7.07171881,82.973439,77.19573638,14.573146,1
861,4.247405459,4.386303283,123.969102,82.91363435,1.760539,0
423,2.557825141,7.252297798,64.714697,86.26879307,7.978693,1
973,2.157145488,11.99406058,91.120518,78.45431083,15.064078,1
606,3.125228228,3.704493432,76.081196,78.10680476,9.820223,1
717,3.071854649,6.452023868,107.619367,82.97366606,1.734921,0
737,2.000300763,5.817399006,83.121712,82.76655512,8.126753,1
788,3.838054229,4.740401871,115.424863,78.30130434,1.907613,0
403,3.535621721,1.126809953,59.019375,76.86974735,15.568986,1
843,1.922380275,6.40403476,118.658165,74.45544723,1.815319,0
940,3.052892053,4.581922246,126.912227,79.15667598,2.134378,0
858,2.740992298,12.21937836,117.328187,85.45312207,1.786066,0
558,3.021125197,8.004442372,73.107787,76.51565313,9.509895,1
677,4.332277203,5.295160707,108.441837,78.31758013,2.012487,0
975,4.326316321,6.302164372,124.043882,80.26934638,2.157598,0
923,3.302557668,5.47721951,90.161503,85.0135713,9.467301,1
472,1.999791142,13.39081259,66.470137,80.52406893,11.347397,1
631,2.704263912,7.522632014,72.941313,72.14596279,10.940045,1
592,2.859479043,1.45282542,98.162274,81.58815929,1.577663,0
699,2.556968847,4.735093915,78.406571,84.82394461,14.300365,1
697,1.901855721,5.619076845,103.260752,68.15735024,2.084961,0
936,3.364813897,6.182247945,126.016516,82.58005316,2.085838,0
703,4.896007373,4.78800067,109.990252,73.14065413,1.866980,0
774,3.177804325,5.638249333,114.129465,74.55872131,1.711733,0
696,1.821536839,6.976635097,108.822589,83.36132238,1.773666,0
626,3.258302417,12.66721433,95.718207,84.8346817,1.874603,0
466,1.907980151,2.844804953,87.554665,82.49901803,1.698699,0
1274,3.753181293,4.44407536,117.246191,71.54996505,13.214954,1
570,2.437633901,7.519170734,68.506284,66.05515292,15.777140,1
1382,4.711898262,6.113931025,125.029112,77.40142074,8.972595,1
623,0.756263871,7.870837554,74.413581,80.07990204,12.944779,1
1383,2.675943975,3.607179217,158.291476,69.12167743,2.251552,0
801,4.659347484,4.329364364,110.887040,74.03943042,2.144858,0
403,3.694373921,4.243660561,60.284531,76.9705442,8.068298,1
660,2.434678548,3.532638639,107.352288,84.56552221,2.014436,0
1302,1.946854196,4.365183475,157.287338,80.55022642,2.336786,0
1272,4.05564532,8.197579222,149.438367,78.80751975,1.933416,0
877,2.031846174,4.135845445,119.608577,75.97244113,2.088508,0
720,2.702613492,4.806185769,77.941758,77.70166468,10.938287,1
565,3.317115054,6.244296359,71.688042,68.12675716,14.295331,1
865,5.520717721,11.64551705,93.309794,76.41006678,13.018576,1
846,2.552779804,6.812005703,121.067055,74.92290652,1.994614,0
1405,5.336767147,1.358919599,122.229892,82.16029105,13.465439,1
1437,1.86840142,3.849838198,126.911906,79.7580602,14.495492,1
1314,2.821013376,4.854730587,153.893988,78.57338903,2.161064,0
606,2.828192336,11.62981815,100.399939,65.24827987,1.817875,0
1115,4.106250748,4.935860262,102.564771,76.75855764,9.625449,1
756,2.128777507,6.829512488,79.978265,79.49552335,12.737935,1
954,3.41727755,5.329938308,96.124043,81.25049109,15.826522,1
731,3.437051509,4.543386873,106.905731,76.80642708,1.876910,0
642,4.485532059,9.837701654,76.634933,69.87860023,14.073593,1
737,3.443179606,4.417633229,81.976916,74.42600327,15.253953,1
548,4.840758756,6.119180813,70.822644,66.14328055,11.854333,1
833,2.953535029,4.883056287,118.618174,72.08209124,1.864734,0
507,2.586414993,0.449208566,66.855966,76.2575023,11.223584,1
943,3.317254432,6.359054848,96.517888,77.72335236,14.597919,1
611,4.91036686,5.185477514,99.614104,75.62676809,2.095744,0
772,3.530626052,12.20688771,82.708109,72.19936321,10.408790,1
583,5.373756218,3.854536932,72.723026,83.33348904,14.830780,1
521,2.826811289,7.056943341,70.593480,80.33262745,14.308007,1
693,5.05222594,5.793151598,105.104769,81.9935668,2.014394,0
939,2.923258028,1.044157014,125.072377,86.3092384,1.888889,0
780,2.217646135,5.776046221,82.512270,89.33933613,9.953034,1
1236,3.495513006,4.279331627,149.129052,75.83041427,2.124518,0
422,3.882891363,6.378769746,87.699916,73.29618372,1.930708,0
514,3.642813253,6.666078343,92.644608,76.93909251,1.966256,0
685,2.135644461,6.553194682,75.029082,77.51788052,9.945984,1
1020,4.755376067,7.135325665,95.553432,65.66065574,8.186989,1
875,2.285742343,4.259121282,122.314532,81.91534135,1.954973,0
919,3.166933417,5.558107711,120.115961,75.30257483,2.171006,0
1523,2.72398817,6.446409405,132.042190,72.00729408,14.742224,1
1004,3.681373924,8.772198407,98.871330,85.14947832,12.495510,1
838,3.235080399,7.330526202,113.638940,81.16696233,1.949787,0
929,3.31498533,9.014093006,129.309402,84.16654975,1.802649,0
530,3.846563657,8.666147734,93.462736,70.59498064,1.780370,0
698,2.541908973,4.87229227,80.164111,88.59476188,15.378931,1
766,2.543176584,7.796650209,79.833132,78.85301874,7.888341,1
657,2.450562395,5.593865159,79.604148,72.86177145,13.197464,1
1364,3.00181924,5.683045175,164.513165,80.595994,2.346993,0
1167,4.154486159,4.154448185,149.030046,70.39912637,1.828198,0
644,3.163120268,6.625749801,78.416533,77.78344326,15.084771,1
590,5.351240985,4.942745897,98.509583,79.33593061,1.941396,0
647,3.486575655,4.356678738,75.867079,90.32060499,12.214424,1
583,3.330032748,4.753433982,70.991691,69.41107277,13.377793,1
622,3.072420847,5.8384602,97.308447,82.63027526,1.592557,0
572,4.425364303,6.432936316,95.129563,83.12086873,1.538610,0
535,2.914749289,6.178037334,67.095199,77.79083455,13.168510,1
594,2.670296999,9.094531454,72.399790,83.55629602,10.908765,1
613,3.418171489,5.590929703,103.798174,78.10489473,1.815039,0
1015,2.229226498,4.478920147,127.834968,77.26103858,2.102904,0
795,5.62163823,5.188928595,87.624077,79.7525262,11.737201,1
602,2.413892157,6.673008966,71.274956,79.88255028,12.412465,1
789,3.200557932,8.667628114,112.601214,87.84038757,1.912298,0
847,3.305902183,6.25990775,85.282067,82.95054394,12.702498,1
632,1.970788788,7.133181414,73.232515,91.86423233,9.203292,1
382,4.007224214,6.040847619,61.897198,81.06447448,8.205819,1
629,2.861142608,4.84818915,75.254218,69.58054441,14.336129,1
847,3.094886423,10.82401294,85.128492,76.33078479,11.686441,1
999,4.879432402,6.526323946,100.427850,74.03213901,9.760970,1
695,3.781433071,5.557542975,75.535583,79.4191995,13.677064,1
1154,2.250126969,6.919377682,146.893891,81.85195908,2.347089,0
1331,4.214476826,3.231521189,149.256255,74.45206159,2.129148,0
965,2.396047767,8.135028858,126.026041,81.64228563,1.872803,0
434,2.725817829,7.946683657,64.424760,81.04960998,15.020754,1
654,2.869503863,15.34664402,103.564600,78.91487294,1.592683,0
756,1.906751306,3.632707569,105.855619,73.7944075,2.171184,0
916,2.325062913,5.89304435,125.641290,66.50874786,1.711846,0
733,5.111072865,14.78498487,112.030163,78.2596068,1.984361,0
1113,4.277560818,8.370224003,135.537037,91.64387733,2.113377,0
910,2.199858038,4.672934563,95.589387,82.10018444,11.676656,1
1216,2.384993367,5.875387014,141.876525,76.81748876,2.278764,0
532,4.799351102,8.365104215,68.059323,69.57553833,12.373543,1
1050,2.484554722,5.188038367,103.100126,75.44574801,9.667159,1
549,2.80233112,13.4220927,73.689245,71.2343369,13.653305,1
772,3.818990842,7.320255036,81.705992,81.13388458,14.793577,1
686,2.3824034,7.63370835,78.780380,83.70123383,14.845360,1
525,2.172241447,7.166854603,87.418090,90.87070133,1.998586,0
704,2.267872796,10.01271618,83.223913,88.93317269,13.978375,1
1277,2.367709994,2.487784847,151.035456,79.44896221,1.982195,0
778,1.954466665,15.01894448,86.565966,68.18607487,13.262140,1
493,2.90339023,8.434516436,88.179720,81.90205325,1.842048,0
632,5.53591251,2.787521539,72.784313,84.47036407,10.678004,1
1166,2.313936498,6.729036054,148.665122,75.24964265,2.023679,0
1381,4.409951867,6.871637185,120.159677,73.80566753,13.557142,1
902,3.939405861,7.667381428,87.696313,68.94950243,10.178196,1
895,3.70720582,2.027585574,124.215693,87.5210085,1.697824,0
696,3.229960878,13.50813113,81.627765,76.23301589,15.553338,1
529,2.405679803,2.635529094,67.802489,77.66872722,10.750574,1
606,2.12744185,7.11173993,98.985343,90.89271191,1.621862,0
844,2.96634202,7.047283074,117.888465,91.66319467,1.823118,0
652,2.257826144,3.093086838,103.123800,75.56810601,1.901091,0
741,3.455937253,5.949740571,104.255645,74.8911141,1.728566,0
788,2.426992673,7.243247792,81.560455,92.57343691,7.974518,1
534,4.850609699,8.052545628,88.947085,77.47029121,1.823751,0
849,2.263192483,5.773018924,117.698392,72.27689964,1.972181,0
443,4.360361089,8.350902344,62.003980,78.22490988,12.522516,1
776,2.271856877,6.135421624,112.332606,79.09666582,2.055070,0
1096,3.225911439,6.070042512,134.658113,83.3537176,1.904918,0
924,2.419134931,8.256669641,95.817266,83.45355694,11.047991,1
977,3.219496745,4.689880342,99.405667,72.69804484,9.558642,1
498,2.629637422,5.172974099,86.449022,72.63674423,1.918429,0
809,2.166052682,6.728474714,111.848701,79.68206537,2.188895,0
465,3.852066819,5.41945417,66.100614,70.9677994,9.411778,1
797,3.053651885,11.09805268,109.755750,90.90405948,2.047226,0
2011,4.317541015,4.8356017,158.665329,71.09439562,13.903884,1
835,2.499152606,7.107738895,119.309548,80.41383013,1.726891,0
877,4.204168736,5.642329686,90.926042,74.06266026,13.754405,1
611,1.952954708,6.919890527,101.552961,76.20807976,1.594478,0
840,3.952735361,4.358496831,86.550679,73.17126685,10.602150,1
469,4.537585322,10.76572352,64.154840,72.34549952,12.172489,1
783,3.288135466,7.434902939,116.579278,80.6962132,1.902914,0
1093,2.751429234,17.64939075,135.195739,83.23062765,1.825603,0
932,2.730935542,1.90404419,95.438367,71.42261584,14.104199,1
922,2.697810748,5.094065622,118.117421,71.54858757,2.082675,0
601,1.86657573,6.718313739,71.493147,83.06137063,12.690922,1
617,2.486291281,7.080774754,100.582977,81.8880938,1.643506,0
668,2.978320786,6.57830562,77.136313,65.13773766,15.785532,1
520,3.83286802,2.455279824,71.071977,86.44417528,14.052790,1
1581,4.100529744,9.696954648,174.865096,78.50429306,2.404708,0
673,2.640150136,6.811833604,108.370300,67.44902882,2.089478,0
1171,4.270435518,5.520500184,147.108796,69.34004951,2.285406,0
410,3.593154541,5.107993569,60.029353,73.11588858,15.668290,1
752,2.542300288,7.926538867,82.408524,71.91559564,11.607250,1
858,3.361348562,11.19818005,112.834054,82.30176467,1.852328,0
474,5.675050065,8.598758221,63.213011,70.49327117,11.337022,1
838,3.562432923,7.301461727,90.179623,75.00314377,14.216148,1
835,2.348241784,3.634149838,122.452564,75.53986392,2.129244,0
490,4.780802371,6.660588209,64.753069,72.78043698,12.179204,1
778,4.465965648,5.323240405,113.996868,71.65757779,2.016655,0
772,1.815792847,4.15530911,83.700136,83.86011118,13.149417,1
410,2.976919687,7.519396549,59.115321,83.96409898,10.011761,1
1043,4.433606284,10.9616852,103.330256,81.75358222,12.397463,1
406,4.310370829,6.183740269,63.638002,79.44172452,10.974148,1
675,4.048632681,5.219183965,81.586877,75.61274158,10.925263,1
688,4.054783468,6.921719519,101.426073,66.27610155,1.811883,0
853,2.103314513,0.916804218,123.423423,88.49660077,1.709432,0
872,3.179623035,8.843361366,114.294191,86.00959468,1.657573,0
700,2.744567589,4.818124642,105.881808,76.01601792,1.834229,0
557,2.320431056,6.098094032,67.529835,73.0918126,10.313489,1
1109,2.128693481,8.778875563,137.389443,81.76842315,1.982344,0
1320,2.786972437,11.21617639,111.596025,72.28285509,15.210818,1
708,2.568802165,13.7308259,77.746406,80.72504515,8.048103,1
1082,2.187395348,3.892523344,102.492194,81.68700003,15.512388,1
666,3.221341415,7.258822124,78.390721,82.75510292,12.911174,1
676,3.780707782,4.246400967,74.829129,73.58718547,9.412829,1
663,2.312542178,2.680503955,79.252851,71.32935252,14.702402,1
923,3.931988045,7.416222721,89.144026,81.25814161,14.391099,1
884,2.883821136,1.588907004,116.100230,84.77773124,1.730884,0
1498,2.041978398,8.287842476,176.928190,68.40250221,2.382453,0
978,2.446395364,6.875455993,96.011244,86.04762674,13.850037,1
647,3.868075726,10.32296621,78.377741,75.05879754,8.702224,1
921,5.411275017,6.562341436,123.617000,86.49070566,1.672074,0
839,5.343921457,6.752657988,85.077526,79.95521789,10.681475,1
928,4.86083745,6.101372824,95.702320,82.66793307,12.433689,1
983,4.319379138,6.397735546,124.755694,73.1635894,1.784860,0
787,4.372737473,8.358814418,85.017138,90.04220709,15.478391,1
773,4.45037836,7.414689312,84.001039,72.69372611,9.358867,1
678,4.150422344,5.944939529,75.872744,72.25314742,12.768512,1
840,2.827210543,10.7152404,85.299788,94.9335926,11.158937,1
787,2.732085877,7.062147875,86.201338,74.23206738,8.447270,1
793,2.262417483,5.350182019,114.283031,71.66889505,1.809894,0
823,2.977003507,6.582461945,87.238359,77.84373896,11.535071,1
406,5.164862822,6.786440771,59.814237,73.66097884,10.434120,1
521,3.987323208,10.18067073,69.355238,91.85768324,13.842780,1
618,2.302264479,6.865025539,72.849076,71.18634823,12.728685,1
830,4.188529586,12.58405239,116.106988,75.60928861,1.789346,0
861,1.73843833,4.307443802,88.205348,75.30708098,11.778695,1
685,3.042754944,5.700281406,80.684771,73.99994513,11.594587,1
733,3.221063676,4.939202045,77.415240,70.78472348,11.688042,1
1107,4.062214167,10.28941586,138.299304,82.56866127,1.922489,0
866,2.262844625,8.109527843,87.842207,78.41966378,14.677973,1
1055,4.306780262,4.889669214,102.890722,79.4264958,15.755189,1
845,3.741492601,4.168313596,118.688168,70.11543062,2.010004,0
1320,3.956098937,6.335769269,120.919944,81.23128598,14.345666,1
934,3.293746771,10.35521283,120.752725,73.35108618,1.792308,0
868,4.848689596,7.976030594,92.562303,87.99783666,11.189691,1
522,3.777118407,4.575687005,71.405336,72.02110652,8.526243,1
913,2.902244766,7.26088128,95.600607,79.0141533,14.810376,1
435,2.70547987,6.900113883,62.850649,73.29639693,8.316027,1
673,2.731622753,5.064897076,75.357008,84.18321479,8.154495,1
1170,4.532877577,6.529720051,106.791123,75.29557912,14.387004,1
600,3.734678859,6.053931386,76.990984,83.89694503,13.474866,1
726,4.144246173,6.817041008,111.162141,81.0951189,1.601151,0
365,2.240012065,4.911156605,58.169663,64.66498473,12.537283,1
631,3.372589791,5.985073562,99.913429,75.67340031,1.979781,0
774,3.752924079,4.602594741,115.445157,74.03613287,2.098171,0
1424,3.667731736,5.026408563,163.974071,79.27508968,2.179377,0
576,3.338777676,5.735033887,70.970144,79.28007302,12.760652,1
887,5.170751974,2.949287094,91.040339,71.43069672,12.145620,1
906,1.159291812,5.779422086,128.508207,74.44573806,1.953107,0
620,1.52998035,8.525785312,72.828361,80.09734659,12.071878,1
635,4.940142311,5.515832971,77.658900,73.75592376,11.213406,1
1133,4.118360261,5.711114548,110.239343,73.94635226,11.331709,1
548,2.555122899,3.877436861,71.808419,70.80229862,9.287556,1
740,3.042056418,16.16346599,111.875031,73.81383313,1.591775,0
597,2.353711325,4.274618247,100.880359,83.55658666,2.073232,0
974,2.243030515,4.744055207,94.928648,69.91458317,14.519723,1
825,4.050029228,3.96858982,89.324859,74.10197386,10.375962,1
715,3.391693931,6.977153879,104.924954,87.90080895,1.656410,0
989,4.851196068,2.451701299,128.886424,77.34684918,1.781912,0
640,4.483560331,6.790050955,78.383603,75.51278525,9.797506,1
837,4.942092566,7.887318535,88.328947,72.82590914,11.013002,1
808,2.675122064,9.699237937,83.801692,70.93862196,13.914599,1
377,4.80770603,3.896239595,60.305575,80.77975095,13.608963,1
651,2.353596987,3.281266576,98.697026,70.48738978,1.556809,0
857,3.546741254,10.30214772,124.172396,70.33137036,2.060767,0
706,2.817028083,5.381253176,78.805034,74.89123081,9.683668,1
994,1.871395537,7.407741369,100.822463,91.37353674,14.533411,1
629,2.30516756,5.567911887,102.683187,76.87180825,1.856439,0
882,4.442499944,12.54677803,90.450535,68.21498467,7.948971,1
857,1.986658716,4.817383898,86.302915,86.13498118,9.306675,1
874,3.453643451,12.06133805,86.314774,78.55013779,14.360609,1
701,4.980955334,4.482216445,81.222279,84.11414415,13.774327,1
653,2.049093307,3.815108807,75.339590,75.15648257,7.982914,1
792,2.373042052,5.942016899,83.084964,82.03869333,12.427112,1
534,4.868954916,7.626631407,71.634496,76.00826893,11.438845,1
727,3.490475143,6.934004381,81.450452,80.32914172,12.854440,1
583,2.412306432,3.863121065,75.243924,84.12407214,11.762738,1
1111,2.908997177,7.195431409,104.275787,72.26123278,10.407772,1
901,2.770540049,4.748631229,95.853331,84.99277492,11.560175,1
490,2.158757039,4.838226629,67.357990,74.31889103,8.779674,1
862,3.636286828,5.921524022,114.701912,68.52687762,1.734746,0
608,4.173316146,5.428638005,73.263161,78.30326452,14.786837,1
649,5.029143027,5.083812853,75.840538,75.21988223,13.167757,1
685,3.601333877,3.817569306,106.308430,75.90703695,2.079612,0
619,4.990218324,4.149368394,76.244552,69.96455475,11.991831,1
977,3.067081611,3.463799437,133.073995,88.1898811,1.785593,0
568,3.000969364,5.420917152,75.086980,77.04412464,13.199976,1
708,2.947438925,5.088072943,80.664230,76.9100848,10.668970,1
882,4.534587942,14.99156403,116.937769,74.258854,2.213714,0
560,3.892843535,3.644639032,96.303763,69.98984829,2.052822,0
640,4.424198195,5.131277494,76.163173,84.05334908,10.607323,1
901,4.422097762,6.412112656,118.331073,80.60635642,2.110709,0
228,1.964978502,5.511719788,52.319950,67.99025988,14.990314,1
402,2.694505578,7.669701286,60.957239,77.30311599,9.600273,1
848,4.978614526,6.541365415,123.105920,68.85786797,1.890111,0
927,2.384974552,7.177875851,118.169192,85.36486202,1.718863,0
395,4.307485887,7.691518399,61.956857,80.07091241,8.551078,1
568,2.297025469,4.479334689,72.822328,78.77164583,9.173649,1
387,1.429110412,8.161765578,61.371549,78.19249521,11.821770,1
766,3.419329324,6.912246565,87.135024,67.96900228,8.471389,1
663,2.829152864,5.54692266,76.217244,78.1897164,12.473419,1
1271,4.57067803,6.655297065,113.609422,75.44371405,14.291763,1
841,2.123174864,5.605196389,119.964726,84.3883086,2.198835,0
1221,4.701245903,17.7111263,106.312101,92.65089029,12.182773,1
984,4.310012058,7.527920451,94.820424,68.03680597,14.085335,1
786,2.974823954,11.55144474,85.337374,73.43334534,12.304640,1
931,2.556494846,5.794875429,128.910283,86.71700601,1.774714,0
804,2.003590674,5.443201844,116.838236,75.9444246,2.131758,0
1020,2.618196192,11.37889085,102.110842,70.84810239,15.700058,1
540,5.634121171,6.224759824,68.624119,70.20075166,11.522755,1
506,2.19403373,6.597134634,70.167512,77.78875079,9.201140,1
728,2.445867699,8.959170791,77.280348,74.46553233,9.138415,1
887,1.464346295,7.417346634,86.932040,81.65293378,15.383020,1
525,2.50378539,4.782136272,67.689750,75.54704283,14.818512,1
1115,2.808823359,5.579678088,145.730804,79.49550848,2.003337,0
551,3.446040506,5.006189397,89.460920,85.54107857,1.484831,0
1167,3.753377894,9.535055539,108.589455,73.89549303,11.885963,1
671,2.55698725,5.978210956,79.900603,83.64859202,13.431212,1
914,3.58316082,5.308863754,124.586669,83.44764694,2.210776,0
895,0.103614147,7.665001104,87.234686,74.63002735,8.509621,1
728,5.178260189,5.533612455,81.153665,80.15723564,13.058464,1
1158,4.101855858,6.871545262,107.238297,87.88289267,12.434713,1
718,3.010338364,4.175740593,110.287428,73.32225382,1.867531,0
1044,3.17598921,7.42837685,98.784806,90.45023448,10.776264,1
776,3.833152048,7.594573311,85.687252,81.22978631,9.866600,1
930,2.257145686,1.802094367,125.629883,84.75692084,1.669754,0
750,2.49585187,2.854472224,81.796753,78.26879822,14.501209,1
367,2.39486975,4.404120441,61.613102,82.58842664,12.574530,1
722,3.393938127,6.290179538,77.708918,83.15811722,15.713037,1
930,2.442061465,9.391741482,128.777053,81.1281474,2.132707,0
887,4.260997973,4.054895594,124.741068,74.10526692,2.135340,0
1031,3.197270782,12.97833298,99.842066,75.43595187,13.653545,1
886,3.650390293,8.226213171,91.210492,89.06762759,12.733404,1
583,2.407593333,4.765938799,74.146364,74.7002805,8.804770,1
683,3.009257083,5.096734689,102.319818,80.66480457,1.962588,0
615,3.331285242,5.72012787,71.969484,82.32413127,11.748318,1
1148,3.946901734,9.12466781,140.703340,82.48699828,2.099220,0
1168,4.383913922,4.402109565,136.525400,76.04116698,1.897795,0
978,1.267994504,7.128988341,134.644742,90.14381556,2.159146,0
837,4.542020603,4.257825137,121.956129,87.5719878,2.203294,0
631,2.213894132,4.407635222,74.437063,81.95786917,11.222011,1
1273,4.128554964,3.564076599,116.926906,73.69912816,13.979228,1
959,2.770651603,7.237040644,129.938559,83.76913824,1.771351,0
1350,3.760356093,4.710408075,165.171196,66.00512019,2.287335,0
1285,3.916524628,4.747280821,155.108819,82.83833445,1.893008,0
886,3.746846469,6.171106956,119.865612,75.10578382,2.050695,0
530,3.5949428,4.932138892,93.037893,84.05193007,2.051455,0
1272,2.687719712,3.040153871,109.462618,78.3657628,9.126168,1
538,2.410299597,11.45737094,69.083706,70.79775656,7.917322,1
471,3.455963915,5.164471367,64.948589,65.4211955,15.030652,1
569,2.240970171,4.711165189,71.628404,78.89178095,14.186072,1
845,2.015910365,5.395024725,84.628100,73.011827,9.240320,1
907,3.833384137,5.348128243,123.310246,73.60840828,1.917713,0
588,4.551837314,5.604693206,70.761812,75.50727138,13.907084,1
626,2.621888965,6.316651067,75.536483,75.84310284,14.589950,1
758,4.81004913,4.633135297,81.963565,71.71778428,9.173460,1
511,2.068325007,7.398872502,86.584863,72.63583918,1.887589,0
854,2.873233598,5.840421397,86.613626,73.06242307,10.845983,1
586,2.221342259,5.89114547,95.490576,77.6614978,2.031279,0
808,4.244928096,6.727043261,88.810541,84.53879058,13.958012,1
765,3.879590497,6.669617977,82.616070,84.81856204,13.815920,1
836,2.663225392,9.93832551,89.684783,78.73893757,12.556594,1
467,2.467498065,8.664303919,63.824535,73.69569876,11.215195,1
850,5.026434827,3.671946539,119.135965,87.64195339,1.802617,0
566,3.513360515,7.180616976,72.345008,71.19703426,7.987035,1
420,2.647738479,9.612657638,60.676855,76.93669804,10.289067,1
1048,4.666699796,8.347602785,98.611912,86.43696578,14.341650,1
1032,2.750943531,4.566361501,126.438831,83.40176911,1.756112,0
757,3.194498396,5.548636191,108.801979,74.32876796,2.056094,0
461,2.353805043,6.273069456,63.576809,73.44449259,12.414380,1
597,3.414076653,5.845426776,96.885715,72.87411102,1.923588,0
675,4.427771277,6.095032129,80.600625,80.49045913,15.122962,1
1571,2.319205716,3.068281916,179.002369,79.06949191,2.340760,0
622,2.355858582,8.845712538,76.438761,85.38754423,13.444962,1
639,2.507608842,5.991826009,78.841503,77.38900037,11.429781,1
557,1.694000674,6.851361196,67.548334,82.91312179,13.361167,1
830,2.685146447,6.959360745,90.110931,73.4606375,9.748878,1
1310,4.000092418,5.683632595,150.628550,74.7486639,1.861993,0
756,2.243621482,6.409171272,83.242799,76.16759796,9.222403,1
1035,4.378047521,8.487750599,103.248223,86.90468234,11.843169,1
435,2.11686341,6.56311772,60.800623,90.25946709,8.099016,1
664,3.873934004,4.897697685,81.113595,86.09517383,13.778822,1
557,1.948449252,2.837140011,98.428836,76.91196531,1.989975,0
881,2.178533827,0.899862461,120.532470,73.71060029,1.997786,0
652,2.952229839,4.328989739,73.545492,75.59877904,14.152858,1
856,3.939032211,6.650774104,93.193069,82.33471996,9.941883,1
735,2.004483724,5.423731092,81.679657,78.75222364,12.710843,1
376,2.153162541,2.975390928,81.528842,89.69301823,1.512580,0
737,4.699706716,6.175904734,83.889078,86.78035181,14.943203,1
1024,2.986880354,1.911139303,97.174729,79.9134958,8.093660,1
722,3.007075623,7.693732025,109.596620,71.84637182,2.138139,0
659,1.929150743,6.953344069,101.667401,76.3267741,2.025206,0
491,3.739964264,11.69745691,66.001521,77.43175964,10.444564,1
530,2.111655433,4.431196976,67.311940,87.52326747,14.325636,1
1138,3.426785364,5.932343666,110.917715,72.41957456,13.185664,1
581,2.337947899,5.707150672,91.777088,79.88403346,1.504039,0
699,2.341508446,7.977658159,82.935217,91.48318456,13.221116,1
946,3.088068144,5.324109308,90.407228,82.71230605,8.635169,1
898,2.585566431,7.089434051,126.216855,75.35173955,2.236813,0
618,5.336821243,8.672590065,73.127231,76.95648992,13.280877,1
802,3.263350466,6.098290188,81.732185,66.79254012,13.772742,1
883,3.162857648,14.89351907,94.298879,77.14786961,10.113843,1
1511,2.321443804,7.458951515,177.480985,79.94748567,2.404584,0
654,3.818907915,5.161995236,77.144125,87.61451478,13.186516,1
697,2.808280771,11.47844196,79.941164,82.29026842,14.038804,1
543,2.25432292,6.332005164,69.233901,77.41054076,10.755440,1
933,1.998246399,7.425250904,121.945485,89.87026551,2.138492,0
461,4.75692088,7.635279569,63.552723,67.98228673,12.500090,1
901,3.021461689,7.484697348,89.384799,86.60003254,10.867908,1
769,2.601653281,8.02841554,82.979221,72.59262598,12.212209,1
802,1.383035662,8.789020499,86.729816,81.5381159,13.833390,1
802,2.975014534,7.962033881,119.276960,77.1445304,1.909891,0
467,3.383352754,7.532953779,66.491284,70.55402472,12.208805,1
561,2.64176277,4.662180679,68.234430,83.30382486,12.112247,1
773,4.050161958,5.056935195,86.933740,83.44047532,11.498246,1
538,2.950237721,11.42815309,70.435162,85.72359676,8.260169,1
1023,2.008805662,6.636909964,102.473166,77.35467826,15.634890,1
578,2.651060248,7.022458485,69.269585,77.4933812,14.271859,1
471,3.533664026,6.511145873,64.561654,76.9963353,14.996393,1
1193,2.41815105,3.363400787,147.595548,79.70091767,1.901222,0
566,3.810155406,4.611214226,71.671296,70.23096937,8.695044,1
602,3.257708561,5.541050006,95.913499,82.49250626,1.922349,0
509,1.961584667,5.533621364,70.133028,68.70422814,13.124348,1
582,3.469436441,10.76886798,75.347952,83.66201478,11.593112,1
654,3.818298734,14.54339463,78.740835,77.61911671,10.240788,1
657,4.931621434,2.791661966,78.093422,76.53097127,14.153989,1
496,2.650114875,3.859600612,69.464480,75.79492452,8.691891,1
714,2.574315369,4.138522641,84.237981,79.56061933,8.838845,1
408,2.006543965,6.877284493,61.059751,70.18947424,7.818624,1
1190,4.052754467,4.612248438,140.837720,77.73741786,1.851793,0
970,4.603666769,6.255056633,126.475177,79.32905332,1.865820,0
402,2.579520305,4.157512674,58.655521,87.36787872,12.296793,1
529,3.981474044,6.436382446,66.618619,78.3203264,12.861028,1
1386,4.547662203,5.024894136,157.373628,91.81866366,2.483239,0
704,5.113213312,5.010775528,80.876319,77.05053177,13.880486,1
752,2.786449258,4.987278535,84.799517,83.33286847,15.820564,1
868,1.886496857,6.93401796,121.948643,75.23106876,1.940026,0
1171,5.760872726,5.438333268,106.546377,76.04725036,12.368218,1
1104,1.781618704,5.858080635,133.487225,75.38704582,1.789316,0
550,0.318334168,5.572440433,71.403809,82.46730613,9.264274,1
428,3.969505487,6.317526897,66.185623,83.82389342,15.114762,1
901,3.21031913,11.7254913,94.590514,69.19306763,12.516819,1
582,3.213019892,10.45155727,74.045446,69.74684811,10.142459,1
1506,4.581416152,6.981123016,163.644388,73.61200208,2.134450,0
764,3.347337714,5.019239418,113.526659,79.3283284,2.122033,0
1665,4.912796211,10.90520376,176.349486,75.33892642,2.156742,0
547,2.0723897,7.474661945,67.915722,86.63223147,15.491456,1
821,2.073947548,3.655093705,118.868037,72.18150472,2.209357,0
465,4.205945193,6.590220213,65.169264,80.53221587,8.493789,1
1202,2.173392039,4.455410963,152.485708,76.92872883,2.002141,0
790,4.612273585,4.556134548,110.172762,85.45534961,2.171912,0
771,4.584675217,5.324735235,85.278410,78.78202933,12.258272,1
1568,2.139968874,4.761596734,167.555963,78.39069892,2.404300,0
742,3.227590809,8.877861612,111.079345,68.37700947,2.021315,0
672,1.601392844,6.455823244,78.822794,84.16512625,9.532906,1
470,2.424015876,6.258882149,64.621911,83.82076869,13.230993,1
588,2.599037384,4.593786673,73.248931,78.90994177,14.386127,1
929,5.200707543,8.031093676,122.001743,74.46802246,1.665778,0
574,3.811002826,7.185832721,71.935773,75.03532166,14.700065,1
831,3.99666826,6.209742408,113.072122,68.88691916,1.912447,0
1290,3.946343989,3.922965458,118.981774,77.39721141,9.146566,1
935,2.493539138,6.200684195,127.022440,79.8319271,1.926867,0
1429,2.157448086,6.779807968,156.236252,82.94249281,1.947282,0
778,3.408461999,5.349920947,82.174985,78.67246423,11.671196,1
1066,2.740809296,5.503784966,137.750274,77.509796,1.830437,0
851,2.511261303,4.910965409,120.636031,86.04154112,1.657614,0
917,2.418912854,2.945859649,92.388714,79.60125461,9.786850,1
595,4.102369238,6.61242228,70.885283,77.79322172,13.891937,1
750,4.207832374,5.771060274,112.407054,75.7122308,2.049946,0
587,2.43084257,4.810308977,69.133949,65.10036994,15.743285,1
530,2.798959992,6.760561329,68.676158,84.19194373,15.593988,1
811,3.438617961,6.645624094,87.879719,83.65694558,9.743805,1
1066,4.300641595,4.384580287,139.146304,77.74588995,2.110289,0
715,2.421354048,4.742536548,104.300191,75.00517156,1.907164,0
1230,3.881478221,5.806083308,116.735270,74.06775163,14.736714,1
885,2.966485742,5.495294372,125.883357,80.76427009,2.029042,0
502,3.741823433,6.236458733,66.611062,80.00249046,14.459375,1
902,4.117295857,4.981360352,88.200205,87.92508748,9.853912,1
551,3.067355315,7.883294167,69.391084,75.14791579,15.535240,1
945,2.929119787,6.943433977,92.147037,86.38593767,10.582680,1
476,3.33964189,9.302344178,68.585854,79.59125796,11.200617,1
392,1.067202883,4.4381476,84.759626,75.83654085,1.643179,0
770,3.806712048,5.611391821,112.052615,85.67855945,1.664562,0
902,1.245728139,5.847137648,120.953578,80.67710347,1.752406,0
799,3.425784344,9.341140112,85.041112,90.20509037,14.885724,1
681,3.109804058,1.846237277,101.373138,77.7332631,2.091404,0
1204,1.912155585,6.9167173,153.155232,76.74339773,2.128624,0
1180,2.547448313,4.116610542,141.703785,79.20468063,2.213254,0
751,1.711535453,5.371617574,110.764136,69.21794765,1.772048,0
736,1.714207388,4.495043827,85.081610,76.26089916,8.820379,1
522,4.345408489,7.046713006,67.611264,83.7777962,14.978835,1
681,2.647006832,12.00767383,80.648261,87.01366975,9.857590,1
649,3.804476984,11.69497374,75.025713,85.58329863,14.115737,1
1132,2.522059603,8.797528125,105.406069,72.11997798,13.974075,1
738,3.032704838,7.744158125,77.896186,78.76728206,11.605522,1
907,4.032232768,5.981494201,123.943521,83.82832915,1.895751,0
733,3.647554265,6.61868817,84.438246,79.94238525,15.047408,1
504,4.569327432,5.936646715,65.502275,78.82885962,15.523267,1
638,2.67353768,5.646209739,77.283974,86.24799894,11.633064,1
690,4.293101066,6.115605483,77.970945,76.7999658,9.156591,1
1040,3.145221029,6.120542671,138.804768,82.07561835,1.890596,0
501,2.877292426,6.562203857,65.960641,83.31447358,10.445683,1
734,2.526391697,6.36103538,82.820768,79.48728151,14.780771,1
829,2.452694857,6.15967274,85.604405,77.05701394,11.704491,1
1162,3.042374725,6.605261543,108.822664,84.74084831,15.006017,1
771,2.75470435,6.404696414,115.737473,74.14811541,2.136810,0
1302,1.827105047,6.451385932,118.681193,80.03054564,11.767625,1
775,5.421003804,11.31205854,117.125318,83.08107568,1.847986,0
667,3.623568287,4.397058526,98.715584,83.23959,2.102362,0
532,2.017658523,5.065758963,72.303199,82.83587601,8.830586,1
630,5.460139356,6.912194172,76.415723,79.17308083,11.206447,1
740,5.226099993,5.516890055,79.323402,77.74907627,13.216985,1
392,0.003384113,5.385946667,60.884732,81.26645814,12.364048,1
521,2.729977231,4.818371071,70.270414,85.27127214,15.367045,1
778,4.634095239,6.905035049,111.159411,73.39173855,2.044867,0
773,0.655223198,4.969768633,110.900500,77.80342241,1.783012,0
1063,2.732093094,8.830228149,129.444593,84.34036257,2.178679,0
698,4.679246439,8.786372529,104.969734,77.95878675,1.729198,0
587,3.031463943,3.001218032,70.498048,74.80934451,14.136545,1
791,4.012296564,17.50007797,83.441371,81.47189197,14.766169,1
558,4.188682832,8.361110829,90.219034,82.10667321,1.937185,0
561,3.05752427,2.871315375,68.098546,82.58405348,10.406491,1
1077,1.874969591,5.749190047,137.907383,71.8288483,2.264577,0
788,2.239581109,5.177571667,85.512173,81.530967,15.528415,1
1074,3.601523569,5.32598241,140.723506,85.38792017,2.326623,0
500,2.120093524,1.667752991,65.225496,89.13239016,14.519846,1
804,3.12280266,17.2041593,86.399884,69.37182313,13.088180,1
742,3.214087204,5.403423062,80.740554,85.33742061,13.012096,1
744,2.492083782,10.51483801,78.186885,64.40488634,14.972811,1
592,2.692188413,8.960190266,72.738465,78.28493106,9.768011,1
653,3.568198928,5.345689458,75.890502,87.40474202,15.325336,1
822,3.551875467,7.904453284,119.443253,73.92240421,2.171516,0
1171,2.418786093,7.329850454,103.378348,75.61229944,9.093781,1
768,4.306951688,6.622976004,115.856234,84.053206,2.033138,0
733,2.918493689,12.94828613,79.286856,74.83366988,10.624364,1
847,2.867426946,7.278860868,123.484561,64.59827405,1.972128,0
998,2.858738401,8.213761672,101.405945,79.32290591,12.336324,1
987,2.988404425,7.969969097,100.003181,71.22706793,15.096519,1
621,3.933842447,6.887219874,100.601727,82.69200736,1.672655,0
650,3.792409786,7.094240794,105.653989,83.39459356,1.992543,0
623,2.757700117,9.944112494,71.726152,83.12250684,12.446197,1
444,2.164654857,6.732700392,64.831682,85.29880838,11.962525,1
646,5.681415892,1.336335545,105.518141,73.4753735,1.609211,0
1424,3.1222165,2.836718337,119.351888,80.60140168,13.271424,1
710,3.457948816,3.819852073,107.386831,71.72706926,2.078814,0
997,3.204326799,4.912124837,98.816756,81.37153571,13.872033,1
1011,3.789964215,6.921323387,124.396595,74.89063998,1.788870,0
620,4.803888799,17.86892133,96.718814,74.38662347,1.666938,0
898,2.802326816,6.236314727,94.570581,86.19299211,9.478747,1
586,4.850842349,7.75843684,69.996719,79.34200905,9.075574,1
1316,4.141513235,5.175206967,113.518768,88.05318463,8.377124,1
795,2.668510127,6.362541845,118.927760,88.65458795,1.677362,0
1050,4.599127147,7.745833795,101.215836,71.72843215,10.583510,1
1176,3.367115907,8.044639738,110.117693,70.45000186,9.807409,1
1082,3.199350061,7.844388988,134.278502,88.9911348,1.849958,0
606,3.388077413,4.077035094,72.871625,83.81221173,9.458719,1
396,1.599074189,6.414378563,61.961378,76.3212375,13.982325,1
481,4.532485918,8.110481743,68.622390,73.9616516,12.413183,1
883,2.262759361,5.188752172,94.908185,83.79895028,13.856535,1
421,4.792906068,6.049350392,83.791326,80.97397202,1.627194,0
1219,4.176958722,7.860183035,148.491531,80.77319765,2.165335,0
507,3.305412711,6.096386178,68.757462,74.7143791,11.099149,1
628,2.054187772,6.794190126,75.045002,89.3437093,14.214869,1
1511,2.462947296,4.319466163,172.494570,83.96630716,2.197033,0
596,4.437714658,6.627239174,73.656465,70.87073074,8.706324,1
560,4.993738136,8.61463353,73.513320,78.74915474,12.178474,1
723,3.006397794,7.791476906,82.261024,83.10734974,10.162348,1
605,2.903080879,12.13152867,72.449631,74.07031078,13.491640,1
684,2.379987774,4.710309579,77.282334,89.73174604,12.052113,1
681,3.794064441,3.764918222,78.712987,76.27182702,8.882579,1
1348,2.680358549,5.851820932,115.031097,72.14465713,9.001963,1
672,2.546522632,4.341924983,98.680872,77.58314484,1.641643,0
1481,3.972600005,5.701679579,175.358508,93.79160853,2.329821,0
438,4.617101741,7.002154241,63.062980,71.14801655,14.021774,1
607,4.109325049,5.087493228,72.232243,87.93031688,13.960644,1
430,2.410133091,4.633377823,61.024483,88.04827786,10.440934,1
701,1.837522136,8.034523583,81.975639,78.84463943,14.587246,1
869,2.436524961,5.091019206,116.022003,87.45201641,1.703908,0
817,3.184553523,5.351400046,116.141829,72.69007058,1.672159,0
1032,5.06146756,6.326345074,101.940102,70.22532645,10.261085,1
770,2.764713886,11.17673282,109.243083,79.98944812,2.097358,0
498,3.156905033,7.160322665,87.069158,82.05881275,1.929908,0
513,1.080805221,2.526313704,67.630511,82.50737889,10.217249,1
1047,3.293987165,5.38675105,104.988219,81.12907769,9.296869,1
581,1.790812309,12.41727284,100.952209,88.45685962,1.637054,0
547,2.488907797,4.112175162,70.008224,90.45823905,10.182017,1
419,2.36058395,12.88803235,65.466189,75.39917807,12.771561,1
1258,1.811382758,5.730439397,150.843318,79.06377598,2.191403,0
685,4.755777611,5.680630148,77.747506,76.4158107,8.086715,1
976,4.69434312,9.545321948,96.338366,82.82287884,8.599547,1
1216,2.731588937,8.210706759,112.008776,71.2675357,15.084710,1
789,2.908955447,5.43568443,80.824312,89.55637057,10.792000,1
793,2.55283857,5.712925374,85.139457,77.48764753,8.205735,1
579,4.281392356,6.273855998,69.908383,71.88935497,10.159206,1
922,2.60011359,4.866850497,125.717238,82.09200453,1.681013,0
947,1.176992686,5.923353659,93.196842,83.53403967,14.885910,1
525,2.315055129,5.210592929,72.139155,73.04228598,8.923703,1
866,2.755733233,6.346812573,123.494412,79.16401503,1.739554,0
553,2.204628048,4.575460205,73.013148,74.29652696,10.885825,1
971,4.133608791,0.828500062,98.262454,82.4081489,11.655083,1
953,2.299202831,5.995264837,131.666487,76.20975967,2.005658,0
557,3.970404992,7.753276815,94.901257,73.58100726,1.537421,0
694,2.870528004,4.828157614,77.147478,74.89095532,11.836121,1
702,3.376007713,4.048699261,106.662851,90.0401187,1.945493,0
1052,3.522196441,5.524576277,95.803053,70.32025678,9.022410,1
422,4.255702678,3.689423109,61.886576,90.81675777,14.062462,1
1082,3.093192676,10.54014015,130.249677,86.06848877,1.907671,0
830,3.231907972,13.47917222,114.074884,73.42821301,1.972195,0
693,3.058190732,9.903991089,79.121828,71.90162272,10.685089,1
523,2.768377533,10.41567564,67.620207,74.70228332,12.717965,1
595,2.32728966,5.260016779,76.001879,79.10163197,12.056877,1
1230,3.824636967,7.135221103,146.421056,91.23234198,2.304156,0
618,2.585696749,3.675481466,98.100300,76.21822686,2.089606,0
740,3.222705552,11.64654125,85.512116,74.99885758,14.019702,1
1253,1.949298484,4.948504873,115.696558,88.66520272,13.634689,1
664,4.39441753,5.282015573,75.671944,87.96388768,14.146375,1
692,3.038517727,4.88129699,79.920974,84.29126743,10.952680,1
2024,2.764987048,5.432114897,160.000282,71.83408948,13.140358,1
1071,2.528285278,9.803856047,135.695453,79.84238172,1.905202,0
642,2.849982454,5.141374061,97.030833,82.04478232,1.765335,0
754,2.344885992,6.759113267,79.614004,74.79029172,8.882785,1
519,4.810228516,4.658037272,70.076943,76.45849338,8.952326,1
892,4.766785688,7.424992483,88.691752,87.03468664,15.891537,1
972,3.803301854,4.96548102,91.553998,76.54572018,10.395270,1
129,3.206530563,7.384345243,46.776443,85.25498078,7.735807,1
477,4.034935752,5.703312628,64.026176,71.77323269,14.525821,1
927,2.126986459,6.484975983,95.552634,79.77592938,12.594319,1
1173,3.070681491,12.50267252,141.088293,87.67272658,1.818730,0
802,3.494967041,5.175380201,89.606886,84.93413165,10.180158,1
877,5.073763817,12.68755871,86.097589,83.39768322,11.080908,1
742,2.855960045,10.39567944,83.867666,77.63521743,15.827973,1
879,4.186795948,7.737147438,114.648885,77.804895,2.139442,0
940,3.8050862,8.351306006,122.951475,79.65618408,2.035003,0
674,4.722201173,5.400605781,80.259023,76.74229434,15.785319,1
814,2.959022819,3.345767556,85.972393,78.06744326,10.462919,1
1133,1.280449602,2.81211179,140.125210,77.88402353,2.162741,0
855,0.072614682,5.103394163,90.892247,74.3888555,14.331328,1
865,3.390310681,5.485094418,114.427033,75.09006926,2.168770,0
1175,3.060369293,10.67855902,112.542779,83.75750284,9.977982,1
1381,4.139574641,5.380711921,157.623979,71.90959475,2.431840,0
622,5.227543259,8.424356432,78.236828,87.75991831,12.859813,1
720,4.741221624,9.317040561,77.736684,63.05606628,9.673622,1
604,3.306183046,7.515024847,75.529780,78.4456636,11.450837,1
602,1.943916886,5.19777224,98.045137,75.55126338,1.558364,0
481,2.47193532,5.481003742,87.498183,80.95430722,1.844976,0
1280,3.082629765,8.028809514,150.250213,81.88824585,2.371367,0
441,5.030587746,11.56432139,62.296714,66.50928203,14.382341,1
522,3.190597713,4.112704989,67.928672,80.16554214,14.603597,1
786,3.626843394,5.705187484,85.977577,88.59265217,10.737234,1
1033,2.16690542,5.538311636,129.787144,67.59651681,1.841175,0
1109,5.051908434,4.695212575,102.877532,74.61273248,10.816497,1
546,2.971991677,7.004554943,96.472959,78.8944741,1.572013,0
754,3.457717254,3.835882969,113.411639,81.23246357,1.992473,0
388,3.783645826,7.832722237,60.574691,81.76703501,14.385433,1
996,2.608127735,6.800612307,132.226194,73.00683046,2.067100,0
602,2.935920293,12.0084827,99.141598,73.89655069,1.844585,0
577,4.044090054,6.767876727,70.250812,67.81757878,11.353289,1
470,2.611661425,12.41123793,67.507270,74.62681817,8.218984,1
1214,5.17566326,1.771719513,111.611873,76.73822697,12.847904,1
441,3.214065091,4.150708217,84.883626,78.29962625,1.784359,0
860,2.248495726,4.059394684,116.992004,74.68994627,1.949895,0
514,2.897124913,4.423857193,69.673093,75.35297845,15.611378,1
420,3.219622352,4.832839312,83.581780,72.48489037,1.857926,0
1027,2.235030907,14.61635051,103.127377,77.06322455,15.220093,1
764,2.443558885,7.433039328,110.953720,78.87922922,1.973860,0
577,3.072537285,6.189627662,91.890403,83.87932051,1.957675,0
413,1.682247826,8.230359577,64.443425,80.50661891,9.696613,1
576,2.669909757,4.520585362,75.619375,81.67649972,13.758679,1
489,2.274050529,5.673031868,64.657319,80.3512841,12.418139,1
614,4.188013618,10.23911465,71.796597,79.85402792,15.356464,1
738,3.065173326,10.50493141,80.783267,66.46931644,11.618983,1
511,4.129209177,4.654153767,88.349803,79.72620683,1.862360,0
517,2.448197701,3.554529082,70.911605,80.04371858,10.343073,1
1436,4.414597305,13.03311237,117.655300,83.50389912,9.337302,1
739,3.917306134,6.287439374,79.606457,82.03596641,9.793344,1
594,2.361822486,4.834045398,93.854619,73.92276051,1.639735,0
1756,4.160118494,12.85451364,190.339102,81.65901295,2.369544,0
1170,1.832399681,14.75337571,109.982588,90.13594117,10.456718,1
739,2.326905098,7.281458253,109.971340,75.76112087,1.574121,0
684,4.463244433,6.312057061,76.944360,81.10919211,15.140387,1
1208,2.246300218,4.907665181,148.129359,80.63295353,2.105830,0
883,4.69685364,8.089769702,92.200594,73.966454,14.407919,1
1060,4.066066618,4.788017039,136.617192,79.55204431,2.284713,0
1378,4.44381736,6.286231522,166.833840,71.00044215,2.458415,0
1608,3.928074628,8.558521588,138.765825,72.54575838,13.410344,1
1015,3.087603822,11.87377515,137.546476,84.13962903,1.787472,0
935,3.845632265,5.382471734,89.789221,80.24067561,14.747566,1
993,2.220224246,4.740827633,133.475947,86.31209044,2.041143,0
948,2.473434699,9.889875931,90.310654,88.96308684,15.096011,1
458,3.769907248,6.08070914,67.828823,85.21559256,15.063133,1
899,4.062003548,4.665341267,89.040945,78.11117659,14.958261,1
747,3.829154757,5.924114088,82.853803,76.58814308,15.315799,1
467,4.37188347,10.27755122,83.012059,83.52399525,1.809497,0
997,2.874896647,5.428049466,125.922048,72.57277449,1.885545,0
466,4.454831721,12.54459493,64.333984,76.50627922,12.321436,1
635,2.760153323,6.629578742,73.191289,68.40312615,10.869550,1
537,3.224401984,17.23548135,72.838035,76.58852883,11.937099,1
878,4.524760949,18.52932654,123.785709,77.52153254,2.118489,0
487,2.254567576,4.394889643,65.557186,82.23435206,13.655560,1
631,2.634420423,9.1259747,102.212454,74.72488951,2.034524,0
764,3.698045118,5.483376438,107.351431,88.58294749,1.733235,0
855,4.538112343,4.258512643,122.181833,71.54914417,2.073798,0
589,2.418005422,5.656386888,72.687527,76.84626698,15.537463,1
1023,4.308501481,3.780832853,132.469190,88.51471568,1.997284,0
675,2.494580444,7.336984655,105.038086,75.71449538,2.069186,0
959,1.824188873,7.96728856,90.939033,88.5996535,14.691345,1
1272,2.888190449,13.65429744,149.861496,75.61509565,2.142408,0
868,4.718417646,7.392882145,86.729778,78.14053232,8.839249,1
820,4.115350266,4.77283145,89.857737,73.56735922,9.379236,1
681,2.900306131,6.206532545,77.189797,70.56206127,12.291939,1
484,5.263004146,6.592482223,64.699096,84.72409573,14.322191,1
1620,1.536989094,6.398304277,188.472194,77.34005756,2.529106,0
623,2.433854215,4.144549841,75.490549,72.9492628,14.493434,1
797,2.989349643,6.813943224,89.233445,81.76563732,11.007925,1
370,4.74462323,6.713390234,60.480639,79.54199466,15.183818,1
893,3.427799073,5.380238955,126.624599,83.11344069,1.925078,0
632,2.652746752,5.91558944,77.031809,71.06085792,13.546326,1
875,3.225739529,6.217433168,114.019130,73.71248725,1.944454,0
967,2.482748415,4.639752561,97.273357,85.54142084,10.586933,1
695,2.341005217,4.103370196,76.747851,70.95017432,13.114275,1
382,4.649988622,8.003635716,60.035759,75.50862755,9.074502,1
683,2.755612761,7.975002444,74.834125,79.19092416,15.252240,1
732,4.304621411,8.516174462,82.211666,80.87955452,14.285969,1
1088,3.875523028,6.592600871,143.020451,83.65767388,1.994708,0
1155,2.130776713,9.499359796,137.969831,68.67142099,2.137726,0
495,3.871747879,5.045034799,67.695329,82.70174206,9.182994,1
409,2.336125406,2.693069531,82.402453,79.62117755,1.657923,0
1337,2.677509389,4.390077215,160.340649,86.06432264,2.419203,0
1162,4.001379979,3.253887848,111.916829,83.82786709,9.267168,1
1075,4.097169822,6.806644817,97.932522,74.46362068,11.671285,1
831,2.370554308,4.95824818,85.704976,71.6935136,10.224542,1
1214,4.405353356,11.74028922,112.881060,82.61728931,15.319090,1
612,3.003542964,7.534196863,71.471411,79.51112251,8.541899,1
916,2.470375732,8.021708594,90.488378,73.31269559,14.070579,1
914,2.418996416,4.543712121,117.912015,76.83760593,2.216462,0
1384,2.16343859,0.754384647,153.635084,80.50362239,2.098371,0
968,2.842836228,7.732517298,98.501682,77.98476357,8.084958,1
895,4.04799655,3.554482477,92.255388,70.27833185,9.282521,1
891,4.514092728,15.54498837,94.648661,81.82381517,14.307012,1
515,2.217123935,3.937785024,88.718979,81.15913885,1.907041,0
409,3.177438334,4.796372226,61.278833,84.35210626,11.597303,1
620,3.737678996,7.572991268,71.968090,85.00443445,9.886279,1
571,2.563235967,6.159266613,96.864094,72.8818659,1.790662,0
1333,0.587266237,4.68029535,152.597443,76.30789638,1.875774,0
740,4.672697735,12.08696514,109.315281,83.36915721,1.887917,0
1163,2.625154906,7.780677056,148.026083,78.7046815,2.005500,0
549,3.256887003,5.422198903,71.524418,87.29023456,8.019711,1
632,3.734924648,12.5573289,99.499182,69.99134922,2.000362,0
419,2.545554887,9.346314297,65.033142,80.44085213,15.569402,1
660,1.854994234,5.039162546,76.744526,81.95165787,14.474580,1
858,5.139202352,7.156776198,84.654822,77.42342361,15.512110,1
796,1.950755901,4.952945345,118.019620,87.26705073,2.050765,0
985,3.680778228,4.997288123,124.374783,76.40389363,2.212598,0
841,2.031330263,7.825731438,85.557124,87.59019754,13.276517,1
580,3.635663701,7.121767417,69.278384,77.98784832,9.008815,1
793,2.821572459,6.002648705,84.707342,76.38966654,13.169902,1
459,3.998124118,7.06844052,64.095136,84.17196318,13.004011,1
513,2.712831599,2.194687652,65.260840,80.61152339,13.769633,1
837,2.832559587,10.11529306,87.348986,75.77967287,14.020945,1
1694,3.772280912,11.07112555,180.595439,75.50529886,2.371957,0
714,1.954093341,6.609707446,81.723613,78.66420794,12.544857,1
1072,2.174032907,6.840233355,138.038250,75.50554854,2.228928,0
1435,3.727336254,5.768029396,119.680467,77.64430463,13.228026,1
698,2.020626454,4.179939345,109.756949,78.92269813,1.661152,0
1115,4.747931808,8.216819257,145.266234,72.72189077,2.242183,0
1489,2.684552026,3.254365886,169.041289,74.26001995,1.987209,0
1022,5.087561734,5.830645251,126.421823,70.61726167,2.303852,0
728,2.81083589,7.224279364,83.198339,75.72009622,9.892586,1
1083,2.837354804,7.945501513,143.372215,69.59916487,1.873968,0
782,5.974735552,11.53218551,86.842509,78.25753194,13.930031,1
644,4.327723399,4.50773466,104.525689,74.8521655,2.005137,0
666,2.008004269,3.056008815,102.957812,74.54802546,2.112095,0
673,1.9361475,7.017467667,77.742037,80.36204034,15.415401,1
585,3.293363206,4.025384423,95.008583,69.40365511,2.068378,0
640,2.443644252,5.411076656,73.738394,74.69165256,7.842066,1
617,2.145993608,6.940047676,77.462710,77.33497756,15.560911,1
1062,3.113088878,3.722729939,130.523213,82.58498966,2.166426,0
992,3.890780159,12.28806777,133.690273,84.69519042,1.722564,0
489,3.600376519,5.394766882,67.259423,85.93113525,9.994780,1
428,3.782468442,4.413737364,81.791958,91.43798734,1.580256,0
982,3.251271808,5.695558123,130.898066,70.41693492,2.230699,0
791,2.46001777,12.01499934,116.989812,84.22817636,1.771620,0
626,5.128554564,4.249362715,75.242694,78.96126358,15.172096,1
694,4.81772037,10.86670061,77.768387,74.92845882,12.310707,1
1856,1.835869914,9.359482409,205.285192,82.47981404,2.472672,0
913,2.868511864,4.350756212,90.598798,87.23876599,9.025503,1
502,2.470829731,5.175711872,65.193279,80.08551663,8.062113,1
1488,3.575575038,5.193992295,163.952498,79.47526981,2.042792,0
1221,2.220140117,6.993607523,150.396087,81.4506714,2.073883,0
802,1.974718123,6.400556822,113.915721,80.20250861,1.887851,0
967,3.627290789,2.249950155,94.456337,76.55198872,13.102780,1
749,4.273049481,6.438334026,84.590663,79.08706963,15.795833,1
656,3.241315005,6.400134808,79.217675,78.0147877,12.474373,1
1037,2.139223979,7.121392646,104.250616,71.95918534,8.273635,1
808,4.682864253,5.11326734,88.797311,87.89029349,12.838488,1
876,4.212847306,6.61610195,114.527353,79.8204413,1.668230,0
532,3.055618795,1.08096697,95.976749,77.91985357,1.609390,0
660,3.436455754,5.634678485,100.622363,77.93642997,1.901140,0
656,2.760956108,5.485317634,77.111369,75.48885825,8.149715,1
1002,3.812445073,4.767862679,134.040794,80.57241712,1.864283,0
750,5.315110611,2.859700528,80.173946,79.29097442,15.727429,1
764,5.130341949,5.196309342,79.550417,66.75679732,9.255319,1
887,0.522122692,7.794847148,126.931423,83.34428673,1.975364,0
737,4.525011259,5.341730917,111.089011,74.87046754,1.726063,0
1043,2.871161732,5.306775625,95.204701,70.7699841,8.037685,1
662,2.752215753,8.435317548,78.780233,81.70106833,8.727433,1
979,4.10161512,5.916388502,126.556205,83.34531101,1.966343,0
459,4.682762594,6.25346267,65.459767,71.10563152,12.002985,1
1167,4.923849234,6.994519187,149.818563,76.40458518,2.287694,0
774,5.533166232,4.140704753,85.640859,70.2962285,10.993037,1
716,2.466732137,11.27822237,78.658513,74.97482649,12.725094,1
571,2.138579606,7.664183201,74.619930,76.62953413,8.091354,1
488,3.989143279,6.956410339,67.422469,72.63821542,15.215425,1
819,2.553359224,11.96598197,119.743669,77.25390175,1.995956,0
510,2.408857696,4.64629823,94.905281,72.24395277,1.971454,0
1085,3.935636382,5.390797893,99.390771,73.43287402,11.002278,1
893,4.694957369,3.992180969,92.451591,85.88474739,12.968525,1
550,5.132414217,8.157698634,67.996302,71.30229209,14.675905,1
635,2.135722198,5.858025743,78.879076,72.66536506,9.616410,1
984,1.901392081,6.488181108,98.008880,83.99156199,13.680859,1
718,2.949073906,6.168699449,108.290934,68.36788272,1.701299,0
936,2.180274253,5.305812739,90.721806,88.93803737,10.277088,1
1041,2.085988354,7.163756389,134.948863,79.04778031,1.845717,0
887,3.954040397,5.602981736,89.407396,82.63211789,11.827525,1
943,4.300865279,7.487550608,98.093803,75.01279599,14.975686,1
1178,3.879732691,6.063232041,150.742408,82.50142064,2.193414,0
457,4.163300345,5.228001739,83.541883,71.25460192,1.947052,0
1085,4.985243057,6.10989069,106.335469,85.95323113,11.695795,1
429,2.680806362,13.31648207,85.273428,77.08016257,1.430755,0
474,2.570308348,9.048318912,67.878945,74.50645009,11.068830,1
919,4.086417636,5.966214766,122.626513,70.34742943,1.829952,0
900,3.196314881,6.320358491,89.357020,78.9032009,11.870724,1
777,3.89020324,12.73951834,83.174960,77.62387829,12.872161,1
521,3.520562594,4.556221405,67.656388,83.06992085,11.581655,1
635,0.521063743,5.757974393,97.455334,85.27229838,1.897536,0
670,2.128324899,6.18180581,78.640943,76.42600437,8.486829,1
1089,3.211449851,6.95393876,99.456441,69.12630421,9.778654,1
543,3.147237511,6.501670372,94.173298,78.15740357,1.983581,0
487,2.759549004,6.252220171,65.656053,75.5577182,12.529322,1
1093,0.361325496,7.340947258,98.715141,77.33351955,9.808750,1
547,2.971056176,3.54419189,69.573713,73.40007248,12.965723,1
773,3.448451737,6.348936021,115.661377,82.20111371,2.174970,0
780,2.684925607,1.896517989,84.496018,78.6049246,14.835457,1
595,2.007526195,1.825036174,96.399921,72.26873011,1.682741,0
1110,2.746895064,5.912034856,99.539037,70.64119625,13.859938,1
950,5.3097415,10.10625934,121.664806,77.35814175,1.854704,0
901,3.70861397,16.151676,117.486264,83.14996369,2.108061,0
1121,4.521790567,7.12430052,107.995089,65.56082145,10.680268,1
439,2.355762906,7.086173466,62.953760,80.03437139,15.071318,1
723,4.640123951,8.153135667,82.447451,70.8871085,10.916042,1
676,2.571792674,5.406339357,107.216146,85.12185062,1.664403,0
1117,2.767702643,1.849573502,107.949686,71.37276434,12.871155,1
1285,4.476181427,2.266937497,155.437993,72.1076558,2.097346,0
586,2.581378161,5.688382375,74.606654,72.42537683,10.805166,1
875,2.313780096,5.489042458,88.893340,78.4144947,12.669154,1
896,3.473580326,3.118182103,86.995626,76.15772944,15.540521,1
998,4.036427674,5.620002317,132.356858,78.99835183,1.777099,0
659,2.619606545,3.476760265,79.871970,77.5450195,9.225070,1
1046,2.653217712,6.999237711,98.770755,79.84841011,12.392536,1
473,3.24984172,5.929335676,90.991476,76.9919561,1.880756,0
791,3.907914835,12.1440663,81.712924,88.58094607,15.171002,1
907,5.392381546,7.709795099,127.452263,76.09943966,1.885435,0
899,4.205633734,7.028671425,92.862790,87.51765092,12.952290,1
1232,3.517748283,7.309853995,145.658082,76.30959873,1.825818,0
898,4.16151375,10.893594,123.997352,84.95810606,1.758308,0
637,4.023445063,4.257718347,79.029580,70.58173209,9.428031,1
527,3.062060863,11.07492705,95.846925,84.73942144,1.761919,0
808,4.774059477,6.642391135,86.686488,78.20253367,8.989691,1
489,0.068751881,6.425401584,86.184676,79.59909917,1.919162,0
681,4.512062178,7.070853693,80.249036,73.10929516,8.883470,1
595,3.583005202,13.86406363,76.230471,78.51635083,11.023300,1
662,3.987471735,4.558123794,74.097440,82.97295235,9.572562,1
655,3.049225454,8.558616624,102.273514,79.54537181,1.856253,0
547,1.859044092,2.977187851,95.142046,78.55550381,1.770243,0
1202,3.26844013,5.674026352,112.531011,72.9614694,13.022684,1
376,1.759965605,6.659509903,59.775795,74.72708619,12.096267,1
1661,3.518120833,11.80290181,177.572381,72.87272512,2.339264,0
658,4.356801419,4.246735183,75.169164,73.58248687,13.974664,1
1100,3.643754981,9.253657501,137.714672,88.63409287,1.793294,0
998,3.563838094,8.50947334,96.024151,91.85336394,10.988989,1
807,3.229846,7.090952042,118.558382,77.08482862,2.036711,0
1325,2.91845281,4.32728595,161.326882,69.57406153,2.171657,0
472,2.710782338,9.085493807,63.918409,72.426407,11.596816,1
1339,4.324066516,8.277708828,115.634830,80.64971115,13.813686,1
641,4.313353828,3.444185926,101.282267,69.75372264,1.863193,0
492,5.138088676,4.547446521,64.169276,80.7641402,13.493487,1
1219,1.885869805,7.45168338,105.124703,88.32246363,8.752679,1
830,5.213923201,7.40379261,89.175950,73.93944351,14.852405,1
922,2.435269413,11.46891874,88.540820,66.34512282,11.589237,1
870,1.803122514,3.778210443,121.968118,91.06048793,1.859859,0
785,6.017783711,6.099246852,83.191073,85.16826542,12.265375,1
690,4.658746522,4.505188866,100.170484,72.85984409,1.850266,0
723,4.95885673,14.30077651,83.174480,74.76056722,13.647477,1
1089,1.897897621,9.35354826,105.806255,71.12620683,9.906587,1
654,3.113948962,4.73482065,106.580649,88.01405451,1.701848,0
1104,4.587521214,5.580223367,103.513402,79.78976939,14.699434,1
999,4.228437973,4.758593825,129.430908,77.64251558,2.244908,0
710,2.589539017,11.5053872,111.787604,68.93165629,2.147926,0
712,4.074211635,4.381536176,110.204265,70.72179232,1.742384,0
549,3.41220676,8.0304795,71.191537,85.40233467,12.839524,1
819,2.236185521,5.319642359,90.512992,85.18661543,15.523476,1
776,2.378175076,6.757934732,108.766228,87.75421984,1.879564,0
612,2.971512031,4.34861107,95.293272,83.92632586,1.615925,0
749,3.953458451,8.572121817,83.794463,74.60905731,10.858822,1
725,3.828372682,4.99735449,110.864420,72.63084377,1.866634,0
525,2.581526728,3.199879449,90.224419,74.88518559,1.832402,0
487,2.668574307,3.840639385,69.749925,72.91280629,11.007728,1
441,2.0871241,7.648983942,62.761959,83.43599947,9.401325,1
436,4.110121479,6.176299278,64.688110,66.17558833,8.204269,1
615,4.990245117,5.384271676,100.385867,82.38103572,1.983972,0
641,4.506067468,8.973193908,75.954769,77.93685738,11.440641,1
518,1.011640714,5.047355437,65.943991,72.02740424,8.052120,1
753,4.675937079,5.821779127,105.827144,84.65608331,1.600256,0
549,3.50746463,5.206489335,67.132217,68.06215507,10.943136,1
1509,2.520086224,7.679573796,165.336819,76.30734622,2.351699,0
478,4.573304839,7.13363964,63.853304,74.92953893,13.153405,1
926,2.973365635,6.369644094,93.246241,70.28799782,10.264100,1
654,2.414500548,2.535308577,77.058113,76.4448675,14.442853,1
638,2.559075122,4.44127502,76.819690,78.49080247,12.225868,1
699,2.108981233,9.323217506,81.941666,80.82682377,8.183447,1
813,4.003465908,2.865487512,82.283734,75.76807731,10.977949,1
1972,2.556990601,7.021475666,202.278047,77.25063338,2.633398,0
969,4.217782063,8.745323797,123.965667,78.60189273,2.002231,0
479,2.833384204,5.316903806,68.312755,90.56434076,12.680513,1
796,4.127728531,8.3252321,87.397455,76.27619149,9.268481,1
423,2.883314247,4.495737612,61.005096,79.6979155,8.508722,1
554,3.350133301,3.96849442,92.792480,70.6389154,2.072504,0
1148,1.915858926,5.005757003,148.486169,85.71073537,1.876775,0
643,1.868911454,2.793678665,73.762393,80.66399155,9.371236,1
568,3.920826632,4.830555978,73.730416,73.63561459,13.232320,1
580,2.097668002,4.479476555,71.607067,73.53083145,11.264449,1
708,3.132303444,1.853394328,79.828475,75.14338075,11.438650,1
775,3.289105982,6.413546567,81.610126,67.0999432,12.306091,1
796,4.487398054,9.80777969,82.421025,69.68589425,14.809294,1
671,5.392422469,1.435044777,75.305249,84.82215304,13.994641,1
1456,1.935916145,3.760527495,125.462811,89.69762593,14.906614,1
821,2.968649984,5.541405188,88.234117,63.80500752,8.429593,1
441,4.790169193,5.966033844,65.007994,67.98968644,9.073589,1
652,4.169760152,5.882833057,77.346388,93.40159449,10.786990,1
886,3.654433926,6.768198035,91.716640,82.25519613,8.364894,1
719,2.140227448,5.772638842,105.445175,83.77937736,1.782464,0
1551,2.92936287,7.510511882,125.242514,73.24199777,14.964751,1
853,5.115165343,4.513013223,116.270294,71.01268185,1.820774,0
511,3.538563851,9.857395684,68.641258,66.0404792,14.445984,1
931,3.733290956,6.577316454,96.360322,83.74164297,11.032543,1
405,3.744056549,5.171750586,58.980904,70.06387003,14.661874,1
591,3.920064229,0.326801389,70.965042,70.29171674,10.393939,1
516,2.013522885,7.454224351,66.077143,72.96433939,15.736216,1
1508,3.965374248,6.447826926,123.982199,74.1129741,13.531928,1
534,3.962444863,6.387971676,68.630031,76.08016384,11.406500,1
538,3.933711201,5.577371121,70.712651,71.58154902,11.135105,1
785,3.457711687,7.925225108,87.409751,78.17050721,14.717429,1
662,3.432319536,5.771207179,76.097250,77.10967189,14.174539,1
631,3.814481427,5.910318848,105.499412,74.89056087,1.541105,0
817,2.19227485,6.263321942,109.808226,75.21428532,2.183297,0
942,2.159632871,5.180063569,128.222579,92.24994727,2.180358,0
906,2.862582911,5.599955943,127.848021,74.44820295,1.930096,0
442,3.180055368,4.724731666,85.220383,79.35726231,1.911549,0
617,2.898176092,3.381648443,100.683371,80.60918994,2.006361,0
568,2.384301981,5.446116015,71.250775,79.11303743,12.505511,1
855,4.561050629,6.369320246,88.349280,75.39834008,12.471320,1
573,4.786738006,3.426925066,74.282309,71.2628169,10.324561,1
784,4.764209075,12.13457989,111.415759,83.38889341,1.921553,0
1350,3.663378766,7.483430574,154.175018,86.5230314,2.121624,0
987,4.31188878,4.082314656,125.274661,77.40182557,1.959966,0
587,1.978261041,4.906753072,74.026419,87.22986648,9.433874,1
940,2.565700514,8.256295265,90.553776,77.7901862,14.794125,1
935,3.665291483,6.379486009,91.783736,65.53934165,10.890420,1
914,3.816660445,6.852273779,96.706841,87.7946977,15.138464,1
823,3.909009582,6.48024456,115.148383,78.32997673,2.020064,0
467,4.611006837,8.075600431,67.428233,73.92144643,15.165117,1
1390,3.395172604,4.744838733,168.611109,83.5496507,2.424954,0
984,3.795377561,7.727915712,127.638456,79.14160356,1.733106,0
901,3.46096773,5.032018739,117.308260,77.81565579,1.911055,0
606,3.244925693,5.438536182,74.435443,85.28708095,10.067734,1
552,3.144595021,4.855246799,73.805361,65.6732725,14.983766,1
500,5.071684569,5.575785661,92.627655,74.36326177,1.650248,0
644,3.291002294,13.45282158,102.160491,74.30531705,2.102771,0
829,2.791645585,6.30367668,91.524505,70.7372628,11.221249,1
600,4.978815317,5.478032067,102.077410,71.34965289,1.532813,0
572,3.695662376,4.238128557,95.654629,88.23713698,1.935078,0
890,2.927580611,9.082437294,92.207265,84.52810287,15.323824,1
492,2.271594385,8.383693602,69.022731,79.66845001,15.653160,1
1045,2.672748504,8.071249124,131.734399,67.83279003,2.251819,0
524,2.822507342,6.754806715,66.794594,81.58397508,11.621824,1
963,2.756809078,5.150610344,95.186043,84.35038988,14.960044,1
403,2.731540274,7.430286632,64.488706,83.70673957,8.351771,1
1061,1.026956782,6.639351144,136.326084,74.49846405,1.760767,0
408,1.764122584,2.332247322,83.493603,74.84828189,1.888848,0
712,5.141054463,5.779992029,80.759865,83.68069556,14.979464,1
1302,2.941067958,17.85757714,114.954373,68.51648617,11.049266,1
850,2.330455542,6.374829945,121.416038,85.11739554,2.002629,0
742,4.510298214,1.646187196,81.947588,69.98549028,12.460643,1
1349,1.999365958,7.344569244,164.698698,78.98240794,2.288035,0
508,3.590538026,3.88940574,93.555781,78.54298307,1.771526,0
907,2.458382351,5.187853354,87.531900,76.73166217,10.746002,1
746,4.46815485,6.021358074,81.159865,79.61189407,15.504756,1
734,3.560699044,7.540237648,106.479526,73.03893569,1.624059,0
746,4.980053563,7.557867703,107.511724,76.57159979,2.134851,0
1119,2.104450621,4.03441843,134.505024,83.11228456,2.305736,0
725,3.804165637,5.606843938,80.636537,85.18633937,8.088144,1
864,4.158782103,5.293371715,89.789635,94.77937485,9.365960,1
605,2.399020337,8.191829155,103.217496,84.78331749,1.908304,0
678,3.705727111,4.828925741,75.484686,88.96002215,9.293407,1
664,2.101866221,3.831239236,79.393273,68.68520482,13.307084,1
531,3.54325182,7.421253431,68.125404,73.27616165,9.177839,1
567,1.965291822,3.385490329,68.730618,77.1323478,12.597396,1
528,3.585395388,5.306696285,93.994646,74.53592996,1.666107,0
948,2.572926461,3.627639581,131.827677,82.0028414,2.109223,0
854,1.775893166,10.29403222,89.602845,83.81326238,10.495083,1
594,3.084191081,6.167153763,99.880783,81.40478375,2.096485,0
1158,4.756933982,7.018568321,136.653519,77.71316809,2.232727,0
548,3.934513328,5.985997537,90.013091,74.34540215,1.951268,0
529,2.691479757,9.860652875,66.743085,80.21333723,9.844468,1
325,2.790643508,6.225085649,59.718381,80.79937324,12.157977,1
928,4.465942598,8.317330416,89.578593,87.83769656,12.519235,1
915,3.643655138,4.913305422,94.287750,80.34736935,13.791115,1
572,5.04592906,8.93441606,99.371175,78.7371292,1.992388,0
692,3.628759115,7.164816361,78.209172,78.64729167,13.927030,1
487,2.935117405,7.951150893,67.624391,72.38195379,10.609423,1
391,2.073258636,10.82307721,58.625640,74.32658699,7.958341,1
780,3.711166254,4.309067529,109.315855,74.30933673,2.127713,0
740,3.908772536,1.538008895,108.536840,70.27253968,1.584789,0
555,4.35626419,2.084797387,67.452447,89.04825751,15.252988,1
966,4.405127586,8.336660586,124.499913,89.1835866,1.931563,0
825,3.236791351,6.319247141,87.236965,78.61127808,14.999728,1
699,2.358260908,5.02903398,105.642176,73.26772224,1.956008,0
811,3.214904514,5.426884275,86.190415,76.64365854,12.202956,1
667,3.370593343,6.898713594,76.345443,83.56504852,14.614553,1
1201,3.755475457,0.620876212,147.017379,78.74118836,2.362810,0
736,2.397804586,5.342035651,79.652817,84.25462576,12.374456,1
948,4.646147249,8.575142653,94.990675,72.61568021,15.870498,1
630,4.211055499,7.043989472,73.735841,77.72833586,11.265065,1
830,2.941299339,4.306618008,118.083148,85.63903881,1.806451,0
825,3.089788041,4.394208484,88.454975,76.77554419,8.033882,1
497,2.9368327,7.593044852,68.735415,79.69271946,10.887360,1
423,2.632753559,5.575233105,59.977151,71.53239216,9.998034,1
995,2.97420582,6.579687173,101.985126,86.77194382,9.032537,1
1330,4.875945426,1.67952516,161.684939,77.70526929,2.394806,0
1313,2.659313481,4.573863931,160.923610,85.36252675,2.204141,0
1061,4.522347766,8.127164022,101.492599,77.06289266,13.143247,1
892,2.76614826,5.976962959,94.674078,80.87436286,15.423940,1
504,2.355276791,7.511943462,87.547527,78.735397,1.773965,0
697,2.561708391,5.565452062,80.339424,81.04402219,14.322879,1
795,0.554904962,4.961375919,87.617532,82.17436917,13.691975,1
419,4.57154013,6.922746337,59.564741,81.84639359,14.624398,1
703,3.94945442,6.701191352,80.856201,79.9054878,14.123168,1
777,2.314723045,8.476205986,80.271915,79.16687668,14.870434,1
671,4.927550852,5.552810903,74.519238,86.10912486,15.155866,1
523,3.067957855,12.06092083,68.953560,71.9149386,15.537649,1
888,3.740809181,4.593049949,124.122500,79.510013,2.075056,0
569,3.179778481,4.325002033,95.857960,72.96272681,1.490679,0
773,4.947164269,5.589797501,110.024130,78.62700981,1.860230,0
776,2.671218089,6.664316616,113.395661,79.79328268,2.099341,0
765,4.027854977,10.05584653,83.543843,80.22290058,12.391921,1
702,2.596587633,7.160955462,76.875263,73.2560599,9.257002,1
940,4.309995688,8.594261637,128.089796,73.19926431,1.955207,0
755,3.506433195,4.964395309,80.213395,89.31911544,9.922848,1
503,3.809333907,7.974889222,68.163164,72.92732852,13.859649,1
538,2.352910859,4.286504166,93.068010,77.001222,1.802352,0
637,3.20598354,7.24563569,77.808417,68.97509729,9.459660,1
702,2.56384508,4.74215705,76.546975,88.25735263,9.224424,1
800,1.891645965,4.859786883,84.943040,85.24136584,11.414865,1
901,4.943030071,13.68679183,94.037970,74.99180687,15.527761,1
781,3.181224322,5.865494655,84.317542,89.14184908,9.264551,1
553,2.435370244,10.10727854,71.573356,70.25056893,9.587453,1
416,3.549662429,4.72822215,61.159293,74.47554112,13.495824,1
740,4.902010597,5.682303256,113.265003,79.35663699,2.087996,0
417,2.379938647,9.456614453,63.868684,87.16334432,10.180234,1
785,4.396418665,3.919986267,113.249852,74.97154886,1.595889,0
586,2.179880721,6.722774867,98.971302,75.87484055,1.552717,0
1010,4.165016378,6.255094554,131.040271,66.98538356,2.167016,0
525,2.274515612,7.550150469,67.380545,65.4827026,8.251991,1
1044,3.070378829,9.233672983,132.373015,72.1032327,1.969216,0
628,2.083090634,7.519013723,72.734975,76.70133533,12.226478,1
525,3.916324738,12.6668613,68.711737,76.92486219,12.558860,1
777,4.825447141,14.95296083,80.500635,74.75112149,12.109135,1
643,4.901535367,6.793231184,78.539883,84.87353127,10.606606,1
707,2.307392761,7.430810001,81.823825,79.12283138,11.919013,1
600,3.997153182,6.770917108,72.237718,76.05282146,8.661298,1
872,3.596335115,4.473856024,117.112793,81.07085201,1.813247,0
691,2.381064805,8.001884993,82.563166,71.61194572,10.853202,1
817,2.603706099,9.145226429,112.183492,72.56650595,1.779670,0
761,3.932492771,8.827248324,81.048061,78.38987671,8.945752,1
518,0.143224595,8.248790385,69.089297,66.80763915,11.589806,1
636,3.543087943,9.451211484,73.840766,70.71579872,10.365181,1
758,2.680907152,18.73122212,84.006820,73.44792816,12.138357,1
473,3.104793658,7.373710285,88.133012,75.59292319,1.776633,0
743,2.112867595,3.676133783,82.246390,85.06212499,13.139480,1
748,2.202437695,5.898969048,83.392607,72.87609505,7.897826,1
614,2.990673468,6.535104788,71.704136,75.34469334,7.951068,1
694,3.742994364,3.490205933,108.383679,83.54118352,1.903063,0
577,2.500811274,4.45477134,73.787966,68.66607152,11.397221,1
1155,2.450425427,5.131002738,107.887045,73.17441122,9.995654,1
435,4.883192126,10.47539844,65.614801,81.34920516,14.698908,1
571,4.993544114,6.410282509,69.588558,69.46100674,7.867283,1
914,2.981207242,18.51834456,117.382199,82.44903468,2.077272,0
450,2.814285683,6.066405919,67.300698,81.26253918,11.964652,1
1328,4.281545552,5.701593669,113.580620,77.71327175,15.417911,1
1694,4.732393758,13.20148169,192.855808,81.03244332,2.525428,0
401,1.649616776,6.852482347,59.951487,89.40331541,14.686306,1
1324,2.701244844,4.145118419,158.505447,78.72746629,1.954907,0
383,2.785181338,8.881111951,58.933150,81.36772645,15.302281,1
1156,3.769028727,4.028490219,149.447513,74.51189775,1.946619,0
1233,4.628362015,6.829064069,107.481853,70.46772232,8.859243,1
482,2.93658874,7.500605079,64.820843,81.50396577,10.302583,1
371,2.488661801,5.07480778,62.370617,75.32020664,11.470783,1
798,4.667986364,4.339827167,89.474371,79.59350012,8.999915,1
575,3.019147977,8.799090119,70.234246,70.17959001,12.510501,1
1163,1.797973906,9.925924941,108.408745,77.30017052,15.630888,1
770,2.961174741,2.240656493,112.551690,80.90553092,1.780242,0
483,3.919221651,4.986782337,92.275391,80.10628257,1.985091,0
938,2.397442035,7.823113187,89.531664,81.97790976,15.361716,1
965,3.483797969,10.50528124,92.554051,80.38176103,11.238622,1
986,3.419482775,7.872357438,94.749774,80.773419,11.443802,1
778,4.195966177,6.035429289,114.788716,88.15248813,2.042904,0
723,2.447021282,10.10766875,83.471379,80.51584077,15.724741,1
455,3.377391556,11.76974173,62.024947,77.21663783,9.514466,1
697,2.059258833,5.370292476,83.037058,91.88500514,12.295082,1
817,0.327347016,5.215129085,82.524551,78.75615799,7.988719,1
583,4.296977261,5.705502318,70.476549,75.00824327,13.642476,1
709,2.28967952,3.921706512,81.670207,76.49011551,12.151140,1
745,4.396802549,8.66183425,85.970003,78.21216583,14.998313,1
572,2.990548666,8.049687459,73.092573,75.58882019,9.578217,1
485,1.762572481,6.778380399,91.311279,76.53027159,1.460453,0
574,4.230365192,8.228988129,71.530344,75.87561963,10.877461,1
760,5.662571798,5.47827844,82.340197,88.54636306,12.932791,1
728,5.290456049,7.597860287,77.264285,66.30053606,8.047072,1
1279,3.018212992,6.536950608,146.701261,67.50039134,2.053668,0
1188,2.278546913,4.922829391,105.690957,84.70438955,10.429387,1
842,2.933117683,6.837384895,122.226473,67.83167458,1.720297,0
746,2.61117995,5.472861911,114.032904,83.95567387,2.055654,0
885,3.352268727,7.179889206,91.034179,71.35190737,13.696335,1
1186,2.164730119,4.46355533,144.591883,78.4070708,2.321952,0
474,4.987821452,5.106976274,64.009937,80.24609669,12.947864,1
1383,2.886146395,1.844172515,154.675423,74.3579252,2.282580,0
1898,4.287968158,5.272399898,150.799857,73.63278219,16.223196,1
487,3.721606386,15.70032212,64.320452,81.03317484,10.898884,1
699,2.525395909,4.161114785,102.011192,82.46686315,1.761824,0
996,2.99763347,6.829980443,132.982345,75.56267266,2.277013,0
661,2.30991561,11.32386533,74.092523,72.81148678,11.238221,1
984,2.005240269,6.874849554,132.769404,84.27614314,1.739391,0
818,2.159032934,5.032908688,113.280714,75.73163539,2.130344,0
962,3.316699684,6.617575288,120.925517,82.15227358,1.910667,0
1004,2.639682373,4.599924114,133.961664,70.6735001,1.986497,0
447,2.973531935,5.506936479,64.075517,80.23713686,15.488526,1
588,4.056072999,8.139676981,75.902258,74.41633507,9.676778,1
822,3.905238895,7.813019599,121.205947,75.98073971,1.864277,0
658,4.003418022,3.414382991,99.239396,90.0957085,1.955553,0
1478,3.389848163,5.746699276,119.963861,75.74384114,9.794704,1
1231,2.712002471,8.047578618,108.944043,68.71804115,11.842731,1
1233,2.262056737,3.970246337,147.364012,80.91536914,2.286003,0
502,3.002667854,5.441927525,68.976343,77.36527914,8.178284,1
1446,3.838589719,7.44121501,162.614977,90.81030183,2.160023,0
920,4.757837348,6.973224607,96.307735,77.25943497,11.751516,1
1136,2.417377184,9.571348511,105.283702,80.91887948,9.097911,1
800,3.48739001,8.258624251,109.930296,88.23855711,1.980622,0
1012,4.213598482,13.66661741,135.465832,79.82612441,2.177209,0
854,2.420807672,5.445907492,89.739225,79.96817228,8.125485,1
753,3.020802109,7.618605274,81.278751,65.48418389,14.020803,1
923,4.457010094,4.859948904,95.981737,84.52490463,10.404875,1
1093,1.974412123,6.400870313,137.720979,77.93605432,1.809279,0
1176,4.006072822,5.246207525,137.897592,85.38070899,1.820993,0
619,4.350691067,9.093115888,73.306231,92.39866742,15.778879,1
803,4.444233979,9.102167,115.323770,75.48455438,2.010456,0
1330,4.091167952,7.747142854,159.768661,80.0020378,2.117136,0
453,5.250259152,6.857471551,66.220395,72.35868972,10.758245,1
754,4.495885402,6.438608231,81.771812,73.30304814,11.698887,1
1551,2.712627616,16.41907581,173.427332,76.42464681,2.413745,0
1040,5.626401014,5.000212387,102.355619,74.89165668,14.502461,1
678,3.446940373,5.68269723,78.455886,74.07965579,8.576642,1
1289,2.710884407,5.906033129,113.876203,83.72353086,14.086057,1
821,4.358462311,8.138733582,115.692589,80.8336332,1.890201,0
796,1.904547756,6.524388987,81.771955,82.05747033,15.811118,1
1168,5.151357536,6.083003667,136.506721,73.63005359,2.381475,0
792,2.462124818,4.997540509,86.543632,91.81298875,10.107839,1
817,3.270657643,7.178052682,87.491587,75.73897646,10.556688,1
602,2.731975509,8.964243383,75.116294,66.87183502,15.030218,1
626,4.384258116,4.954788971,73.161736,70.08421978,9.711431,1
489,2.814611298,14.66370337,69.339929,81.67690399,14.179294,1
1433,4.145974793,4.888412462,162.550617,66.26260163,1.952204,0
1055,2.952918029,10.16813775,96.348863,83.70082676,11.604249,1
1158,3.54273596,3.938517294,141.468580,70.22883945,1.930481,0
628,4.99925324,3.470500377,71.701945,72.03674926,14.105955,1
607,3.925167073,14.55967468,71.002784,76.58781793,10.342370,1
642,2.404504261,7.866867825,97.545272,81.45753722,1.593413,0
704,1.940234887,9.270263886,75.935810,80.51638251,11.410655,1
809,2.464741128,3.38910899,116.602880,76.23936186,1.640289,0
589,2.73696409,12.37709659,93.742813,64.53311535,1.749969,0
643,3.36242915,5.566639062,105.640505,73.42614763,1.984948,0
758,3.78132162,5.982021308,80.198612,73.49623441,14.200549,1
1155,3.958761405,4.513813496,146.489940,80.05749876,2.311323,0
1482,3.289898896,5.082570447,173.448314,88.65889266,2.384790,0
589,3.463999513,5.511415399,94.194512,89.90465383,1.875564,0
497,3.432117255,8.468857222,69.045475,75.25126842,14.823077,1
427,2.183279299,6.656093476,62.343136,71.18833226,8.789014,1
1060,3.992522035,4.130039675,128.762134,70.9239286,2.168090,0
596,4.494969753,4.6567921,96.692321,85.61298049,1.604825,0
754,3.92795382,6.562969367,112.959410,83.78226083,1.794752,0
979,2.171915549,4.882874111,99.325963,78.36613761,13.007091,1
939,3.064708256,7.768152896,95.549930,73.3569412,15.570265,1
830,3.690437918,5.649968443,111.675013,71.5519676,2.108685,0
1406,2.79191947,9.421817456,156.068939,74.52327561,2.344311,0
685,2.788075192,5.282153199,78.641599,72.60598675,8.685927,1
654,4.309736337,9.604116398,101.928793,81.37472315,1.972593,0
377,2.030277718,4.897996228,59.975607,81.85903194,8.992458,1
542,3.197978839,3.520825657,73.380355,68.34974817,15.286624,1
677,4.286663409,4.105022386,78.379008,81.02649993,12.376721,1
932,3.1572931,5.639937336,119.629327,78.67990531,2.216244,0
780,4.499212248,5.649845395,88.315134,84.80788947,8.018930,1
899,1.874251193,5.357395038,121.004056,74.62792718,1.889497,0
829,1.70150561,3.935878627,118.701622,82.64862892,1.816576,0
815,4.692303934,10.62921952,88.960246,76.58311652,11.616680,1
536,3.82318846,5.602759972,70.702533,80.78185407,12.442262,1
863,3.014206461,9.356252717,90.985130,80.99160818,13.345238,1
675,3.426774861,9.246831694,81.252640,75.79177258,15.751419,1
590,4.212984208,5.782291398,72.208557,78.41640137,9.435709,1
421,4.097735955,5.181338584,65.083489,81.27695045,11.535366,1
408,2.695397751,6.417488401,59.932141,76.33895909,14.940906,1
459,5.624806813,9.139945617,63.905435,68.02638422,15.380759,1
674,2.396427947,7.189811816,80.488774,83.07791223,9.987632,1
922,3.689459928,3.549139491,93.341103,72.6617432,10.768136,1
1005,3.947476268,6.082407893,133.126562,69.51852671,1.704356,0
717,2.576680424,7.21750355,111.863839,80.59235909,1.933354,0
563,5.200939969,14.22580046,72.042143,85.01643849,13.082962,1
734,3.344163082,5.173060455,78.049918,74.12053709,11.511101,1
991,2.792851439,12.4693236,127.526725,88.10071713,2.204490,0
701,4.734401039,11.16759709,76.550990,74.7046806,8.912580,1
733,3.07614678,5.890856392,111.540010,74.59916158,1.661674,0
853,4.081515218,3.706320559,121.586886,73.17064628,1.850919,0
1443,3.108113507,5.930865874,126.164672,78.3081391,10.629222,1
628,2.727928795,5.158538095,76.971139,72.95827116,10.090909,1
1168,2.404316877,6.302246548,103.761508,82.68263036,14.260361,1
552,2.083828519,4.682351543,91.160304,80.84542263,1.579008,0
745,4.114524819,4.351515208,112.016289,84.76336051,2.014851,0
880,4.352802479,5.537123088,118.015132,80.74723584,1.875807,0
784,2.366245154,5.570524515,85.239656,77.4112727,14.968543,1
806,2.181178952,6.089470578,109.524908,74.18735943,2.063897,0
996,2.559354316,4.837159562,133.073178,79.48109331,1.753753,0
1242,4.472304801,7.633167276,115.319410,67.13957887,16.027520,1
936,2.687376905,4.307265634,119.692699,80.99357537,1.867960,0
511,4.188796437,5.754372171,64.916324,73.04790758,13.202706,1
1137,4.02268564,8.871413936,136.091354,74.85084497,1.830088,0
761,3.895189758,6.02563478,82.111888,72.62035299,15.096596,1
1240,4.457428104,7.427064199,154.016625,85.78087771,2.264148,0
587,3.128203511,5.317714136,73.187412,71.83656334,15.307400,1
875,2.138136174,6.307846173,92.928416,85.79693397,8.313441,1
668,2.070003882,9.945150078,108.079076,79.07189784,1.763509,0
646,2.970223337,11.05081933,79.356431,83.63435594,11.267792,1
448,2.396444237,5.813575048,81.714814,74.65991962,1.865628,0
479,2.374146198,5.23161817,69.047693,87.83200202,9.005392,1
535,3.749576817,4.412681253,94.116234,74.11808511,1.772282,0
1169,1.721164967,3.002388163,102.543282,87.54591938,10.746695,1
1010,3.126293532,10.3673155,100.286068,68.51901109,9.069449,1
477,2.917136533,7.350130534,64.435153,70.16059642,11.195365,1
536,3.908921658,7.415393795,66.444457,85.26739442,9.436167,1
649,3.880061013,4.496855883,101.004931,79.68615571,1.852098,0
1221,3.358881322,7.386152423,141.172833,68.15752754,1.986978,0
409,4.339944749,6.763424922,62.938700,68.1560283,11.820319,1
650,4.533899033,4.744456308,73.523641,77.75199746,9.654320,1
783,2.801079103,7.613898076,83.482369,70.02448517,8.519884,1
1035,3.504249412,10.83670438,97.361335,79.03622192,11.859845,1
665,3.45757508,7.775486512,76.341813,78.85311297,10.118272,1
774,4.93358238,6.086401909,108.004477,72.93606475,1.936565,0
1196,3.704425641,5.219230462,139.298946,70.95833094,2.094798,0
869,2.732646121,5.348396442,85.640067,80.72023797,14.208985,1
635,2.273601633,4.418538768,99.483403,84.29807686,2.033582,0
554,2.810839808,6.048962725,72.937503,80.11072496,10.045135,1
486,3.225390734,6.459042711,63.704699,74.23203315,9.178153,1
540,4.117388848,9.048691531,66.830580,81.54455543,9.392977,1
1043,3.678934115,6.98240538,101.269883,79.83775817,11.783070,1
662,2.472195441,4.559703304,79.287348,77.2927286,10.521022,1
488,3.30768441,5.808764485,65.139724,84.0851227,9.357423,1
915,2.519497215,7.012146235,90.067528,75.69353853,15.907551,1
847,2.449242152,12.60888745,92.097961,88.29032811,13.721821,1
605,3.219214191,12.69990317,73.243395,77.08922339,10.973964,1
563,3.168876375,7.24697195,68.948834,74.18447372,13.826201,1
613,4.251250757,4.468964988,72.262269,79.25184013,8.702465,1
798,3.737895672,8.887609181,86.289542,87.49453273,15.325059,1
929,1.682721878,4.037102085,123.694956,83.39367196,1.672272,0
915,3.348485472,6.572023828,90.021630,90.04390159,8.965196,1
842,4.289323574,3.472728904,121.807383,67.65312892,1.859362,0
399,4.818024881,8.160483115,84.001741,84.94781504,1.484388,0
866,4.310633458,7.445503847,119.649910,71.09928836,2.042781,0
1522,3.301200593,6.311173599,176.613898,76.32426011,2.018210,0
771,2.963157168,10.56721569,82.573705,72.33025461,13.504409,1
802,0.269378611,10.21173687,115.932433,87.3492706,1.625491,0
715,2.152449194,5.959684599,102.974759,69.44015874,1.872500,0
1179,3.380472252,9.7445542,143.784069,71.65521166,2.365900,0
998,2.701459394,7.454460796,129.221115,87.9406943,2.112172,0
919,3.081364319,13.06746066,94.994775,70.35997605,9.617068,1
556,2.205150144,4.491621598,68.417559,84.82016452,11.817441,1
424,3.315975474,12.24596063,65.254592,84.90784384,7.989113,1
1340,2.380322333,5.886010961,118.970022,82.40631692,11.598505,1
451,3.961926361,5.366929808,65.162376,84.21089635,10.790283,1
688,2.871508895,4.567644978,76.204012,83.7972151,12.321187,1
587,5.630754978,2.435578114,72.990679,88.41769584,10.397877,1
673,3.886638772,11.93550595,79.254481,76.04605411,13.110299,1
599,4.134075532,3.706063775,98.777171,74.90771154,1.984318,0
710,2.474534463,7.268921464,110.559121,70.14425849,1.718761,0
634,3.69659332,5.275128763,77.856270,74.1452398,10.714949,1
466,3.97131463,0.791407174,64.818733,92.1182507,15.481791,1
983,4.057117245,4.424092696,99.710060,81.76085316,9.118799,1
659,4.259560593,4.175860857,99.232346,83.00663901,1.969445,0
654,2.880878207,1.566123758,105.717543,67.9682448,1.810043,0
543,4.29645414,5.204659156,95.393416,85.26021803,1.746114,0
1243,3.469122039,7.043927658,109.435215,84.51650337,8.707260,1
1571,5.058297608,10.84075643,178.780190,80.39711087,2.476380,0
764,2.533308707,8.620651672,79.357212,83.44434518,15.617283,1
866,2.929052024,6.562139717,89.779567,73.64908028,14.963167,1
713,2.636529172,5.831547109,106.085295,79.92562882,1.584970,0
696,2.12905866,4.909902525,79.858637,84.96485658,14.938306,1
398,3.104200242,15.62316661,62.519514,91.15238387,14.426067,1
749,3.220969441,6.080361104,86.013274,71.29150057,8.150275,1
758,3.193515718,6.81608046,84.760724,73.19576476,8.830611,1
802,3.122610817,4.074254783,112.234422,91.84711335,2.039327,0
597,3.894484864,5.675891826,73.725715,79.15311694,15.165123,1
555,3.294595479,6.80818361,68.512638,70.47755157,8.368589,1
1128,3.071798151,8.674373081,104.541982,71.66781046,11.549477,1
692,2.901480359,12.06151614,78.572999,77.7545235,15.235036,1
560,3.502374599,11.96234935,92.101704,74.19363358,1.655836,0
838,3.808731512,4.356433937,117.071167,74.14781634,2.072438,0
722,4.36167915,18.15146974,103.327782,78.21624007,1.848057,0
1265,2.212431147,17.56316606,112.740490,74.42588881,11.801944,1
918,4.250433165,3.389743475,96.215871,89.5509751,14.274186,1
978,5.32191032,3.03704045,100.775507,69.19196901,11.660911,1
532,3.168403644,10.71063618,66.478912,76.68116457,14.622525,1
797,2.549862186,5.756395547,86.764937,70.95313577,10.303684,1
761,3.728717017,6.29386227,79.546790,75.46511108,11.478176,1
672,2.575394152,8.352892384,76.931265,80.71519009,11.235690,1
707,3.400942797,3.928908028,111.073148,81.12515719,1.611476,0
959,4.113356112,5.394158773,99.624377,76.06021022,11.804926,1
765,2.369736006,3.378880809,85.973950,71.92543723,12.501260,1
581,4.791653564,6.065028689,72.544733,89.57887156,15.574261,1
1104,2.259224073,6.840530506,107.603084,73.91005005,14.403296,1
578,3.260091756,6.615160388,73.470378,78.47078103,8.763299,1
737,3.055748056,13.11553341,81.691901,83.05104061,14.425720,1
752,2.650006724,5.034707293,113.897637,92.77135713,1.991974,0
918,2.405212452,4.861759648,93.942844,75.8718314,15.018592,1
406,4.170089345,7.356897576,62.928714,75.32884665,13.723652,1
654,3.050363417,4.60287981,101.261036,79.32338144,1.823911,0
863,4.258683045,3.875398397,121.552548,72.82138448,2.008340,0
1584,4.201017856,4.838283568,176.901980,70.31999363,2.047658,0
850,2.20405502,4.432296498,89.966796,82.54855027,15.474969,1
619,3.226092079,4.366236559,103.564839,67.23278103,1.826314,0
461,2.726027379,2.97876053,82.682813,70.98679635,1.784684,0
1182,2.312036164,6.690483234,143.286728,76.73468001,1.907980,0
883,2.27539433,7.476466099,87.306441,70.30241849,10.409702,1
1062,4.2966509,5.334244449,135.152089,70.78590626,1.762406,0
365,3.264208152,2.975280906,58.853481,83.26817128,11.645349,1
535,2.784314785,5.118514944,71.884247,66.21603646,13.665263,1
956,3.539700065,5.791963496,127.217604,83.59353834,2.085856,0
625,5.040195265,6.304749112,78.378469,70.24280339,10.982356,1
735,4.221981837,6.749673346,85.390713,74.44833705,9.880792,1
850,2.542704284,3.813211832,90.324964,85.8530209,15.659140,1
654,4.725930854,8.85406918,100.412776,77.15786143,1.875638,0
710,3.759057965,3.677632621,107.095013,74.42868193,1.569205,0
798,2.60275552,4.378715332,86.079546,80.30637079,11.848437,1
589,2.516460826,6.335926053,69.442495,69.48130375,9.087384,1
811,2.140366324,5.234007429,116.295750,73.50390232,1.942749,0
604,3.667295495,6.316032072,75.124126,79.33264076,7.993646,1
1015,2.712149852,3.004857504,98.824467,89.43033769,9.369766,1
640,2.9825072,11.66620283,78.295627,77.03481707,7.921988,1
1471,3.746603901,6.901933093,161.667784,83.37926448,2.304689,0
407,2.955656743,10.65524831,60.516735,84.76534005,14.050755,1
655,4.224360994,4.890019982,79.543912,86.18930572,10.266780,1
506,2.603540933,18.66357006,65.710982,78.842823,13.631773,1
791,1.830360626,4.680652354,111.358062,67.45234488,2.119380,0
777,3.972503041,7.272534281,81.894310,78.41481305,8.588433,1
373,3.62185889,8.260024321,59.837303,78.96852221,10.805086,1
612,3.521003191,6.020546535,95.896603,87.67943614,2.001420,0
823,3.565052815,8.20204385,118.458862,68.69212423,1.798054,0
739,4.166558039,7.624133714,106.079273,74.48789304,1.871099,0
1481,2.328306635,5.841888945,163.191818,86.30569284,2.197285,0
836,5.414538329,9.859424329,83.368171,68.72671903,10.754167,1
803,2.985148949,10.23381213,109.531075,76.73191663,2.084947,0
1018,3.711549167,4.664154335,128.097347,73.66283774,1.743282,0
610,3.526162351,5.824830364,71.242001,80.25188339,15.172327,1
561,1.972728815,7.582620119,71.600958,72.27680257,15.381034,1
623,1.91837064,4.810781563,74.184960,77.82751128,12.480906,1
793,2.457093915,7.598423271,87.240682,78.19887211,15.833001,1
845,3.129304906,5.823284089,91.014863,80.29995825,14.137732,1
847,3.652028095,4.875655747,116.635592,83.51824741,1.907479,0
652,3.156684335,4.865822545,79.946079,77.23924205,12.536729,1
718,2.767870747,5.048687688,76.932267,76.62073618,12.055015,1
922,4.179518197,5.24660151,128.992303,87.56484059,1.735830,0
895,2.206471573,6.800141999,125.923612,75.81571445,2.238056,0
550,2.264241007,6.080029012,67.711233,81.2256843,10.437288,1
674,3.89866677,8.057320477,76.660565,81.71286365,14.844334,1
701,4.852227676,7.621576893,83.280058,78.13611483,8.794940,1
1448,4.0500336,15.75552246,164.183006,85.0013187,1.926900,0
801,2.912690491,6.535060023,89.071857,79.6422664,12.836474,1
846,3.917048991,2.685701786,84.336179,75.6113439,15.129244,1
1158,2.593497993,5.206824398,109.936436,79.12293513,14.363168,1
822,1.038575294,6.969479851,88.395140,70.45964033,8.702504,1
658,3.547233272,9.309468773,78.495071,86.91893524,10.137358,1
619,4.170603036,6.555199239,72.957337,67.22774353,13.321801,1
577,2.558864489,8.00775006,73.266060,80.44530188,15.692817,1
735,3.320018367,10.06804259,83.289186,74.97113898,13.957192,1
397,2.537987473,6.527305652,62.847695,85.04511543,14.182058,1
1392,2.612703557,14.64957598,122.086242,87.63730641,14.770497,1
395,2.171385719,6.362278658,58.295195,84.25199872,14.933439,1
511,4.405011546,5.185917768,70.029170,85.88051954,12.818077,1
490,4.066440865,4.231915394,69.969057,73.07213112,13.168320,1
701,3.364406885,7.592453112,78.481883,73.52691221,9.745428,1
532,4.160339099,0.950931023,93.165277,76.04431135,1.867984,0
483,3.66111641,9.374372781,66.382785,73.17393934,11.125385,1
1079,1.884124018,5.505063544,135.258224,74.05852444,2.044983,0
878,4.457398448,5.025649902,92.042590,77.47882278,8.630653,1
416,4.495866426,5.620698089,62.842628,79.77955612,14.215289,1
1143,2.251100849,5.311892009,139.725804,81.23760403,1.801112,0
1080,2.693775375,4.282920986,137.273737,77.99648047,1.964224,0
501,3.538046136,6.099757627,64.310479,70.43253726,11.902211,1
1343,2.759729686,6.2202912,158.373897,84.63087673,2.229106,0
853,4.891531919,4.105702765,114.575116,71.1000391,1.967932,0
890,3.495829728,4.627460976,94.593663,75.09090473,11.268789,1
587,3.754205321,8.312614549,93.282206,81.72899229,2.030389,0
785,2.887535534,6.886341273,108.413457,69.36840944,2.029797,0
720,5.51466509,4.940197204,79.781885,68.80390533,10.943791,1
546,2.085730399,1.5967533,70.981993,72.79467305,9.999803,1
750,2.348243227,8.43631994,108.965925,79.63922891,1.861246,0
591,4.056983251,6.477088565,101.481066,75.38357686,1.500679,0
777,2.396161847,3.567786725,115.822079,72.40202804,2.131018,0
579,3.69852149,6.450564004,71.071325,71.78021045,14.229728,1
685,4.605999605,7.060521956,82.217407,82.77929363,9.882623,1
821,2.259520278,6.649995789,87.946662,79.1707798,10.399917,1
830,2.096181201,4.574041933,88.388193,68.71737906,11.725336,1
426,3.357958541,5.327853118,85.572256,83.54008742,1.646247,0
599,3.772298298,5.146466658,98.730856,75.27890902,2.014667,0
971,4.175866878,10.07704342,95.032129,76.50991062,10.285119,1
642,2.332453407,6.646379793,104.922990,84.36309416,2.053860,0
1247,2.916418241,8.003848182,107.544347,68.21654788,12.056268,1
539,2.561449869,6.417122274,68.972098,80.36911397,11.795036,1
995,4.296003792,8.324851005,134.460851,75.37504543,1.712181,0
572,2.6546409,13.29891868,97.168212,86.49121233,1.612092,0
556,4.169515804,4.919423042,73.801864,73.38605691,13.360068,1
539,4.618324005,6.70136373,67.200567,81.94960258,8.744013,1
872,3.313780745,7.33699729,118.798792,81.08317531,2.227327,0
1160,2.497388261,4.635109754,106.524525,68.69180777,10.488844,1
791,3.334784413,6.986525403,88.773902,72.73073417,12.619932,1
643,2.551171449,0.437223825,99.610881,76.14603373,2.104360,0
530,3.877151642,5.640010245,72.333484,76.71651039,15.329568,1
1292,2.753850633,10.87955601,156.329799,65.45646474,2.216961,0
888,3.386023925,6.372444533,121.656864,73.29376091,1.753940,0
540,2.713677274,6.559350493,69.877747,82.0462406,15.304295,1
713,2.54024546,5.546108724,76.829291,81.57033531,10.978735,1
661,2.903308703,9.763623648,101.829803,82.14574806,1.662340,0
467,3.858240531,9.193644855,62.425573,71.28861206,14.525599,1
868,4.705536507,12.26181503,115.761307,80.884159,1.673790,0
890,2.571630601,8.110785932,90.216816,79.396168,11.632525,1
716,2.319944735,5.297727366,79.214694,72.00700736,14.285973,1
573,4.867682614,2.825025696,75.314858,83.64439083,12.029416,1
547,1.99105066,5.159345903,66.867461,86.71713393,14.598583,1
677,3.229190894,8.619929471,78.670185,82.01855287,13.650492,1
1183,4.10797503,0.360413366,113.112232,86.46761441,9.666232,1
910,2.752446982,10.75698007,91.315117,78.80171397,8.386819,1
1560,4.548735665,5.483256787,132.201866,75.38085303,11.578094,1
639,4.414284421,7.108528758,97.866724,71.65146187,1.823417,0
631,4.430483402,5.541282642,97.372152,83.00410091,1.574444,0
480,3.030013009,6.115227907,66.387953,74.48586356,14.131791,1
492,2.178504237,4.467054907,69.084686,82.62090107,15.014159,1
811,1.835856973,11.73077416,90.348374,76.04029083,13.345275,1
951,4.41241408,6.313007782,120.805507,80.86823095,2.230337,0
423,2.576619544,7.185489302,64.298576,82.59251505,11.019100,1
640,3.600330922,6.324964356,74.710900,79.95590789,9.423283,1
616,3.9427568,3.374647228,95.373940,80.93015045,1.748644,0
1119,2.312449594,5.4745563,140.931841,75.37760766,2.266285,0
810,2.670303134,7.857221735,89.180448,75.01439875,12.470210,1
723,3.819546728,7.009869882,102.597667,77.38162759,2.006500,0
1100,2.425711866,6.77556885,139.604261,76.9436204,2.040612,0
866,5.389799271,5.933924194,120.494122,76.56169396,1.899999,0
801,2.97074979,6.572540717,87.236348,78.3261023,9.958726,1
1267,2.17152243,9.143291552,150.913861,72.55555396,2.267514,0
681,3.750815101,5.183023552,75.732577,83.74779312,9.254398,1
493,4.908458228,6.488991326,67.224824,79.77371878,14.457777,1
912,3.4504545,11.5446687,91.786010,78.85492193,13.897426,1
609,2.5107573,1.386040977,99.438201,92.31880245,1.836235,0
748,0.317230586,6.214468137,85.582446,77.28609619,14.806482,1
694,2.584777976,15.84544617,79.023119,74.72940688,14.084077,1
987,3.80525781,12.8263239,95.974940,88.33988335,8.037509,1
657,3.562288712,5.361497021,79.066147,73.79757992,13.717497,1
487,3.430620299,6.545120572,67.782703,73.05865308,12.222238,1
785,3.146659946,3.498955899,110.628738,86.87486974,1.796425,0
684,4.905296734,4.5375435,78.384526,87.28266709,11.804174,1
652,4.554514045,8.080867967,73.960622,92.58740702,13.436433,1
529,3.839318841,8.334908733,67.085679,82.91666735,12.361493,1
446,4.905428102,3.364093501,86.486282,85.60824486,2.006500,0
787,2.380531316,7.573490159,83.180183,73.48059392,10.125270,1
701,4.724991212,4.956874283,75.594903,78.40240481,9.577988,1
784,5.339948198,2.019268054,83.612045,75.52284931,11.245925,1
759,1.998215263,6.690698153,114.857766,78.51882813,1.830908,0
488,2.263307748,6.058194264,63.557244,83.61007349,14.530426,1
1045,2.779411622,12.08312682,101.461382,74.92738854,11.564177,1
752,3.711775569,7.07955809,107.775685,77.28982872,2.073725,0
468,3.032298123,5.135662274,68.015447,81.7898791,8.074338,1
969,2.323923867,6.704453162,95.446138,71.85844039,14.490532,1
866,4.343461997,8.022555595,88.526663,77.64556961,14.113596,1
897,4.34339737,1.91355736,116.613827,71.55875739,1.725994,0
562,5.014833215,5.788949859,71.972111,71.5207691,14.602520,1
724,4.985933159,9.526161327,77.498529,79.27485871,9.725754,1
419,2.414700613,6.260711301,61.687653,74.44676543,8.636202,1
672,2.778331808,4.95837802,78.048033,91.55710081,15.001587,1
689,2.689093,3.07533097,81.536161,73.18078524,14.531403,1
476,2.991101461,15.12739964,64.241806,74.31121751,9.459449,1
558,3.821947071,7.930433812,71.159426,69.45448908,14.459009,1
567,3.073738719,8.549834941,97.039146,76.00330437,1.838861,0
564,3.975918872,4.352548805,72.290091,84.34461903,8.236224,1
1275,3.412134758,10.32367553,152.478544,82.18177224,2.297582,0
591,2.988914871,5.466950075,69.348324,75.21878558,14.539660,1
974,4.07149532,6.67632472,131.893152,73.33051424,2.113201,0
1325,5.034183361,7.383188153,149.530730,71.8874394,2.226193,0
610,2.637153698,9.658472625,71.478341,77.22665728,14.613478,1
499,2.715779734,6.701351091,67.260512,74.97761597,12.765805,1
884,4.247479027,7.550027867,120.963987,91.25861576,1.679557,0
1160,2.93378564,14.08773496,147.430356,86.95395142,2.246022,0
1582,4.4716947,6.187835759,182.233620,88.1767083,2.277003,0
591,2.139609263,8.212124976,93.566875,89.31813015,1.887485,0
714,2.904606393,6.639838078,84.054671,75.34199335,14.996403,1
1098,2.950391829,9.62636128,144.283756,69.10272592,1.872069,0
879,3.677233313,5.716922963,116.374813,81.07255802,2.106981,0
575,4.226721871,5.41634191,71.533954,87.81845441,15.466424,1
1222,2.705563277,9.172780694,110.810218,81.21257729,13.401707,1
889,4.178234461,5.695829935,118.201485,80.03716227,2.049639,0
382,4.661029758,4.120781343,60.949705,75.3483887,9.865091,1
795,3.470388927,5.204367907,85.838049,66.25635891,15.468827,1
522,2.279755241,5.419845694,70.458796,71.79272564,9.727412,1
1201,4.704802332,8.118579755,145.033594,77.04940719,2.253014,0
472,1.854425433,5.596163526,65.540486,81.28001276,13.612206,1
836,3.332869704,5.055796595,84.425049,79.0633971,14.340099,1
684,5.237174013,16.80582765,79.367011,72.27290858,7.993848,1
944,2.721175611,10.5771099,98.808177,79.86741723,14.903301,1
938,1.759354636,11.67571019,124.799659,71.29446202,1.706964,0
602,3.380252624,6.287372975,97.203115,71.39543534,2.050277,0
966,4.49628168,6.518824191,98.882884,70.82803823,9.989308,1
742,2.018657043,6.493834906,104.719540,78.2296352,2.115636,0
857,1.872074758,3.123607618,86.259973,84.4387167,8.289425,1
1117,3.830979738,9.480587345,142.629496,85.97526247,2.040567,0
596,2.547852721,6.331834372,99.522296,87.69269983,1.776828,0
622,2.924798956,4.633852529,75.161987,81.69876981,13.798238,1
1012,4.74320048,7.745437951,98.995428,81.00317316,15.636878,1
592,4.255966585,8.448575694,70.881418,80.52925722,14.785207,1
641,2.83543264,5.878262074,74.333689,75.47879447,13.182338,1
527,2.02988996,8.303949851,89.235910,77.89492684,2.034164,0
682,3.307155302,6.4560822,82.325292,74.62937115,14.083988,1
594,4.291978275,5.957809478,93.484858,78.56589316,1.803199,0
468,2.321690728,2.331549654,66.685819,71.5253437,8.912809,1
732,2.813934345,5.700690079,81.111242,74.27489903,12.138718,1
1278,2.898134388,7.014133921,151.271561,81.24207539,1.919131,0
591,4.826476681,7.36093876,101.528256,82.8408574,1.630777,0
840,2.38850886,5.910935982,121.138545,85.87196062,1.760917,0
703,3.002107507,6.829738705,75.773278,66.09663458,10.767714,1
603,4.564205051,4.697829305,75.364856,70.00286455,12.045996,1
772,4.248028774,6.207968426,107.099441,85.94964013,2.056571,0
586,2.845089961,4.356075751,73.929915,79.51023866,15.705744,1
1363,3.735228159,2.730281235,163.740575,78.26751885,1.913112,0
847,4.091951963,8.900161663,120.539410,72.4425564,2.170832,0
828,3.128155847,6.279819753,85.573863,82.96376612,12.391414,1
557,2.01239879,6.044258009,69.153316,73.84138227,10.328841,1
680,4.114718102,5.499039852,81.983826,73.72542439,12.795083,1
739,2.873901297,4.155613181,109.686183,86.87118391,1.596520,0
591,4.403900975,6.014760159,72.568326,79.64575889,11.585632,1
856,2.864613845,5.744752688,120.507519,68.46122628,1.640349,0
635,2.572497928,6.221262958,72.672553,87.44527992,12.451031,1
806,3.737923692,4.48173773,82.345926,82.81391059,8.119392,1
670,2.633080591,4.591716139,81.253243,76.58731827,9.071388,1
676,3.146646356,15.40508517,105.982827,65.91446651,1.869655,0
766,3.100754032,7.145481351,114.292650,79.31593826,1.603217,0
755,4.591868869,3.731687892,111.849725,85.84214129,2.036929,0
592,2.570490164,5.201841652,72.738199,79.92371002,15.490502,1
725,4.209022176,6.057807892,77.915186,66.16930857,14.579509,1
1511,1.977976279,4.949707476,165.965334,74.77113879,2.419788,0
733,1.840753074,7.067717603,77.616910,89.26703583,8.341882,1
643,2.81062067,4.015029969,103.094531,75.78405277,1.948671,0
663,2.169219286,5.380330489,78.386111,79.58797465,9.671561,1
990,3.657748467,3.332366931,100.605170,87.77622369,14.098557,1
479,2.373530332,10.44519947,62.975595,86.41091644,10.765212,1
866,4.683933445,8.391703366,90.703609,81.69453356,10.392304,1
476,3.206906935,7.120353766,66.827347,88.30076726,8.574766,1
547,3.06027283,6.475086215,67.052350,71.02337967,10.263858,1
705,1.906785741,6.829762807,104.367689,70.19808759,1.597982,0
790,2.928716358,3.810537685,82.121132,81.66669096,12.155414,1
737,2.022647311,8.385359027,85.640979,86.18675443,13.375033,1
716,4.727343309,3.140620727,83.054616,72.77699859,14.329088,1
579,2.549704804,5.46622276,75.559523,68.53226861,9.520133,1
1131,2.603729296,8.515516376,107.419997,75.18936154,15.212880,1
1339,2.518805159,11.11160719,120.102674,71.56535698,9.614633,1
1353,2.10831191,8.301658834,151.501444,73.73210252,2.248063,0
569,5.182684691,11.67104043,71.767129,82.5033334,14.193936,1
877,1.970475777,4.538681325,116.505750,72.8709891,2.203222,0
1001,4.704023002,4.388948298,100.291325,72.27025236,12.035701,1
697,4.325737266,7.666582567,82.159527,75.74015756,15.234184,1
764,2.143784388,6.61449081,81.178864,82.84850736,15.113201,1
607,3.801448545,7.847999226,77.095933,74.30504548,8.258264,1
664,2.880220483,12.93556063,76.404778,70.4363252,15.007543,1
667,2.483236025,5.836058871,80.581298,85.03443838,11.800899,1
792,2.965233286,8.443308277,118.537781,82.23959632,1.811346,0
559,2.261476822,6.650522943,71.556889,79.00201992,14.786989,1
620,3.169592622,4.321643158,76.117598,77.64426731,12.106642,1
725,2.779027215,11.57964235,112.612491,82.63571535,1.693932,0
582,2.703791973,7.47898769,71.310675,80.83335715,12.812345,1
771,5.477212656,5.822008173,106.891432,81.69962913,1.996171,0
1180,2.952138338,10.51276854,149.030224,73.87358905,2.235711,0
944,3.336739885,6.430121819,91.074995,88.97491246,13.893255,1
1168,4.017212357,6.324644277,105.248270,83.84473497,9.523335,1
729,2.185056531,6.535090033,110.179023,77.25860736,1.631414,0
625,3.673135916,2.81899864,99.766493,87.24979541,1.704515,0
704,4.726887297,8.06300596,76.920199,73.08409644,8.744947,1
1224,3.357041122,5.940305826,114.849027,85.68504962,10.071021,1
797,4.929457437,7.999739406,82.999485,72.2834577,12.560538,1
797,2.165638943,7.816132783,86.061149,84.48113932,10.456609,1
598,3.593553872,6.924250186,76.297964,77.93574964,11.259855,1
805,2.91303054,17.5689917,88.893395,75.25512005,15.478913,1
695,4.003048245,13.01594719,102.900296,86.91168479,1.986469,0
681,3.458918211,5.613973614,76.534918,89.12649531,13.350287,1
512,2.557408876,5.553207925,95.267414,81.19834528,1.576686,0
700,3.974989842,1.806913633,111.288093,82.64030874,1.900980,0
1126,2.464685351,4.978878361,108.083123,71.71595511,16.036311,1
513,3.402640965,6.900035767,70.090698,65.49289431,8.316396,1
670,3.678871326,8.395052261,100.225417,75.93540726,1.810453,0
1495,2.056384414,4.172961418,169.741157,67.80289271,1.959326,0
1075,1.801343014,3.093505823,135.270670,76.71273451,2.071828,0
655,2.311859039,4.245912381,104.317053,76.34030431,1.714278,0
1245,3.54480432,5.579479515,112.115503,85.47459737,9.713512,1
818,5.397644751,6.131988084,118.307082,69.53222638,2.152765,0
499,4.997363966,8.615288485,65.650241,73.29495997,12.242731,1
481,3.323656593,4.799281598,88.951974,74.06774602,1.921426,0
1605,3.355466712,6.721512317,127.969022,94.81154573,10.889390,1
431,5.297314125,5.920191511,64.875578,67.31712802,13.155558,1
1227,3.08363344,6.581218833,151.025856,73.73603355,2.173812,0
733,3.538354396,3.951885394,81.700689,73.2726363,13.684398,1
566,2.944894992,7.214433356,90.682343,79.60322619,1.875473,0
603,4.103444987,4.816152657,70.624152,88.37023123,9.349344,1
1106,5.028946068,9.453127347,136.382096,67.98677773,1.887805,0
740,0.41213789,5.289955395,104.924676,77.64840412,1.960392,0
945,3.359871852,6.136983887,93.143134,75.22928533,13.376701,1
686,2.098338459,3.475512198,100.504227,73.9159118,1.690614,0
663,4.1071049,2.345641275,108.088008,78.97068689,1.556412,0
469,2.374250225,8.441118028,66.557623,79.77338517,8.154472,1
581,2.392303444,6.378779378,73.407277,77.64705048,9.577872,1
762,3.45333361,5.668166157,83.122818,80.75997253,8.643488,1
474,2.936739781,4.246148231,67.376058,77.59322083,9.520848,1
710,0.490253964,7.488382641,80.714126,74.43174999,13.057459,1
1217,5.296605097,5.411911986,149.759250,70.69439636,1.980460,0
858,2.254083935,4.95911484,119.004563,84.53412957,1.677005,0
887,1.924092054,5.961779367,92.307418,72.79069714,11.016016,1
576,2.491347599,6.666685506,75.535352,77.89665768,13.993191,1
978,3.498725644,5.809951112,121.848518,72.14655475,1.880674,0
1227,2.090157611,8.784956876,142.429014,80.78888934,1.848309,0
799,2.299056533,7.7076137,110.745488,82.54390862,1.777755,0
481,2.093972909,12.96332078,64.308453,79.19408616,15.550826,1
763,4.394727648,5.937417347,115.241221,71.34064846,2.008282,0
902,2.625714376,6.068329225,92.842536,74.32690906,10.377547,1
486,3.106262468,6.842365951,66.165789,69.4558559,14.450125,1
933,3.084703757,13.35109111,92.061840,67.8573996,11.337749,1
471,4.784132036,5.48077078,66.620180,68.89048322,12.106924,1
734,2.9482372,4.838465338,80.333257,78.64293506,8.128373,1
926,5.49518566,8.557327943,129.131792,87.94335726,2.025391,0
452,2.65950473,12.89066541,64.423141,84.19534396,10.622597,1
625,2.54754899,5.594342635,73.240901,78.2588146,14.970750,1
649,2.980596119,7.110046415,97.419634,79.87993208,1.647204,0
1200,3.21932664,6.379252777,144.625904,85.92713017,2.328113,0
811,3.361396967,10.33251878,86.118690,79.2257782,9.230855,1
817,2.406988501,7.664824132,89.961264,77.46513434,10.725592,1
1311,2.926143711,7.506747179,156.934107,70.60785269,2.392721,0
669,2.777709395,7.300733131,104.713958,67.15433227,1.592793,0
1079,4.63175078,11.97875299,132.816369,82.70936339,2.254369,0
579,4.379920396,8.426346122,68.706499,84.93935992,11.535897,1
1141,5.198982399,7.503386277,101.883811,71.82793652,15.339497,1
641,4.582983454,4.772423445,106.206048,74.64763475,2.083255,0
828,3.901663953,4.341471991,87.115239,74.78577941,12.349478,1
1045,3.462060226,7.261789734,102.705048,70.75015393,8.116539,1
527,5.126182361,5.604438738,66.709283,74.61507897,15.194746,1
776,4.581676123,4.787379433,85.965205,72.47458027,12.074877,1
759,2.75772914,7.978072176,113.470413,80.34426271,2.065931,0
1469,2.259332622,6.838668762,162.258215,77.40901963,2.413515,0
997,2.09740984,8.141458219,126.385751,79.65524428,1.734314,0
1255,2.944011557,5.148304739,111.233036,66.90570264,9.426878,1
439,3.811344288,8.612217274,64.005993,86.83651786,10.803343,1
702,4.76479686,2.750885505,75.978192,68.91390103,9.101844,1
1009,4.052737379,4.88880328,131.567439,68.76941602,1.982490,0
639,2.971911749,1.451536616,78.067945,85.40213043,13.411086,1
1077,2.578963206,4.633639173,131.149259,71.63784468,2.276860,0
1084,2.422602173,7.457547229,101.034326,89.30210307,15.008094,1
997,2.401113106,4.840597636,126.995656,78.83780279,1.921257,0
549,1.99374084,4.625570948,73.158859,69.58164752,10.997064,1
594,3.138642557,4.186705273,97.748902,72.22879202,1.778821,0
687,2.782540491,17.22647336,81.986536,70.57001533,10.438493,1
804,4.817832349,6.034622843,88.206710,82.494118,9.372050,1
936,3.427558586,15.0326079,119.408416,78.9798732,2.043352,0
713,2.104135342,5.431962452,111.161842,74.12873411,1.835358,0
941,2.721605794,6.626118108,96.502424,69.31440192,15.231414,1
567,2.903015849,0.940332701,99.693592,85.11890207,1.915848,0
839,3.070962309,5.848441297,85.816255,75.78962836,11.147573,1
567,2.601992324,6.137698729,71.619828,74.84859947,7.967710,1
849,3.648788884,3.980030876,88.510529,74.01859308,11.909532,1
785,4.413537169,6.074009679,82.237977,75.5313496,12.696043,1
821,2.592683866,1.661697939,113.824460,72.63058678,2.175170,0
621,4.89239222,2.689895231,101.196776,80.51828742,1.823311,0
589,3.143097021,3.540345294,72.295296,90.88086161,10.873764,1
485,3.705325344,4.117052283,64.418072,71.4092332,8.679104,1
681,2.574186649,4.985670849,104.349494,81.6780879,2.054942,0
821,5.277713167,5.107569195,118.486880,72.28472072,1.630034,0
811,4.498407174,3.794644657,110.952552,86.60779078,2.068315,0
1326,3.272379585,12.16128752,114.840064,73.46780659,8.516392,1
899,2.294659847,5.300328951,94.374721,81.88761995,8.558867,1
758,2.955595193,7.681702235,106.174851,78.85409695,2.046952,0
405,5.200945458,8.444788221,86.068009,87.68123893,1.722655,0
794,4.445941588,6.493335893,84.411727,80.17756554,13.579348,1
742,2.514248462,11.25511835,81.177439,84.81035997,13.877140,1
651,4.67152517,5.257293036,99.607148,75.23635146,1.555732,0
579,2.501555447,11.52001199,74.463709,66.92238508,7.909912,1
690,2.484539515,11.23404372,110.046102,78.97873359,1.883264,0
909,2.820308999,7.535035366,87.657101,78.7492718,9.535741,1
1077,2.571113505,6.883492148,101.951652,78.08581901,8.914774,1
1330,2.430690498,6.62577686,153.805387,79.40817849,1.963004,0
619,2.110005323,2.900864827,101.713324,81.17253497,2.006806,0
424,3.545133753,6.079999838,61.938244,71.6693602,14.702844,1
481,3.967326699,8.721202436,64.615418,81.3657434,12.976859,1
650,5.093517922,5.309079949,79.665319,81.38178479,12.707191,1
870,2.362291487,9.573158585,90.254256,76.99906824,12.668853,1
465,2.588484925,6.531591984,68.366633,71.18329588,10.298464,1
1007,3.95716375,7.097336389,101.942749,74.53677104,12.790423,1
680,0.808593578,3.780912195,101.315115,71.91843029,2.039194,0
668,2.746941768,7.756767295,78.493570,78.12056601,13.054616,1
703,2.676113368,3.021806941,82.942158,85.88841413,11.790838,1
888,3.978955153,8.781926758,94.147697,68.12397526,14.497084,1
462,4.766444039,5.525606032,62.446952,78.45007331,8.666578,1
728,2.327046551,4.433408555,105.415025,72.83087875,1.960651,0
707,2.654442948,8.618174893,83.127645,67.73413179,14.100746,1
915,2.481204652,6.746974061,92.864478,79.93969789,8.433682,1
1305,2.821386725,6.790781834,121.300770,78.85294453,13.573415,1
981,2.027437322,6.676118467,129.945487,83.25032288,2.285460,0
822,3.599735886,5.076527992,84.148296,77.68094012,11.718450,1
885,4.402589073,8.681348231,87.381212,71.98191917,12.886633,1
437,2.026626443,6.015361278,66.422192,80.59819278,8.751277,1
629,5.53765541,5.019001676,71.617813,74.46361227,12.273885,1
1329,2.065754938,7.507762625,122.258515,84.82407422,14.021445,1
428,2.099617308,2.702059096,62.540170,76.74958435,10.495573,1
692,2.548571017,5.187990986,102.834647,72.90846006,1.775700,0
574,5.12379394,6.041013752,74.937681,66.07677748,8.746224,1
1429,3.265105561,6.995912202,169.685222,81.95892263,2.441248,0
662,2.231163741,3.180668711,81.032957,89.21960882,13.022049,1
895,3.583424792,6.139456573,90.670299,84.26132241,8.498469,1
626,4.285737627,8.28196197,99.126503,72.31786902,1.684358,0
568,3.50519801,5.56791313,70.322395,79.85254502,9.747615,1
721,2.073110791,2.034095497,102.983152,82.77191048,1.945475,0
1306,3.007561016,5.721505554,113.368570,73.8709031,11.541048,1
1524,3.521486935,5.535045204,128.657086,83.70010547,8.598711,1
1049,2.088749776,0.71641769,127.595884,75.81778713,2.313204,0
803,2.667994938,6.909208244,81.505603,78.82259521,10.094195,1
726,2.707843584,5.670811033,107.729822,69.58618789,2.009557,0
587,4.001578776,4.423441839,71.639209,73.73358157,11.069900,1
1178,3.827742201,5.144443338,103.189036,78.64160148,9.228464,1
712,3.619148549,5.209546749,79.306820,70.19012398,14.181370,1
821,5.22933206,6.570315789,110.384656,84.1991925,1.896703,0
397,4.234094848,11.44139542,60.812430,77.6714575,14.356510,1
520,1.940067763,10.46819179,91.705333,88.97513914,1.638306,0
885,1.26391793,2.518659663,123.035488,82.26834396,1.794985,0
392,2.034794206,5.510364153,61.678557,80.56664935,14.418905,1
576,4.909902492,4.556781073,70.284297,78.11637884,8.736023,1
549,2.528681438,8.061249224,68.556513,73.80584764,9.294623,1
1013,4.577946989,6.214517719,132.482432,71.59808446,2.228558,0
1316,2.536895442,9.018092462,157.422011,83.73110086,2.081581,0
913,3.066170687,5.139720748,119.955240,85.14607865,1.843464,0
601,3.353280999,4.908709596,75.397624,78.54570199,14.837819,1
819,2.383461976,6.738287649,88.427141,78.06126422,13.989307,1
1048,2.407986813,10.2904934,99.407882,86.76677671,9.380197,1
1336,3.212503147,8.222716152,120.738786,86.06158339,11.157275,1
707,4.030533703,4.728594273,81.603088,82.30788312,12.683345,1
422,4.438999046,5.341326834,82.084191,78.71824938,1.543393,0
1112,4.005350556,8.66026151,103.597788,85.05004464,9.961446,1
824,3.090427362,2.804934768,112.411585,80.9293746,2.210913,0
971,4.360569125,7.188621772,92.348011,75.09818632,11.241856,1
611,2.35079381,6.416186634,73.194753,77.06127587,9.536658,1
827,5.190329362,7.691589109,85.495430,75.61788597,15.266396,1
747,3.128187963,5.461821622,111.425211,81.95647009,1.988804,0
1162,3.218346225,4.144848718,111.005939,77.10164404,15.477951,1
449,2.541603901,10.58610131,65.345619,79.16815651,8.167819,1
823,3.02541823,7.046159746,115.949350,75.50579066,1.678852,0
662,3.667843406,8.841687555,74.773798,75.89657059,10.757581,1
787,2.4407089,11.36420392,84.855885,75.23350363,9.257768,1
614,4.009421475,4.685847287,98.613857,67.97446845,1.726500,0
848,2.717920341,7.660404428,122.344826,65.09908615,1.706687,0
500,6.034816179,5.172427565,66.817736,80.7266423,12.153645,1
896,3.218128162,3.8540149,87.538791,76.12059542,15.616530,1
1293,2.084073071,6.912758074,148.921209,73.62474172,2.097451,0
1223,4.830166684,11.20392641,107.226206,76.54491838,11.479896,1
1040,1.67588173,0.431446751,137.748848,87.73909612,2.203946,0
664,2.323824582,5.76107755,105.391131,68.5650724,2.089544,0
905,3.336252095,6.162150327,127.647044,86.05548878,1.695016,0
747,2.623064044,5.566614397,84.635594,75.50776543,11.121920,1
432,4.707392791,6.010219976,64.556049,83.50743148,13.290734,1
975,2.851345612,3.436134987,130.524844,89.61064854,1.928310,0
504,3.775245979,3.962480441,66.728253,80.42142145,9.187060,1
554,2.609285854,5.575054298,69.051587,81.97994148,11.368125,1
977,1.790913346,6.910742215,96.338117,69.81532063,15.455931,1
1153,3.727722253,4.542459934,107.096204,85.62332538,12.632690,1
532,2.519635059,6.911890414,96.124096,69.04643363,2.049697,0
924,3.005325815,4.339342661,123.519746,83.56581834,2.071466,0
1221,2.637679455,4.235191235,113.495638,82.45566232,13.127589,1
481,2.707812448,4.367934611,69.113411,85.76647667,10.039301,1
1010,2.037556556,5.230471576,135.566834,77.11290828,1.774270,0
593,3.540829364,3.246108246,98.434092,76.50777369,1.779408,0
810,3.717150108,5.829118282,110.103131,79.94104599,2.166046,0
636,4.473452429,10.84639246,75.682964,72.1258964,8.097014,1
560,2.249624461,3.596212066,98.858223,71.16542392,1.562507,0
976,4.993911512,4.869225442,95.248811,81.93673109,14.823234,1
533,1.978938303,6.485261284,66.062818,88.98720602,14.257383,1
568,2.596164563,5.963631541,70.105219,87.86188476,10.252470,1
885,2.886211477,7.68005162,92.336139,83.28931441,13.549549,1
1025,2.420329547,5.20372422,134.802392,80.66457663,1.906782,0
729,3.107362877,6.620816465,84.945199,68.68660643,15.322309,1
710,3.187427163,4.332324625,110.077555,86.2608233,1.600604,0
1026,2.458255333,13.29660687,137.779140,73.78629352,2.171546,0
767,3.710439866,5.198607792,85.667014,77.97983197,9.899472,1
830,2.30298628,9.737316803,84.138185,78.64207202,9.654842,1
615,2.780458032,3.198865005,71.481320,83.59127825,14.084229,1
427,4.193492956,7.058224045,62.675735,73.05572361,12.067840,1
854,4.491721592,12.50072866,90.609899,84.25134617,9.645924,1
719,2.017078278,5.834444099,81.813409,78.82772512,14.561839,1
445,3.552974584,6.22617779,67.106717,69.68010264,9.679218,1
905,3.09461799,4.013262765,121.587378,79.74761673,2.085953,0
534,2.743209405,8.270962425,69.599920,71.6371349,13.603149,1
384,2.866257564,11.41896238,61.440467,83.87581367,8.809022,1
606,2.667111116,4.330353642,70.684157,77.38823279,11.214145,1
1033,4.768543343,2.365934121,133.314229,81.00682139,1.832477,0
549,0.440156746,6.914650048,71.323077,92.36974303,9.057284,1
574,1.689799094,5.04876753,74.191961,82.83600366,10.559513,1
807,3.263751311,7.776755291,83.897124,74.3524147,14.360394,1
1394,4.204395649,1.352745131,123.456367,70.65170105,13.808284,1
560,3.355520327,4.968843829,73.293706,73.22432051,8.007172,1
719,2.36326547,6.253733568,77.954271,68.66789059,7.979321,1
810,5.060036499,3.805182695,112.804795,88.47364642,1.991620,0
915,5.330667425,7.45466603,88.417061,65.3327155,9.287371,1
1207,4.350011024,5.317764079,107.893368,84.24346616,12.398387,1
810,2.768444806,7.714973655,114.434023,68.99019969,2.020156,0
618,3.935324909,4.043221041,76.355566,80.39801872,14.391497,1
611,2.412724811,8.741044994,75.546274,79.38356461,9.970947,1
520,3.595404872,12.19896676,70.297182,77.90551202,13.558497,1
392,3.964098425,7.284954817,63.293742,73.41830915,13.627115,1
632,2.910371908,6.847357457,73.874838,69.39855701,14.927299,1
490,4.629690309,5.302666905,68.910240,73.08124609,8.726258,1
548,3.732706089,4.140007717,68.622035,76.14219893,14.458854,1
753,2.914263354,8.748345081,84.875828,80.87499577,8.091580,1
685,3.478398613,4.538501153,79.679597,85.9916004,8.583012,1
968,3.475435992,5.622734634,133.352606,82.35774247,1.768292,0
731,3.222206696,4.110024452,85.377582,75.38982379,8.832212,1
1324,2.549917189,6.843022756,153.504740,90.6761544,2.401011,0
615,4.414851355,2.794729132,71.576638,84.03518423,15.317190,1
791,3.417693635,6.039279067,82.107320,68.45530787,10.851053,1
640,2.547013748,3.870680509,106.225781,74.30850967,1.912493,0
1471,2.70656422,13.55174787,124.785850,82.47739544,10.171610,1
446,3.681669089,4.102012461,65.557896,86.19427253,13.609500,1
1543,2.05619935,5.726380647,175.433290,73.1394186,2.314824,0
566,3.926408702,5.346514654,96.586870,78.93767001,1.873696,0
991,4.629464539,6.527444178,96.189350,85.48119808,8.985913,1
601,3.770385063,12.90472019,73.042415,83.35527435,12.482372,1
777,4.334318772,12.96862805,80.750299,84.76122162,13.646805,1
938,2.534845098,2.865189467,124.525003,71.65913483,2.225341,0
827,2.171258494,4.366872841,116.070094,73.63625424,1.835294,0
606,2.141348967,6.028522819,73.442845,69.76447207,14.243411,1
517,4.180739195,5.44526386,69.585414,79.01483576,11.395078,1
629,2.95822024,5.257375772,73.981157,78.3446003,12.234273,1
775,3.26510829,5.61744285,82.664053,75.7612387,12.897062,1
1178,4.529569832,13.08791229,109.018608,78.82202321,8.225341,1
520,3.070263963,6.355998154,68.186389,69.1731185,11.333488,1
490,2.438762739,11.30651196,68.541086,74.60261708,8.127979,1
651,2.016431637,3.594002121,104.699937,80.83293324,1.781706,0
814,4.225810752,6.136282873,84.659938,72.96955981,8.648269,1
824,3.149108454,4.671383834,88.319717,78.80645216,10.889720,1
369,2.692261665,9.676021374,58.479953,83.88966848,10.499399,1
963,2.366053079,4.734850995,93.071411,83.69992396,11.301226,1
570,2.71411885,4.435408507,71.539736,76.2410269,10.699226,1
478,3.697712364,4.802267452,63.800222,73.64729432,10.514007,1
598,2.874601344,4.699484811,73.565814,76.10965521,12.701561,1
471,4.157110658,6.826671432,65.906181,79.85192971,9.197548,1
692,4.494151168,7.067338328,79.284961,84.86774808,7.930600,1
630,3.134031917,5.139624786,73.298035,74.6568726,13.725207,1
515,4.222138163,5.044156543,69.658354,70.86119102,9.644325,1
654,2.800645508,5.335720089,101.385372,72.27298938,1.831932,0
1127,5.07268269,6.81317365,133.502409,72.13018203,2.248470,0
651,3.734658651,11.64517812,72.843295,87.72418841,12.920108,1
890,4.267518884,7.579315421,92.816279,66.37615467,9.138673,1
385,2.398241264,6.62424662,59.782032,72.28099169,13.627497,1
905,4.240201822,6.142632263,121.544922,88.37398831,2.207355,0
508,4.265162627,4.519050556,69.095933,82.37279073,12.267512,1
519,4.637964827,11.32221298,65.683632,68.57943079,12.299101,1
465,4.061049518,10.68791264,62.170656,74.49257256,10.423322,1
698,2.411821812,3.999255868,79.533165,78.85398985,11.818670,1
601,5.373144974,5.78964464,71.750096,74.95278252,8.240141,1
868,4.134633475,10.79986197,89.153232,82.17034248,9.239978,1
1254,3.335526701,7.233267492,114.412358,74.78717793,10.386209,1
597,5.031252626,5.131142543,74.827742,79.13966155,11.480840,1
918,4.454165587,9.280646332,94.725923,79.6199349,8.254857,1
638,3.191959235,8.920042832,73.504551,74.20052942,9.655897,1
484,2.00524862,5.089433967,68.202317,80.2167768,12.759088,1
559,3.102648051,4.059546349,72.895826,77.66723358,12.382553,1
672,2.776304558,8.335777109,105.548533,89.48285719,1.632513,0
714,3.793146855,8.922872566,103.928851,80.07098711,2.056293,0
707,3.764997074,5.511311627,81.003253,92.61286384,14.894438,1
487,1.764562408,5.879562998,93.322199,86.15832493,1.838848,0
780,2.714392889,7.903468973,84.655463,83.87523098,15.246363,1
1184,4.363440258,7.393739676,147.794091,83.74461508,1.942497,0
826,2.631905924,3.023537734,87.173857,78.44577098,13.700505,1
764,1.901425176,7.515204715,81.134601,91.07875266,8.845300,1
562,4.809846688,6.096381379,70.346765,76.5337961,9.718876,1
864,3.990567942,4.044797828,92.151549,90.35812645,12.502679,1
927,2.670723523,11.08534997,96.867756,86.01523311,8.698202,1
640,4.709466872,7.202034536,77.241514,79.1636868,11.192652,1
1880,3.161085119,4.892543398,148.649838,80.47145517,12.434340,1
555,4.004435553,6.629666657,67.790827,69.04396818,14.874172,1
432,3.059922446,6.882004835,60.822321,68.93649853,12.510409,1
1334,3.646507236,8.171577956,121.110744,79.19741537,13.627201,1
650,2.040988951,7.688581634,78.516876,77.50529827,10.635292,1
594,2.815001427,5.785647553,72.920001,72.33769303,10.135254,1
849,5.569405368,8.267847899,88.031162,74.15637527,10.085757,1
703,2.414684633,5.864750233,104.589498,88.19960261,1.714794,0
635,2.099326051,14.6927289,74.113716,86.45669777,7.852082,1
1233,2.236551009,7.167172744,148.865102,86.01272895,2.403466,0
416,2.657514597,6.856036223,61.941168,82.88622071,12.504242,1
525,4.366174537,5.993565597,70.698491,82.50379322,10.959182,1
608,1.868910113,3.946784288,102.543442,77.45702176,1.632212,0
1106,2.02435959,5.064188969,100.321755,90.53925426,13.332140,1
504,2.237784081,1.030726394,66.558093,82.8267776,12.244325,1
1038,3.995456204,4.77617633,98.477982,81.72012448,15.803993,1
1088,3.231850384,8.076756295,141.036527,87.10374719,2.313906,0
972,2.581927837,6.904889174,98.792856,84.00424215,14.072328,1
701,2.318807442,4.763066063,82.003872,84.22329372,12.555646,1
1795,2.282006113,5.816654013,139.734840,75.92142087,14.420989,1
347,2.629402046,7.872256966,59.421844,75.88030224,15.035705,1
518,3.198254643,6.634406537,66.322264,81.42782226,12.950245,1
667,2.920103745,4.929592758,104.949301,82.1248793,2.125386,0
672,2.424016598,1.401521494,101.097628,76.22757636,1.794235,0
983,3.18164106,9.400286618,130.384252,76.86295868,2.010498,0
1109,3.861192181,5.431292095,143.736873,83.35677612,1.974755,0
1181,5.047794571,8.547635897,103.377121,68.79915848,12.307542,1
560,2.555742631,6.90308896,71.047806,74.79537187,11.608214,1
512,2.725427236,9.030518944,91.591212,74.9796951,1.970221,0
1485,2.302035392,6.455647108,120.581816,72.50133042,14.133911,1
1047,5.275065669,15.14562218,95.780808,75.62143349,11.812518,1
592,2.237264149,4.521543683,71.160040,79.84667156,8.937642,1
515,3.212842822,7.412353385,70.441298,69.99829051,12.380709,1
434,2.371302451,5.952563705,64.444873,69.16311532,10.148007,1
778,2.311826357,6.595879274,81.572269,69.62358816,15.499369,1
514,4.39197941,7.952518658,92.972290,72.78384506,1.613533,0
892,2.981293768,5.999936319,116.531538,67.2009917,2.198015,0
1312,2.515628554,6.778108635,113.479647,89.47812156,8.392817,1
1048,3.863537071,5.192074039,103.290170,79.65089069,15.239072,1
615,4.088042784,6.332050195,71.046757,72.93494818,12.854990,1
1325,2.480829163,9.758781837,153.207254,86.24963677,2.140077,0
977,2.309873752,3.447025904,126.720273,88.46627477,2.135214,0
706,3.563258855,6.090238238,80.174457,90.76542891,10.200016,1
527,2.330415642,6.906764002,67.523752,87.2818131,13.433612,1
640,4.911317081,13.78109703,79.130351,76.21842633,8.316373,1
1046,1.699897976,5.904739463,96.059957,67.40503794,15.212539,1
918,3.72753667,5.725746926,120.025671,88.19799227,2.036179,0
713,1.864006589,5.230138734,102.814583,72.56259568,2.022292,0
1015,3.400684017,3.931432891,127.510400,84.09605505,1.717157,0
544,5.045670989,8.783835056,67.607278,76.3621634,9.231981,1
604,2.292444544,3.815419052,77.234933,78.46167441,9.457871,1
442,5.419298331,9.539545865,62.425592,76.12438504,14.865016,1
504,2.65251983,5.5729628,68.557959,82.6180336,15.230827,1
803,4.453384904,3.140929178,118.232448,72.0904089,2.123391,0
753,3.762802435,7.033884842,82.036898,74.83466274,10.357287,1
864,4.17359004,6.185513889,88.370311,82.94019401,11.385084,1
732,5.24056705,5.325069987,78.754105,67.03796366,14.904878,1
1676,1.811562357,4.197085784,190.247355,84.02393542,2.120666,0
504,2.574321761,9.34866557,67.462758,76.89387887,15.160208,1
950,4.527297574,7.473155244,124.076959,76.90203858,1.734626,0
577,2.111356135,8.851221473,73.218137,87.6514701,12.912031,1
498,1.732734916,6.478733334,68.139933,82.69764467,9.255883,1
911,3.665328984,5.357919742,93.840471,79.21662623,10.374368,1
1317,5.156134031,7.026015706,112.507304,87.84855261,12.769471,1
1245,4.60567004,4.41642848,143.819922,71.26569587,2.051510,0
1178,3.745103887,5.809341248,105.969352,80.16843037,8.252636,1
794,2.820704437,6.143274356,85.096794,68.26823022,10.301468,1
1079,4.550497098,8.193190427,106.527290,88.97066273,8.893126,1
413,2.490913189,5.111478423,60.288982,78.96691562,15.279651,1
751,2.384159755,6.373649965,115.137117,88.33561736,1.737819,0
633,3.721378433,7.896702578,72.601987,73.59188575,14.963481,1
753,3.038959265,4.457576586,82.351932,79.68801128,13.463396,1
761,2.572092694,7.264213859,112.170159,83.62603717,1.778630,0
501,3.205013649,7.298147691,69.420632,69.77067665,14.091155,1
914,4.542623253,6.192575883,95.676104,72.53093316,10.220289,1
1413,4.065443402,4.67963869,168.169253,76.24716835,2.122889,0
836,3.328408219,7.900857794,91.701012,76.57835171,10.841513,1
995,2.782381151,12.4012705,96.633084,74.14002724,9.043067,1
649,4.353700592,5.48767339,97.773507,86.28585369,1.533043,0
1020,2.981191313,11.14317373,98.997813,82.83440959,15.907564,1
928,3.556524564,7.282279718,92.673834,76.3205395,11.523956,1
724,2.721439031,5.534633692,111.107567,76.40236016,1.614471,0
1586,3.260069863,5.373939659,185.357206,76.79449486,2.398305,0
1164,2.223517766,12.91754252,145.745584,70.89050031,2.140096,0
1495,1.916789401,6.764545765,175.742579,84.98383446,2.306280,0
750,2.005340276,5.170349685,79.576929,77.27299324,11.279983,1
1132,2.623418862,4.786359966,135.073012,73.66834151,2.297217,0
708,2.557881434,4.578173688,111.805221,78.59726574,1.710592,0
1367,1.647435599,7.682378269,158.835991,75.2300846,2.423697,0
657,2.322845857,10.87054974,98.208805,74.47802284,1.827932,0
677,2.661355679,5.841321223,102.460532,74.5067845,1.619863,0
565,4.009236288,7.250088287,96.966772,88.41079551,1.582688,0
956,2.623080798,6.932606988,91.339974,78.46476976,11.261659,1
662,3.112967337,4.042031547,75.474897,85.35202419,9.195775,1
750,2.87268253,6.066707466,107.254926,84.09280463,1.847038,0
1190,4.447540011,4.51768412,108.357196,85.24771405,14.503994,1
725,3.877438799,5.780916572,110.372627,91.93300447,1.605283,0
428,5.619187691,7.648342399,62.967214,72.59989832,11.496806,1
454,0.017448888,7.234136952,66.714652,67.93209577,7.855633,1
482,3.619779493,5.57351139,65.281324,72.51288446,10.344917,1
518,2.324368124,7.251811994,70.771332,74.08002555,11.783695,1
954,5.674536282,4.090943714,94.147314,68.43039755,12.734254,1
1380,3.408907067,7.164969363,116.105489,68.8739837,14.242608,1
904,4.975139862,4.722210966,119.757855,76.234142,1.907185,0
721,3.541263916,5.367468376,77.929883,78.42414979,11.397958,1
874,4.390850906,4.125517711,87.652799,78.41863452,13.485595,1
880,2.994848877,6.823714677,93.179277,86.93991173,10.542297,1
467,4.323936965,7.620907761,67.764710,75.37594037,14.515211,1
992,4.295442719,3.270803095,134.709068,66.11653434,2.080934,0
926,4.616969234,5.742709352,91.921132,82.13187389,11.304996,1
368,2.855330518,8.258389184,59.810269,73.44572811,7.818282,1
881,1.927555894,15.82820426,89.382063,88.90632772,9.076466,1
1197,2.368663511,7.6896012,152.405487,92.12494118,2.183108,0
1027,4.199127675,5.85757179,95.181475,78.7373111,13.897939,1
607,3.595752679,5.223290681,74.185994,70.13346922,14.558969,1
932,4.627108779,6.153764289,130.255050,78.5864811,1.924388,0
748,5.835674549,2.185115517,113.510664,82.56770713,2.044811,0
1022,4.090003881,10.27058531,126.404446,77.60563489,1.965767,0
550,2.865125864,3.780170959,97.124144,83.28425559,1.836470,0
718,4.685235015,7.656186466,82.811131,90.24474848,12.311778,1
692,3.850430318,5.334920986,76.676952,84.72584073,12.566819,1
982,5.261516372,8.324290839,93.137574,75.51296957,11.051670,1
958,2.115078446,3.728558545,122.183364,77.90166824,1.757175,0
504,2.965284836,7.899732946,69.915577,76.37882368,10.093789,1
744,2.005440386,7.039151098,82.068665,86.67227449,11.182980,1
975,3.151469495,12.1278867,131.067920,84.14724644,2.049338,0
757,3.966852285,6.577718724,80.665550,78.18425562,15.542535,1
1487,2.145726786,16.12721292,128.830817,79.93558143,13.927994,1
1453,3.492544792,10.67123593,169.347842,86.47799913,2.169419,0
656,2.161183284,0.431310487,78.769517,86.3481884,13.207951,1
671,4.996272488,5.197722576,100.870554,84.25686452,1.991312,0
726,3.03031549,7.215979397,109.109690,72.6715803,2.089014,0
537,1.983693672,3.788785158,72.407301,84.4844234,10.353912,1
688,4.276826283,7.810402534,103.207245,78.74211852,2.065992,0
1360,3.766164003,6.230961085,153.497578,81.57991683,2.415472,0
627,3.195913304,8.27960988,75.518009,77.60411811,8.497705,1
734,3.251276713,5.785692541,82.981666,78.48411964,13.645287,1
710,3.042690429,10.31059597,77.439442,77.43584608,12.093662,1
480,2.806491373,6.913741951,68.050132,81.77604112,8.372943,1
681,3.846053169,8.28565601,79.481284,67.45055163,11.106199,1
900,2.291951624,5.169391141,122.293071,83.92295425,1.728903,0
883,3.719961843,4.703605665,93.644272,71.90907742,13.452868,1
394,3.56801358,5.91339981,58.828978,73.71185321,8.596972,1
674,2.958526317,9.176028471,80.694786,86.66555314,10.047200,1
500,0.68645397,7.655414999,69.060263,76.39960407,8.548339,1
798,4.330421515,8.733109383,117.983040,85.90657506,2.061189,0
876,5.432094862,3.149548212,88.617789,84.15331523,14.986369,1
599,2.138027817,6.611762001,75.109632,84.85966777,13.866821,1
661,1.834620396,6.349823242,78.948793,80.41461188,15.707495,1
846,4.883170524,5.585409447,112.610010,85.11037232,1.703480,0
1066,2.151179315,4.375214259,135.157561,90.64306222,1.918597,0
872,2.563634809,5.460596854,94.033436,66.64596447,13.110203,1
884,2.691185923,4.754847732,93.925870,68.19257122,10.564250,1
1209,2.408206313,1.179160382,150.016663,80.41110729,2.008674,0
559,4.417817416,10.06564114,90.257853,72.67807103,1.859746,0
812,3.110061318,5.864402332,118.574650,89.33013981,2.170073,0
624,3.340057339,6.378195182,73.881500,74.29694441,14.243473,1
940,4.047689139,7.404325667,89.350495,80.77527861,15.754514,1
970,4.12904535,6.878477555,100.027410,75.498148,13.402026,1
405,4.892361721,4.273892101,64.206542,85.10408359,15.160446,1
874,2.179793705,5.19317456,90.657841,72.3716925,14.083392,1
1069,1.678349015,4.980654695,105.270334,72.21271275,12.618791,1
585,4.936250574,6.469440349,71.248805,74.32918935,11.438948,1
851,2.834627869,7.398348786,90.429297,85.04387822,10.754026,1
1613,3.852976983,4.804097255,174.801891,70.6028814,2.559233,0
394,4.113247754,6.705920375,58.788587,77.33107206,13.666047,1
1219,2.096203368,6.129496521,107.878361,86.90257711,11.047408,1
852,2.661595334,6.429825781,116.954569,86.09492694,1.945923,0
1476,3.733184454,5.75238571,122.794143,72.63836635,9.357651,1
505,4.790465538,4.970819373,70.689694,89.45773141,11.946450,1
1068,2.79091033,4.866461166,103.579783,75.76630425,13.718307,1
517,4.458793207,7.963018319,67.203917,72.56064701,12.586546,1
598,4.56148081,5.075720891,71.389695,72.7108159,12.138357,1
590,1.843040444,6.30108957,72.677313,76.90345113,14.727455,1
710,4.647149878,5.486968861,77.744707,73.13121429,15.750271,1
500,4.345105227,13.80646383,69.168131,70.03352327,12.162384,1
540,3.227318858,7.655358542,68.816198,85.23311608,14.752992,1
549,3.782620248,7.144998738,95.281459,77.75648944,1.572564,0
1227,3.119882271,6.310673086,112.568380,66.12269627,9.175677,1
857,4.066156628,3.779674539,89.267019,78.07340937,15.311280,1
949,3.346252217,3.167253787,89.876975,71.39588029,12.406922,1
772,3.758436947,5.266509164,82.064080,91.35346866,14.507509,1
853,4.566190393,6.41341125,87.693742,80.54142735,13.886426,1
1046,2.299534606,5.860466171,99.545853,76.2333531,12.466589,1
614,3.358131762,4.599920837,99.053180,79.40089144,1.978701,0
993,4.311380611,7.947483186,100.565382,65.76167282,14.578957,1
524,4.073009315,6.866104012,68.414988,86.26080871,9.662376,1
863,2.660221686,5.93784463,90.814294,89.31489489,12.653478,1
1332,5.009445011,15.14942477,154.359512,77.82866938,2.087649,0
1207,4.036516194,10.29182358,110.227695,79.73381446,9.680143,1
1222,2.117150543,8.834125841,106.237190,76.72021305,11.446717,1
599,3.833395264,6.315495179,72.344634,78.04687104,15.738880,1
1224,4.577375559,5.555869699,149.789609,70.05245289,2.063962,0
616,2.326031225,4.564770127,99.034413,80.72399197,1.568679,0
1148,3.275221016,6.77483864,106.044216,82.91678658,14.479146,1
551,3.382156669,9.645301402,69.598074,79.9000529,15.507797,1
708,2.522066408,5.337188513,83.678112,67.93846755,11.944033,1
1260,4.957698763,6.862508753,152.521961,75.86670834,1.868961,0
563,3.216518822,3.501781507,68.463921,73.28979791,14.876783,1
589,4.845775923,4.74162945,69.211176,72.38101564,10.242202,1
515,4.476242046,10.31081102,67.475773,71.12334974,14.071156,1
1326,1.101977656,7.399766348,155.604903,75.43739809,1.980562,0
777,2.080059298,2.276769771,114.259463,70.33302615,1.891850,0
792,5.08071897,4.008715028,110.185685,75.69275776,1.859612,0
894,1.898099696,7.141499185,87.729996,85.45678657,9.278199,1
843,3.792734558,5.45790343,115.639963,79.95729359,2.176646,0
1156,2.700774297,5.248019828,148.671394,75.61358378,1.992344,0
702,2.278651662,4.65682907,76.993490,69.66781806,12.221178,1
895,2.965772884,2.963021395,95.375957,91.33847848,13.935402,1
708,1.86246793,3.338360502,81.344435,80.26854661,12.328457,1
791,4.789868601,9.361297438,88.952461,65.41890063,9.704834,1
609,2.802694031,6.803847893,75.627127,70.24619633,15.680869,1
1341,2.856092785,14.86914018,121.716549,75.10064279,12.016716,1
903,2.367511939,8.953232306,90.891224,88.85491357,15.738727,1
579,2.357503744,5.536964209,99.909774,87.4376137,1.694116,0
510,2.331706038,5.643737742,92.751432,83.51378615,1.867342,0
511,1.792997404,6.114830369,65.203589,67.44058772,12.433510,1
741,3.865249787,6.653413435,79.299728,76.47999871,10.159254,1
502,2.648475745,5.970587838,89.652331,77.82158277,1.748592,0
715,2.533137303,7.111478564,105.683710,73.46964979,1.586593,0
720,3.27610814,4.677527734,83.356354,75.29462806,9.824443,1
811,3.03121604,7.955431918,90.304010,78.225582,10.665321,1
532,1.966882135,4.140219792,69.867483,75.21749646,9.539818,1
1565,3.184644029,2.963656892,175.376902,76.49622133,2.112455,0
1068,3.639087473,6.183315715,98.141193,88.7023331,14.367938,1
500,5.399561339,13.96014886,65.037376,67.5225927,8.880678,1
687,2.294836972,10.18601529,107.888098,74.15518463,1.745304,0
1011,4.669796227,7.382523698,124.415648,70.76809602,2.205609,0
570,2.011671937,4.641678,94.441313,83.30248749,1.611079,0
867,4.811092764,8.162178851,93.907423,85.97780647,11.306086,1
592,3.885654273,7.209146204,71.237990,77.588744,13.535918,1
850,3.741949603,5.130775461,89.029588,73.8978384,10.092828,1
401,2.58729799,5.839473934,62.655875,81.49294533,10.163711,1
551,3.747791816,3.90631388,95.549639,84.34294921,1.627090,0
1157,2.410602452,6.080568225,137.188690,78.18161785,2.258544,0
675,4.849023141,5.04106054,77.270908,89.33430088,11.428283,1
856,3.32342737,8.549691493,114.725789,65.97649655,1.689927,0
604,2.896938973,6.290230761,73.410259,70.18029586,8.544926,1
541,3.106032156,6.35737297,68.368532,86.09074175,14.191355,1
566,3.739992153,7.282871013,69.059867,75.18059922,13.395165,1
1563,2.867454628,9.015721303,181.586596,79.77742761,2.369641,0
662,4.091597437,15.35596547,73.779015,82.52137173,10.771258,1
672,2.341995799,3.092599511,79.128809,93.24813534,10.806100,1
609,3.025368716,6.838792756,70.865156,83.18542874,9.304665,1
825,5.076494544,4.545233898,88.475241,80.17492264,15.513735,1
544,3.28452958,3.715492424,93.008598,82.54770863,1.888782,0
1019,2.310696487,5.989044682,129.808624,76.46352022,2.158025,0
589,2.127054092,5.116172258,100.256946,75.82937709,1.786511,0
1171,2.174751512,4.498705349,148.085125,70.74137674,2.302509,0
1081,2.381735211,4.94877963,142.462493,78.74087327,1.858001,0
603,4.519274359,4.345672347,102.511735,74.25320098,1.574998,0
810,2.123025163,5.969875876,114.379056,86.66268427,1.632565,0
947,3.681924118,6.413012432,125.787210,82.56389226,1.768212,0
487,3.241379724,1.328453077,85.055701,72.37798798,1.745571,0
717,4.238520094,6.05290221,77.154683,89.77639677,12.847887,1
732,2.797571755,6.597667801,79.830193,76.01622103,10.223061,1
943,4.573996878,3.682021858,92.061976,69.95059361,8.117796,1
1522,3.193802757,3.343933945,165.459179,79.44971933,2.243890,0
720,4.144420928,7.702085875,77.683210,76.72033677,15.221290,1
957,4.647599754,5.786337503,131.661198,69.73739705,1.830664,0
498,3.853306961,8.1276191,65.227312,75.03075772,11.213855,1
489,1.940465934,3.613044506,69.777982,72.34369056,13.176722,1
1209,2.417393474,7.522492453,147.482029,81.1509344,2.222758,0
634,3.621661981,6.85934393,98.302938,83.7066627,1.794268,0
580,4.003289862,5.625287836,73.022604,78.01526925,12.433855,1
402,4.397699122,5.749116527,63.401233,78.12230947,8.915529,1
843,4.215023638,7.051007906,90.135813,79.49515225,15.342812,1
545,3.222519593,4.560048453,72.572277,72.95668046,9.885304,1
1159,2.132544563,7.290458012,104.241564,89.18616763,11.088687,1
938,3.773804107,6.109775368,121.833256,68.90939994,1.759270,0
868,5.137916306,6.456887335,90.475854,71.59613129,8.640650,1
652,2.253002316,4.145076327,103.526979,75.85670712,1.553093,0
604,2.4532451,6.772215855,71.902932,88.84212513,13.788507,1
518,3.78000171,2.987619932,71.456826,82.56448758,9.952975,1
878,4.016754182,6.357183054,120.229911,72.98059372,2.111020,0
747,1.989420447,8.141036712,81.694908,86.14415563,11.283435,1
596,3.095757847,8.323030979,76.896989,73.17484214,14.463887,1
556,2.503736727,5.427976222,69.887709,78.74529781,9.369161,1
655,2.023711093,3.783204701,79.552876,70.91174669,13.639252,1
875,3.189779208,5.706457376,114.417911,77.51956899,1.742547,0
932,4.828158123,5.816936634,129.573850,84.50036239,1.851556,0
383,4.569177813,7.596337511,59.220664,71.39135731,14.328809,1
563,2.934366246,13.85954723,72.530666,78.4646339,15.153800,1
640,2.073423286,3.387417715,102.747106,80.06571086,2.005339,0
1031,4.810722584,4.487639878,96.552882,78.62239524,9.568243,1
716,3.241162369,6.778317848,103.677655,77.53077319,1.872424,0
956,2.418297555,6.529756074,124.987396,69.98824244,2.058081,0
569,3.090753981,6.860803404,68.733010,67.79955981,11.470300,1
1159,3.692553651,11.09001592,141.312527,90.26538999,1.936279,0
879,4.412910526,6.669170393,117.794195,71.69484059,2.119494,0
847,2.279101589,4.835873112,88.734229,79.46377836,11.134413,1
654,4.21775355,7.335340366,78.758000,73.26175051,12.115597,1
888,2.056930842,5.730797236,115.698028,84.09524819,1.850518,0
763,2.479604339,5.496863665,86.359393,75.23949835,15.829114,1
913,2.668526623,7.856089057,118.130076,69.50969622,2.137944,0
864,1.896482474,5.826470801,89.189843,79.4693422,14.054006,1
742,4.368760011,7.746107282,81.396377,72.31307335,12.466368,1
417,3.389634656,6.282400405,61.772071,71.69443436,12.576402,1
775,4.190953102,7.745768318,81.493507,78.97526317,13.677742,1
1196,2.269926129,4.904757703,143.806813,84.77760163,2.286512,0
295,2.424734481,9.97643641,52.597288,73.42190239,9.335758,1
807,2.393035246,9.175301815,117.682612,73.91006576,1.799228,0
795,2.753153267,5.511826188,83.317754,74.64764934,11.699440,1
481,3.973859053,4.44761672,67.251694,69.00841504,15.016249,1
729,2.13514515,5.498718704,78.906565,84.73475483,14.057460,1
613,2.396924733,9.335959128,71.723431,76.89185781,14.851753,1
676,2.316128706,3.6409751,104.338451,76.89579416,1.880771,0
633,4.103080079,5.144698842,95.742272,69.80850334,1.798973,0
364,4.815328056,7.260571956,61.325174,78.70451001,8.150238,1
925,3.729248805,9.965425334,118.390966,74.88773576,2.177216,0
525,2.922036246,6.393738723,70.507381,92.8647669,10.280136,1
1424,3.409877777,8.954140069,122.207425,72.70984016,14.329433,1
1049,4.080675868,5.535421583,133.180832,68.01856706,1.769782,0
1021,2.808217261,3.619994839,131.549786,73.92252092,1.954470,0
905,2.149873661,3.545246569,127.936327,76.03645464,1.955188,0
1349,2.611412646,0.353161674,150.550150,81.68879974,2.354775,0
443,3.753701112,12.81581202,61.252574,70.58135448,15.710790,1
1109,3.342379779,6.255023324,103.241312,82.82467069,12.621879,1
961,2.740949305,7.328920195,131.736391,72.51043304,1.807962,0
444,2.787984979,6.705719157,62.952266,76.65409236,14.188431,1
759,4.461656441,6.280398715,111.848425,80.53164538,1.745480,0
512,3.673191084,2.054110366,68.997736,65.15433706,14.295347,1
672,2.921114019,5.335439678,76.355809,78.19937352,12.626091,1
978,4.366676299,6.638085427,100.082782,78.48878212,9.429902,1
1120,3.212398953,4.940712555,136.252147,80.65165141,2.082670,0
1685,3.644679433,6.772685814,143.121041,78.78393133,13.034745,1
1704,2.694996591,6.910345735,185.226577,75.41020019,2.599180,0
1150,2.037447992,6.741540715,137.131031,80.30494596,1.951003,0
658,2.222907415,6.896336889,79.473389,82.27938152,8.021282,1
1043,3.271046877,3.684830371,98.014684,87.27825072,15.676075,1
1166,2.903701565,7.133190879,105.666954,87.47013581,15.311753,1
692,3.441659878,3.112118876,109.179792,88.90913992,1.850501,0
507,2.813954192,8.454621824,66.890209,76.06720594,12.471489,1
871,5.44632147,5.538444092,117.928591,78.83181307,2.083961,0
1062,3.773596689,5.449410831,140.511704,78.08526234,2.048879,0
947,3.627311652,6.021423377,125.180607,83.85940729,1.939079,0
1102,2.298200702,5.776612322,108.756311,75.43617098,10.405285,1
1145,2.703077441,6.981580184,105.587684,86.10037236,14.322306,1
1020,4.944488187,4.264668457,125.201795,89.4175268,2.049425,0
840,1.968734217,5.433646975,83.994299,77.26307437,14.971034,1
637,2.707888742,2.826664821,79.056934,76.77691719,15.745915,1
623,3.358743877,7.225840004,72.638867,68.96677851,9.855473,1
986,5.081854974,5.973854555,95.389098,76.71485994,10.201432,1
608,3.605828147,4.606148078,98.641383,81.18795761,1.522312,0
813,4.126410917,10.54702839,111.476421,73.7879134,1.770912,0
1330,4.325024041,4.92614776,115.084129,68.98541131,12.737304,1
458,2.724408765,4.24636014,65.489731,86.1236426,11.333109,1
505,5.057217264,7.228556842,68.433040,66.55585505,11.560648,1
496,3.862497953,7.577795122,85.615893,78.0342418,1.550118,0
495,2.073846717,3.149150129,67.066689,90.15148796,12.149304,1
1070,2.73668835,6.128955693,104.441307,87.62481534,11.961016,1
392,4.047989298,5.521011136,62.786576,77.16657185,9.977124,1
651,2.361665259,3.51870815,105.194395,68.28388923,1.998642,0
521,3.862178914,4.125374513,68.180762,71.58877479,8.682616,1
1279,3.010864717,8.296537173,115.701715,71.33866443,10.308756,1
793,3.256237696,2.886346966,116.067984,69.03976335,2.153395,0
663,3.759915357,3.33087856,102.370892,86.66814203,1.888953,0
715,3.018940128,13.77090761,76.494141,64.73551646,9.058962,1
1412,1.951212323,4.580445076,117.023654,80.82869404,10.462133,1
692,4.388337777,5.776996955,109.009475,74.97878641,1.731634,0
659,4.950683271,5.938334049,99.112844,64.80112628,1.829890,0
511,2.734523721,4.236959398,94.101341,86.8369398,1.772378,0
503,3.575904263,4.113753953,68.046902,76.77085766,13.725461,1
964,2.476848742,12.40312213,121.951824,78.21803389,1.897220,0
1410,3.056365584,6.106959082,163.731497,84.71609734,2.130525,0
720,2.270729482,7.764403839,103.083753,73.34727299,1.759099,0
556,2.34633547,4.898032196,72.979001,90.49220542,15.338459,1
742,2.912564838,7.372081941,82.183591,81.23006209,9.998369,1
746,2.752856752,7.234147085,113.261835,82.58962991,1.701231,0
1221,4.308697894,10.51378308,107.016186,75.92288869,9.094770,1
1306,2.826025825,7.786784613,147.832971,79.42316298,2.173715,0
635,4.724717655,4.707666811,73.906327,78.43010314,14.678745,1
660,3.094095829,7.547823706,79.013676,84.43770336,12.183307,1
1040,2.405620624,4.027048735,133.015882,78.22876958,1.739774,0
827,2.076773408,7.526720771,114.245243,74.76097514,1.950916,0
660,3.912869881,4.416023593,101.578744,73.03615434,1.854869,0
790,3.295898524,6.806455047,86.003027,82.12188053,11.578654,1
952,2.125976804,4.091052236,130.404852,88.18107978,2.250807,0
1104,2.676771144,5.913841271,108.022657,82.65963533,8.287589,1
1365,2.687138745,6.73114367,164.964624,69.08990044,2.424312,0
1239,5.454041621,6.498405082,150.796837,73.2892284,2.070355,0
1364,5.175861635,6.618934097,114.505202,65.66027195,13.241623,1
1054,2.286860356,9.00391165,99.335055,83.03921976,13.261487,1
757,4.853119363,1.706015267,113.376261,87.87343543,1.955280,0
944,4.895632399,6.179439809,130.858865,82.66876686,1.885749,0
802,2.26317908,3.349223692,82.178677,84.18325687,10.374550,1
591,4.589245413,4.457475503,73.448451,72.59630732,11.123233,1
619,4.110496127,7.104509845,70.930909,65.38934333,9.641156,1
772,5.002970824,5.491240271,80.911444,75.66755652,15.279490,1
830,3.671951001,6.420927739,87.692319,82.4254059,12.843663,1
943,2.430695344,9.327169889,93.165348,84.4795503,13.816014,1
511,2.702923616,4.824924868,68.099690,75.75982755,13.297646,1
717,2.205233758,5.687136113,78.529264,70.18183887,9.139299,1
967,3.767958612,10.15562084,123.037469,74.42633712,1.957896,0
538,4.322346291,8.600300417,73.265289,65.29031814,10.757346,1
599,4.452970768,4.33640792,74.085780,78.14311349,10.560592,1
497,2.386468827,7.981278977,70.151320,77.85545712,10.390043,1
1312,5.22160709,5.70050871,117.080717,77.18852885,14.870479,1
547,3.29250378,12.2177211,72.161218,90.2218738,8.381063,1
766,2.828335928,4.557105875,83.623499,83.46084302,11.193342,1
429,2.605518488,11.39798288,66.247448,83.70553265,13.777152,1
660,2.758412536,6.428925087,75.370161,73.04131136,13.315989,1
523,3.122546045,7.693848429,89.237930,86.08050178,1.631020,0
524,4.759206649,4.698889627,66.020765,74.12919813,9.543029,1
1056,4.046877485,5.985180483,128.899095,88.3629112,1.918271,0
760,4.78276009,4.614520971,80.614087,77.32862948,14.474114,1
718,2.612729693,6.104042078,107.120618,83.66265555,1.839415,0
837,2.84670244,10.35611044,89.244807,79.20521619,14.406391,1
1087,3.458833025,11.05046504,131.158169,73.07453989,1.891400,0
913,2.871362313,6.143666741,117.511689,74.24809502,1.814059,0
508,2.001759521,1.611218531,66.417834,82.29960194,13.433739,1
913,4.29636711,5.158697165,127.251001,84.70753392,2.058401,0
501,3.432614917,11.52678254,64.422426,80.25846453,10.090584,1
794,2.622901507,5.564285686,112.000060,83.23448461,1.617129,0
609,2.405668359,12.10256145,73.682775,80.5443895,12.863533,1
402,2.604033543,13.1394398,64.139480,67.76555192,9.680627,1
1127,2.748911333,4.274009921,141.781691,76.55916315,2.025267,0
947,4.107378854,10.0447423,119.628949,79.19442534,1.999063,0
577,3.581444453,4.80558017,70.066084,72.33354093,14.134556,1
1038,2.555880527,11.48953876,104.065395,76.85127278,11.319724,1
774,2.500272733,5.423664757,107.949653,89.31738614,1.639090,0
599,2.823346238,6.855151025,93.285886,63.75909995,1.581350,0
613,3.646861409,6.464329734,71.281102,79.65369886,8.425862,1
902,2.656422256,4.166406404,95.999388,78.64121166,12.549055,1
934,1.400021094,5.883697895,90.079614,83.94896656,15.202887,1
514,4.881438774,5.069417977,66.331139,82.40921105,9.343020,1
861,2.506005539,6.829980847,117.070895,88.91946405,2.093412,0
936,2.699290177,7.592114927,95.511266,75.83487075,13.611878,1
848,4.105940382,4.40864833,86.178730,65.00120896,9.360335,1
802,1.838493129,10.00400448,119.386181,82.98180192,2.146951,0
1004,5.752859346,10.42608592,94.793555,81.56342796,14.384671,1
624,3.960863527,5.624983539,102.131314,78.25000108,2.036885,0
882,2.69936379,8.504689695,120.837058,87.69749999,1.808400,0
519,4.705668306,10.64308048,69.150668,77.00550862,12.374054,1
1136,3.242379685,5.670976506,104.547623,80.62387924,14.196502,1
438,1.907968715,3.75770576,61.944695,70.55667982,11.631337,1
800,2.841431392,6.841369399,88.186325,70.31626348,11.907700,1
914,2.838539188,7.138840363,124.371234,75.96701563,2.212317,0
682,3.809118973,4.131017538,101.182030,84.55555101,1.741680,0
476,2.4741565,0.442148633,65.307934,74.00073851,8.933401,1
437,3.865330061,5.742246813,61.768349,82.4063851,12.254041,1
624,2.175531152,4.239902887,95.136863,84.53804096,1.604768,0
515,4.126271232,6.829178655,70.865013,70.51546131,10.149150,1
966,3.126419403,1.227288627,93.894713,77.26052714,12.813188,1
997,3.999723734,5.764710367,132.543968,79.49740748,2.258745,0
496,2.243801597,4.784863021,66.006243,77.06107191,8.252599,1
770,3.38405726,3.25134542,106.672908,80.02082069,1.678043,0
585,3.188286734,8.199123169,75.817947,88.48830724,11.497158,1
1051,2.472222762,4.459658042,130.687374,77.43391761,2.000477,0
823,2.605706851,12.60115915,120.867479,85.02059059,1.846967,0
716,3.568895727,5.312266428,79.533088,79.79241081,9.501486,1
655,2.298978486,7.06818006,73.429376,80.54501021,15.782945,1
641,4.333003294,8.515631333,73.232215,81.04273841,10.671464,1
740,2.303762518,5.533739511,78.457156,83.08821532,13.261317,1
844,2.244778673,5.635379359,85.803258,71.41283542,12.817803,1
1807,3.727537246,14.1404286,151.213977,90.36922152,15.801654,1
1102,4.19969754,8.594018607,137.658680,82.04109004,2.050322,0
609,1.986932343,5.911557269,72.786633,76.71593836,11.474030,1
857,3.831351927,5.561266916,85.769212,87.51319078,8.292858,1
545,2.059760722,5.192816665,68.023534,71.31093574,15.590861,1
1062,3.505451377,10.6759663,102.739210,64.56515493,10.879284,1
1131,2.508808819,3.53847824,146.768632,70.02228737,2.247258,0
870,2.79386594,7.302392432,86.727558,83.8800735,10.202668,1
496,4.130983299,8.779807104,68.047721,75.72165465,10.728129,1
1244,2.62269804,6.734493785,148.703461,80.75609565,1.983381,0
437,3.57372089,11.6261141,66.233964,84.03176324,10.956719,1
664,2.695342438,6.504262966,76.856558,77.57198357,9.585833,1
939,3.745621043,4.112282063,119.737219,80.18186499,1.742246,0
876,2.388290392,7.845205082,94.530645,75.92636551,13.925305,1
924,3.503636823,8.331432367,126.046942,72.25480208,2.212510,0
986,1.942899911,5.536674662,98.463424,75.72589961,14.581177,1
1180,4.757536297,7.083491927,149.171305,77.66952102,1.977969,0
701,5.140775691,4.190698705,101.810961,79.3772262,2.027427,0
671,3.891139206,5.835049981,77.979473,79.22413911,12.372495,1
468,4.652435933,7.387504495,65.963366,75.26056153,9.654781,1
438,2.549719908,2.511656714,65.264340,73.31035807,14.755732,1
564,4.466341634,12.28087132,99.424072,84.04514084,1.715106,0
1055,2.350579157,5.377645553,138.180062,77.79360383,2.005555,0
913,2.118020498,4.401607243,88.841446,79.75941794,13.208827,1
943,2.754325458,6.749639188,131.657771,72.42308028,1.970506,0
1328,5.228626932,6.658992046,156.603492,78.90993998,1.957545,0
1033,5.31543275,8.592938962,138.992474,80.88523742,2.287353,0
749,4.004925144,10.4608762,112.086162,84.59353089,1.654945,0
867,3.689791422,4.967079187,117.340738,74.00223888,1.688732,0
728,4.959775303,10.05910744,104.107682,70.34910991,1.789807,0
1727,3.131417882,10.06651319,147.997144,78.13494824,14.449589,1
785,2.822695859,5.155622487,85.405060,74.77856767,9.437325,1
1056,2.794223696,3.956211378,140.469933,80.65369604,1.899900,0
1234,2.981909274,12.63864452,113.190614,74.82047801,12.218913,1
1227,3.940626661,10.92096968,149.285624,80.76538526,2.261483,0
788,2.381806247,4.507775548,110.858142,70.28692613,2.020553,0
758,2.489096572,6.01154008,83.473412,75.42045839,11.863459,1
1016,2.959178551,3.723164495,98.012339,88.48879147,11.531893,1
989,2.226645501,4.804791108,127.819112,77.09350566,1.945280,0
713,2.915655458,7.350828619,80.708302,80.66400936,15.349323,1
496,2.325606557,2.679709168,93.291620,78.92387811,1.480196,0
729,2.443082461,3.569613169,77.370243,85.49738395,8.243447,1
968,5.188625628,6.270315745,100.231782,65.99415978,14.108090,1
775,2.980303187,5.28891295,108.853298,81.51293934,1.771281,0
910,1.967138647,6.355524867,116.886715,72.26941521,2.055396,0
770,2.529830793,5.465059657,82.010945,75.88448659,13.487298,1
779,4.192865351,9.923987128,83.941517,70.22920585,12.641329,1
1113,2.588230063,8.252508528,101.785519,86.36104026,11.374649,1
493,3.502777152,3.242639921,66.611674,82.06761295,8.398274,1
908,4.310204122,6.312015816,127.091795,74.12356306,1.802611,0
646,3.106196639,4.611090903,74.719677,86.15051843,15.739469,1
672,2.32605535,15.00622807,80.111718,86.90970581,14.847532,1
491,4.366642917,6.027272684,88.219485,71.84542974,1.718753,0
850,2.656819448,4.487179536,91.781008,87.95864538,13.555569,1
959,2.508923105,4.144428464,93.981303,79.4664208,12.829933,1
819,3.329368548,8.768221001,83.518090,75.29174797,8.375936,1
1118,4.639605027,6.793962355,107.561115,77.6916399,15.075269,1
895,3.148692434,4.657545862,91.098847,83.69427403,9.096835,1
591,2.761086478,5.205312086,72.611808,81.32327912,10.298717,1
596,2.377026133,4.259547464,70.691820,77.17053556,13.037656,1
1387,2.275494853,4.467212029,124.549765,73.47308088,14.314391,1
766,2.729667468,6.526565475,79.791746,78.0296752,11.739049,1
419,3.985887617,7.982368251,61.013937,80.88261725,12.669388,1
773,2.122444506,5.811515566,85.338788,79.16578699,13.748314,1
566,2.626329623,4.498955993,73.070411,81.79986657,14.835419,1
469,0.792881489,3.320240955,83.562959,81.49200185,1.653411,0
793,2.54875706,5.623915517,118.075189,79.76490726,1.654000,0
575,3.053737561,4.842039906,68.651438,78.34725982,12.638645,1
790,3.728301954,9.260903495,115.525429,83.73275861,2.037542,0
625,2.294546128,5.764743341,97.068888,76.8426266,1.554857,0
1207,4.086940707,7.139836656,145.575103,80.5158562,1.846061,0
1103,2.681551515,4.254654193,143.620780,90.17093883,1.962349,0
515,2.537223556,5.157854314,70.843451,68.8768363,12.228078,1
469,2.353411202,4.812231902,64.607427,89.32162689,12.303984,1
793,4.863275896,3.840321356,87.359218,67.6456574,11.111279,1
1219,3.534511647,5.324804442,115.169849,86.81848038,14.356056,1
1281,3.713698073,4.722817251,111.976626,74.3908457,12.127744,1
742,4.164480307,5.912943638,78.948348,83.79212485,13.063830,1
818,4.270126792,7.289245084,90.333624,90.17590564,12.293260,1
786,2.148277987,4.961638494,88.421050,78.05040425,13.412581,1
1188,3.193229919,5.985348266,148.709162,80.98364135,1.794096,0
807,4.332960574,6.131091036,114.285463,79.57285341,1.957059,0
948,5.008724434,7.620823183,121.993975,73.9502945,1.785389,0
669,2.567109319,4.835983865,107.076256,86.72214731,1.600601,0
772,4.289009036,5.147458553,117.322094,72.20830312,1.983649,0
1272,2.487722975,6.201752963,157.268707,84.73806416,2.011587,0
571,2.398626238,13.11337767,97.939091,87.42785403,1.834864,0
678,2.881715196,6.625433849,79.248815,79.27471851,15.301776,1
1457,3.828955562,5.988194623,159.154325,90.46501369,2.256367,0
1182,4.632764933,8.133636369,104.163318,83.41833933,15.527510,1
727,3.473620845,8.369935497,84.031295,87.40956518,11.371125,1
726,4.505772998,8.737894707,81.197999,83.5370115,12.381893,1
705,4.856314981,6.228000707,77.720554,77.87114376,11.093318,1
649,2.402906215,6.599094537,98.285019,83.53906904,1.881961,0
852,2.399296696,5.423045006,86.526752,80.17966073,9.623267,1
687,2.786011084,3.598678155,109.539434,81.02542684,1.945042,0
1077,2.349536613,9.083034779,142.556057,82.30114607,1.947446,0
540,2.128739979,2.860023101,92.905039,74.62319491,1.595338,0
674,3.091649428,4.374950404,75.562357,78.49543914,12.381341,1
526,4.866115234,3.88441481,69.445730,77.70955787,14.138077,1
829,3.736467238,5.939747923,110.592655,72.60017326,1.902975,0
1398,2.331350653,9.947143241,164.837384,88.30997313,2.220634,0
526,2.616772334,6.075384154,94.142847,84.82992755,1.876732,0
515,2.276880306,5.903258497,68.872026,78.06543861,15.139898,1
687,3.644117127,7.678730165,79.639020,74.96335689,14.044921,1
708,2.952594528,2.74168756,79.761706,81.35474765,12.558657,1
1660,3.538627495,8.947378925,189.613138,77.26403286,2.033571,0
1398,3.97481469,6.205066425,154.061152,81.81031582,2.179864,0
605,2.537823493,6.773409707,70.452712,74.82230072,11.424240,1
806,3.565652185,7.266656726,88.249604,74.40495384,11.532759,1
1349,3.278964333,6.405272565,117.804002,77.76497907,15.166676,1
470,2.194551394,8.769584039,67.618325,87.21525448,11.104779,1
768,6.560668993,5.838059758,115.961327,72.4520344,1.718199,0
816,0.687282675,7.151105073,118.406651,84.47345963,1.664621,0
781,2.710783266,6.597656053,83.980335,80.06364519,11.891852,1
499,3.846007908,5.609317611,70.498747,81.73857661,9.672040,1
513,1.836661872,5.477410929,70.568025,72.43380671,10.356481,1
795,3.656956183,6.081633432,83.821004,68.68361693,8.154789,1
1020,4.434092249,4.847667452,97.823867,87.33476857,8.889326,1
1014,2.94353887,8.485705008,98.889784,67.51398777,9.733622,1
517,3.180159814,3.765969547,70.691747,81.96807828,8.178566,1
1039,3.45875088,5.953781699,97.844171,88.8190608,15.989082,1
524,2.55877304,6.155713667,71.269832,82.61633966,12.172040,1
877,2.645141192,4.907181129,125.429124,78.94433959,1.857716,0
413,3.860576814,4.920866871,63.448080,75.21841526,8.686562,1
852,1.826802862,0.003187131,114.056548,78.05077611,2.193455,0
670,1.983740892,5.947357289,77.318707,76.20819646,14.648743,1
719,3.774826185,4.936960388,108.048769,77.90499174,1.928677,0
954,2.204315656,5.387525078,97.532417,78.18106279,13.140736,1
741,2.793905788,5.253748161,78.390343,73.94592863,11.617821,1
517,1.845045939,4.534602727,66.966234,79.63173554,11.197310,1
826,3.715460665,11.30668006,112.615802,82.09605731,1.884812,0
544,4.290421181,16.227151,71.071912,77.88293501,10.592114,1
1382,3.048306591,7.665496967,164.100547,81.66520154,1.935935,0
466,4.894282329,10.3611782,64.626883,66.04671856,13.254497,1
1056,4.276375288,8.988254734,100.875191,78.43455465,11.160583,1
697,4.482707918,5.159415071,76.227054,75.35418676,8.845056,1
531,2.694782092,12.0635247,66.248852,79.89460594,15.408679,1
957,2.864088192,6.208948057,90.212099,84.53968777,10.126798,1
971,2.946072004,5.0351163,128.408444,75.3112586,2.018559,0
667,0.738237289,5.274384744,100.312593,79.50430881,1.775309,0
263,3.862945291,6.626397943,55.336255,74.34078828,15.506486,1
491,4.83502919,4.401501122,68.131888,77.332355,12.276556,1
661,2.004924887,4.58136473,78.420824,78.27335738,14.247138,1
1036,5.575966317,4.540204773,130.446031,82.05569896,2.032984,0
794,2.332406085,4.745694241,83.507721,94.73203425,10.704377,1
888,3.139702432,6.551796509,86.298114,67.6987335,14.108278,1
818,3.038169508,11.67876037,88.634101,70.72179288,9.374329,1
1018,2.402837964,5.319445094,102.999389,84.86589647,10.150202,1
1257,4.892976812,7.802080642,118.160202,83.3901006,14.121241,1
411,2.578600243,8.694304902,65.158650,80.80965851,10.771044,1
816,1.924260004,1.135958928,119.475648,76.67849713,2.190630,0
1047,3.8579817,1.043973677,128.183814,81.87436046,2.158649,0
675,2.981972448,6.744608491,79.634148,80.9633529,9.645378,1
1271,2.208065494,6.365017489,109.069810,89.80822088,9.514651,1
613,1.679778898,6.183396196,72.275420,83.93236968,11.207823,1
501,2.553048533,7.178855988,69.898059,81.89175886,11.770233,1
673,3.726864873,4.041011981,100.249910,75.17040555,1.970136,0
373,3.847930698,3.955485789,60.124397,80.58317286,13.683570,1
472,2.710397879,4.817587688,66.587103,70.56360483,11.327131,1
631,4.714755051,6.548680689,76.176213,85.32618807,14.894468,1
1164,2.740217401,5.702687732,144.651898,89.92085821,2.198749,0
1291,3.328626913,5.285341239,158.190318,85.39523795,2.150695,0
572,2.147612376,5.111289507,97.262219,80.5198258,1.592043,0
626,2.557805604,7.75692149,100.398075,70.1549406,1.920531,0
555,3.532592936,7.630853542,74.250133,81.84118972,9.805987,1
867,4.710664535,5.052482443,92.452502,77.85576137,10.258504,1
982,4.271196729,6.655296509,97.803016,74.17525215,14.145924,1
731,2.03936544,6.023242545,77.842343,79.26517284,11.336934,1
858,2.666972395,5.137033166,84.654211,70.68187891,14.485390,1
500,1.762382468,5.364880709,68.359629,80.75561017,8.241133,1
871,3.718158634,5.127574896,92.199365,80.40020404,9.113640,1
1683,3.267858326,13.8367306,144.419392,70.80225653,12.009619,1
529,2.500239844,5.339593831,95.207531,84.22327352,1.968259,0
855,2.320015565,5.93832487,86.613231,79.6153265,13.460318,1
508,4.031918428,4.908434867,71.348191,75.43517672,11.953260,1
374,3.590171969,6.755309928,62.263494,79.65709284,9.661563,1
552,2.555832792,3.59979091,67.139337,78.20585759,10.237330,1
779,3.961456938,5.094950671,107.455364,86.64385284,1.779183,0
919,3.067309088,4.245598249,119.801976,78.25507849,1.675519,0
764,3.145799799,10.72595417,82.205497,82.06624023,14.227315,1
561,3.133501417,6.004069023,72.729993,74.35186651,14.337487,1
532,2.375175803,6.44443357,91.740581,83.7870377,1.471390,0
740,2.888374688,8.184866145,85.239760,64.01447954,15.492556,1
715,2.399255559,5.343956719,78.814148,81.96133898,13.045355,1
789,2.659699125,6.62027882,116.119420,84.90969208,2.113788,0
574,4.942479061,3.019365843,68.525328,78.47104117,10.949755,1
464,3.757133291,11.50117196,91.390966,88.30011807,1.856819,0
454,2.327992903,10.40244545,62.298950,67.30905275,8.526821,1
782,2.872249511,5.408096964,81.760544,74.97319988,13.622927,1
612,1.857465945,4.196580789,77.146186,72.85702796,13.061869,1
942,2.152104738,2.151287005,90.568853,70.29939587,13.572855,1
508,3.47470785,6.456451759,86.490174,74.87183773,1.801671,0
594,3.82445029,12.61343521,75.884114,78.93312543,15.519165,1
571,3.028563827,5.859666141,74.242680,84.72947269,13.868948,1
806,5.024187072,18.50018138,86.838580,78.54727467,9.671226,1
568,1.696736837,5.110855817,70.412171,66.18927678,10.122231,1
587,3.502165822,8.624215622,69.093577,81.92667797,12.458470,1
956,2.168565015,7.677495244,124.076845,74.61061743,2.150957,0
657,2.468920686,5.516645965,102.814718,79.1811119,1.588661,0
864,4.466683394,6.941708475,90.308606,84.55886539,8.745115,1
808,3.960613764,4.504152262,116.325812,76.27150327,1.983393,0
612,4.764782691,9.149370388,99.049213,67.5495656,1.983318,0
660,2.114298806,6.695009202,78.898094,71.29668676,13.798166,1
1010,5.105072442,10.20917435,131.752277,71.30325998,1.994245,0
649,4.820881546,7.456013864,73.673783,82.53660374,13.038771,1
1049,3.651193555,5.806992549,138.844716,75.02968912,1.771153,0
543,4.230492259,5.838544133,93.769866,76.16056605,2.046429,0
596,3.126123146,5.779391965,75.027346,66.10565024,14.336133,1
681,2.310053661,3.634023682,109.334319,73.09618128,2.127391,0
1061,1.849633246,7.928720321,101.649092,87.80015827,11.920222,1
553,4.892866116,4.492837817,94.588675,67.65733152,1.688451,0
769,3.843640715,7.105046242,86.117078,84.96245398,10.380873,1
1302,2.31405898,5.586128132,113.747404,88.10007131,11.693672,1
539,4.662042471,4.25991694,67.714014,83.67923363,13.408031,1
449,3.510673531,6.785289249,65.052308,80.92323792,13.518672,1
1613,1.998515077,4.522800324,173.394031,81.25202933,2.598248,0
756,4.076108205,4.8538252,82.008280,72.02944662,9.132644,1
1117,4.054630869,4.495934042,144.028371,84.0605855,2.094590,0
475,4.777407807,5.771185437,87.867797,85.40652491,1.758534,0
922,4.91043433,6.103711421,120.162309,83.79868937,1.981541,0
918,0.025207256,8.142067236,118.959402,89.74753635,1.932347,0
648,3.986151985,3.097112308,99.038027,81.33392251,1.852081,0
970,4.961005099,8.157987971,93.922006,76.08552004,12.829920,1
507,2.96589315,7.54517936,70.459936,79.95185827,13.375195,1
1606,1.955813765,5.766779984,139.424459,74.1034024,12.007980,1
809,4.583178824,9.377042058,89.808262,71.24863245,11.277911,1
478,3.362141837,5.654179625,65.957086,65.25313333,9.304652,1
518,2.005426467,7.49208074,91.138698,70.74935493,1.495878,0
890,3.88657045,10.7916267,87.839144,81.79771113,12.561539,1
971,3.188931751,5.97435703,98.743527,78.90350515,14.501857,1
497,3.43483629,7.768569784,86.943241,80.07391784,1.615737,0
546,2.984033385,5.578544357,67.232133,78.08920009,11.405331,1
627,5.60471748,3.349248123,102.108272,85.71838028,1.694639,0
831,2.075424245,8.297277604,89.324681,78.49535771,15.590605,1
507,2.823584321,6.576926433,91.545333,86.78133821,1.592303,0
528,2.550320773,3.468508206,67.186210,75.89856528,14.657701,1
998,2.430570799,9.205418511,134.890016,87.80842318,1.730484,0
564,3.046059469,6.657202349,70.099043,71.8923254,8.102843,1
702,5.365831408,5.700629001,111.444495,78.59408637,1.680213,0
508,2.069492302,5.3595443,65.786052,63.58066203,14.882176,1
866,4.544643786,6.761509561,116.511445,74.98903787,1.651608,0
732,4.289154334,4.730034836,105.947485,85.61573715,2.088065,0
725,2.765599615,4.127918921,107.399594,70.67689584,1.602441,0
629,1.844226502,6.115239181,97.386098,79.32150025,1.686990,0
446,4.185304027,11.99438923,61.751906,79.06741642,13.771512,1
461,2.901166292,6.379726424,64.319398,86.57240597,8.204490,1
725,3.052193669,8.072748788,83.434376,85.03504548,13.988469,1
1212,5.051066042,6.867927784,115.662563,79.74877501,9.663121,1
1093,5.374829285,9.821654033,98.813393,71.39594257,9.571616,1
517,3.914268713,3.807143139,88.494819,81.25794775,1.909361,0
1131,2.381711601,3.722171718,137.117826,84.78013048,1.955749,0
585,3.635028968,5.104325758,72.781362,74.17919888,13.467411,1
990,1.969611802,10.02853116,130.053054,80.37135723,2.180270,0
753,2.532669076,6.100375449,79.624918,78.2359501,9.046469,1
556,2.224514739,5.926193956,71.966596,70.36676079,10.739133,1
616,2.366881072,4.142436546,76.620185,81.61105529,12.363725,1
1080,2.694133543,9.148906845,137.419775,76.70144082,1.988615,0
502,2.510157415,4.508193446,70.731308,71.78066044,10.837635,1
630,4.361877252,3.164085059,78.878749,72.59234712,10.372696,1
811,2.557436095,4.423933694,110.759459,75.85263274,2.201102,0
729,2.173202336,2.613106079,80.128818,91.12922978,14.328069,1
1912,3.721669999,7.599550698,194.138570,71.41469657,2.668897,0
1253,3.089959018,5.634263437,107.296643,70.83424281,9.051887,1
799,2.553811264,7.243218173,85.851119,86.31848073,11.387910,1
725,5.179235497,6.560283763,108.205275,81.90395732,1.612507,0
782,5.01785876,8.369677215,86.304360,86.96618046,12.608859,1
1249,0.298440123,6.773670415,112.550605,86.33628199,13.344103,1
524,6.005064673,6.858980356,72.250653,76.50223682,11.977737,1
712,2.169934076,5.002798969,110.739678,87.63512151,1.990407,0
765,2.319332761,4.87840009,116.659526,82.6826629,1.585174,0
766,4.273439381,10.87660182,85.479397,64.73573978,11.794661,1
514,2.505150327,17.76136806,65.488648,68.76267728,11.534433,1
604,1.955472608,3.530777452,102.613552,75.22733861,1.673248,0
453,3.648446334,3.746483381,64.673423,80.31096179,14.216385,1
840,2.574044629,5.26762219,115.454436,79.62446236,1.773938,0
420,2.04768311,6.693278733,61.438235,78.5131124,11.366499,1
1106,4.587394618,6.958868389,139.838253,70.10566927,2.236145,0
439,3.399761829,4.800367309,63.126746,77.04090606,15.324696,1
728,2.985200473,5.199134835,81.462335,84.66916689,13.766888,1
586,2.504293363,6.584434765,69.480808,76.9828438,8.266984,1
745,2.463758124,4.422191879,110.222584,78.58055412,1.927680,0
894,2.577115866,7.534325819,118.504051,82.95812684,1.820013,0
626,4.70852276,6.508971277,98.009874,79.95537114,1.975581,0
1048,4.586178638,5.968857443,103.938454,73.78298868,15.855760,1
866,4.221592841,9.860385799,92.699992,76.24198244,9.763669,1
586,4.068135508,5.859552155,97.778854,77.12418178,1.847840,0
869,3.905235219,5.31025725,86.707750,78.79049062,10.988382,1
815,5.712042811,5.510682906,86.944296,88.94956561,12.317377,1
1376,4.961996545,4.651270341,162.722825,74.83484874,2.173348,0
534,2.429002808,5.262934728,70.112408,75.78227943,14.008776,1
616,2.977010337,2.323353036,72.575326,77.1261818,15.210650,1
925,4.278984736,6.031416741,128.177977,77.57617816,2.127715,0
694,2.928882065,4.656211384,104.349465,82.37136331,1.979549,0
662,2.774692646,8.75979063,75.468951,86.18190153,10.435043,1
667,4.770098699,10.15855026,74.502540,82.8399605,15.250165,1
561,3.638480822,5.429135428,97.258418,67.9852639,1.737822,0
780,3.625145574,5.22317348,88.258887,77.74760676,12.732895,1
928,2.09883076,7.339936282,128.168637,91.21471915,2.046697,0
1209,1.955752111,13.12674535,152.766915,80.15683607,1.863511,0
641,4.318045429,4.796696381,77.619977,79.74480418,14.828892,1
891,2.481636176,1.846970622,123.420373,79.34840012,1.930401,0
861,3.03214127,2.268929917,88.598844,72.02351418,9.899029,1
1054,4.1518404,4.892278929,140.294664,78.77766714,1.952060,0
790,3.788462159,8.991464605,109.723600,89.95093621,1.757451,0
969,4.074987667,17.64107325,96.274246,76.93758625,12.037304,1
713,1.996322456,13.32249411,77.745250,89.46980839,14.119536,1
770,4.645364777,11.16658081,113.790494,64.65857704,1.742853,0
752,3.630736051,6.404392137,81.788503,75.25594373,13.907166,1
625,1.990927765,4.608575394,96.008596,76.73183807,1.592657,0
769,3.537460581,10.65532883,108.986972,83.02073397,1.825179,0
766,2.888299374,14.79536963,86.347831,70.70639254,8.374504,1
534,5.094038336,9.670051549,69.495140,65.41637571,14.028171,1
548,4.439482769,5.39262998,70.780723,71.09160081,8.413807,1
829,4.266605123,3.053007799,121.675249,85.2738571,2.153570,0
406,4.378490468,6.101788116,60.543037,76.47027467,14.112085,1
1246,3.170115975,10.77260786,156.840249,76.05543672,2.125201,0
542,3.585868899,6.810440108,72.776061,77.23080657,8.762692,1
722,4.516117648,7.795030759,83.387720,84.9678848,12.720508,1
743,2.376817768,5.291481576,108.368690,81.93086233,1.682046,0
736,2.673269827,6.969050076,107.701846,86.45018066,1.703086,0
1059,3.238265716,5.291545271,104.163405,74.43321333,8.826610,1
567,3.171166715,3.923979679,94.534476,82.36130514,1.812532,0
1345,2.905515913,17.43503347,113.206546,79.9954413,10.066050,1
586,3.17119972,6.422134688,72.372907,80.72852042,11.503077,1
1597,4.964396525,5.643628475,174.116694,88.90782023,2.507145,0
810,2.272793125,5.347746017,118.006512,88.7925177,1.846986,0
476,4.566596382,8.132827091,64.011146,72.58094682,13.494450,1
487,3.783765839,8.63043842,63.654103,87.39943575,15.298966,1
1160,2.165160045,7.00132985,148.882673,88.06927512,2.210655,0
894,2.347229345,4.595630712,86.853551,73.95019014,14.795530,1
474,3.450652013,6.647112363,69.071961,79.67996229,14.283353,1
1368,5.263058266,10.77217076,120.909569,76.97505455,10.427101,1
833,2.439080183,5.634983097,120.846750,80.02825876,2.081078,0
506,3.835085734,4.604191085,67.623435,76.6146009,12.629305,1
541,3.289524032,7.110999057,67.301107,76.25447688,14.391957,1
555,4.796375144,7.075026944,73.893431,74.49854035,11.879488,1
1237,1.936931367,7.956153062,112.443186,77.87235727,14.528161,1
396,2.399426756,4.804896005,62.495813,77.32835525,14.673977,1
511,1.069120646,3.859004717,64.828401,87.24563097,12.369939,1
975,2.110630828,5.837243354,127.153271,81.22073152,2.175194,0
666,3.995585556,9.824106527,77.918038,89.90083727,8.575496,1
651,5.800041908,4.207633996,73.523719,78.29066278,11.145587,1
571,2.327885679,10.58046892,72.607692,74.21500171,12.456274,1
1127,3.974349936,5.668107334,140.852860,75.44876305,2.160704,0
348,5.007007816,6.471506702,58.726040,71.03096902,10.467901,1
805,3.113242914,6.866136416,85.426320,73.03530878,9.367408,1
812,4.003684177,6.956192836,120.692251,79.8899361,1.724784,0
612,4.442201351,9.970847628,74.259288,74.52376096,7.962989,1
381,2.834194361,7.483756732,57.445284,78.54750893,8.430843,1
1113,4.928394566,7.255593052,104.637344,76.54040831,10.050833,1
1171,5.705218389,7.780055676,149.262400,78.56093948,1.876382,0
977,2.299655748,6.072880568,126.117738,81.87079051,1.889065,0
841,2.182049011,8.047473722,86.894208,82.91668446,8.908012,1
553,2.194783861,6.290061279,71.419757,84.55689091,13.028248,1
628,5.249269017,4.533952983,100.442336,78.49302377,1.745698,0
1249,3.777801331,4.314360839,150.892211,90.53881772,2.256664,0
1077,3.128915505,11.04644849,103.410515,77.70404625,10.273742,1
1050,3.441319288,5.183834177,98.462268,86.83768157,11.729578,1
856,1.842925797,5.728092813,91.289278,91.13586415,11.964710,1
688,2.499698106,5.624984422,75.075998,74.96663059,14.632619,1
1495,2.247080889,5.501933411,176.972260,73.1886299,2.084664,0
550,1.75393283,7.608050938,72.014057,69.40460111,7.851544,1
502,5.170276043,5.95599284,86.778642,84.68457621,1.712382,0
659,2.181265247,6.57242179,73.482234,86.69867619,11.908983,1
803,4.265807699,5.328792676,82.734354,73.02327331,12.406251,1
581,4.673194032,5.43569624,68.910401,83.80354985,12.246933,1
1024,5.111173183,7.640231413,101.773223,81.08863251,13.595819,1
739,4.531783895,6.711863257,79.337798,65.55175529,12.568344,1
699,2.860067768,7.087563941,110.134814,80.44787927,2.097292,0
993,3.376787662,5.093312974,96.326950,80.01967284,13.630501,1
768,1.98469343,5.767271086,82.439136,82.29877573,15.548987,1
1006,4.335954303,3.646078406,125.608096,78.58147221,2.190393,0
829,2.745890152,6.401341094,120.556428,77.03523761,2.158006,0
790,4.245961076,7.812680735,86.908478,90.82081111,10.801432,1
976,2.294180227,5.901785661,95.001767,83.30364419,14.881538,1
758,2.650705533,6.836627514,84.895826,85.01224656,13.272091,1
524,2.809643027,5.115038441,71.494686,80.15525904,11.052897,1
746,5.135425134,6.23788377,82.638637,80.70136853,8.407662,1
534,2.629946721,1.078688645,67.872119,83.86771064,8.925741,1
902,0.53668586,5.089303526,117.968656,76.68535089,2.050212,0
2047,4.176120107,6.366312325,203.381062,80.551684,2.306333,0
1168,2.624953426,8.226870825,141.118681,83.4199954,2.172901,0
533,4.182577794,4.031174437,66.637456,75.38016176,10.337642,1
767,2.403007614,7.840473892,116.741639,81.31256027,1.806957,0
840,3.209425206,2.808206081,113.409971,72.04345489,1.940123,0
627,2.401572724,6.791072415,95.185176,75.99220061,1.980683,0
553,2.999496611,11.20441596,69.290742,75.80587315,8.157233,1
378,4.292083138,4.349342004,57.505364,88.48737695,10.550838,1
931,4.467224849,8.536735813,119.577723,78.84745981,1.896538,0
523,1.511865655,6.046909377,69.939415,77.83806392,12.883120,1
568,1.694807429,12.34896835,68.637756,74.46625446,12.337076,1
631,2.389285562,2.134657416,75.503305,87.52512693,8.786187,1
1101,3.05833792,6.931112047,108.003660,84.15452158,14.024918,1
966,4.558405317,4.413288269,92.173788,81.75038651,13.945209,1
929,2.354799955,13.19194446,127.464462,93.28148002,2.081587,0
1224,4.39795887,6.005172951,150.669875,74.27548931,1.958050,0
996,1.784253313,4.658085916,129.367922,90.49087338,2.277264,0
495,2.842188453,4.035040682,64.116326,71.28597997,12.841137,1
736,4.593118106,12.24347078,104.708828,73.72662232,1.744476,0
1143,3.117507112,5.000723758,143.235258,73.78270589,2.156502,0
976,2.98053846,6.51202271,127.743007,83.70739436,1.795184,0
426,3.569801097,4.567844304,60.336511,81.79601718,15.042302,1
451,2.72752784,6.166556107,64.441670,73.96624696,8.617272,1
972,3.124398592,7.207696547,92.214957,66.75721141,14.845921,1
1127,4.119129043,7.851667349,101.785342,73.51579975,12.683069,1
679,4.586441912,6.338093974,77.204021,79.53647865,13.290531,1
1329,3.588706331,6.446180933,119.185368,76.57936056,11.370838,1
944,3.535685798,5.684736638,96.280054,72.71811629,12.988142,1
754,4.856315509,3.339205852,108.680451,86.69153908,1.878772,0
734,4.366980256,4.518056268,78.254286,70.19807524,9.225644,1
739,3.135844815,6.194140531,80.458204,65.98435747,8.162124,1
865,2.583567586,3.733036846,120.313599,82.10004837,1.786843,0
667,3.279017829,5.889951215,80.100501,74.81657925,12.563531,1
868,2.271175904,3.158766077,122.206163,83.58071005,1.858923,0
1219,3.146836814,8.949971398,108.489113,72.53972606,11.041476,1
435,3.372937778,6.44656455,65.305321,71.52113101,15.594545,1
744,3.730724576,5.603028505,79.677516,72.44687402,15.189324,1
782,4.901958755,5.18783353,82.874486,79.27569965,15.526342,1
1026,5.718340188,7.492429949,97.070678,78.89482685,13.701289,1
993,5.200199423,6.548924664,95.323607,74.07118833,12.073688,1
699,4.167212152,4.943407012,82.476388,70.95766324,8.130488,1
992,3.293105876,7.985926064,95.633761,67.52928318,15.814113,1
702,2.513481039,4.052145697,109.749089,85.81556228,2.004833,0
978,2.007255146,3.794500341,127.891482,72.71020992,1.715774,0
563,3.027065118,14.95024335,73.841771,76.91355587,8.610178,1
792,4.879124551,3.921908699,110.974893,85.56519045,1.855485,0
396,5.223596477,6.168522685,62.080585,78.72115346,11.155189,1
624,2.555692937,5.914550129,98.170782,69.42893575,1.517342,0
609,2.400206963,3.572434904,99.328077,81.42696729,2.053516,0
967,4.074827896,7.258132614,126.426960,75.99114575,2.243127,0
673,2.666703511,6.794246254,75.527096,87.65960147,14.385162,1
458,5.09348572,13.3621429,61.770711,85.60081486,9.038634,1
802,1.792885643,5.180774682,83.595595,74.31600364,12.150505,1
775,2.113840218,6.159451277,111.057785,76.36321461,1.808481,0
638,5.078508159,5.132750731,96.554439,74.5041165,1.954049,0
659,2.811471732,13.13086292,76.400358,68.01697804,15.158912,1
952,3.981049318,10.04483376,124.001467,79.61737473,1.763935,0
960,2.503391292,9.117413205,98.097904,70.60908261,15.567921,1
1342,4.351756136,5.274754554,150.033448,75.92623309,2.334879,0
1036,5.636036612,4.329150006,138.707716,78.35176084,2.240993,0
738,2.690923277,5.1663932,80.444151,79.80369322,10.621923,1
736,4.046214729,7.696724703,85.046204,78.17065316,8.536646,1
817,3.852041766,7.982632385,85.950638,81.10497535,13.715863,1
589,2.506649242,12.49930084,70.581871,79.83050859,13.070353,1
774,2.972352783,12.65763674,85.314098,66.95157879,10.339192,1
619,4.440160925,2.447053477,73.420372,84.03275301,13.872675,1
811,2.831072786,5.539920938,85.351492,72.30544641,8.566671,1
566,4.014289966,4.461556717,91.020699,82.32487865,1.847052,0
676,1.923723988,6.504683053,108.818364,78.78522328,1.620077,0
1038,2.589778517,4.872697438,137.178548,84.99748923,1.739205,0
399,3.103702284,6.128580399,63.222473,71.76049922,9.617187,1
1327,2.551879589,4.101574391,161.147211,71.97270826,2.224371,0
513,2.411272703,7.567013806,67.778663,71.70386578,12.422647,1
1021,2.692710252,12.7151717,132.281083,81.02396772,1.975339,0
834,3.328453628,6.832891443,91.913992,72.16206506,9.329537,1
503,4.311110432,5.254369745,66.179284,79.43823439,9.477965,1
375,2.680861624,2.653229466,60.275552,89.42165757,13.125182,1
740,2.49829059,5.350249239,81.106576,68.76163926,14.171654,1
401,2.798636208,7.322130454,62.611180,75.18383841,11.300600,1
509,1.989650257,6.978370546,67.396046,77.81108232,9.799176,1
1262,2.804673107,15.75650975,117.005958,82.02396855,12.482752,1
997,4.21677243,4.157443188,135.293069,77.4293489,1.946870,0
906,4.133863124,3.83336256,92.105278,81.03108491,15.185394,1
1162,2.730502575,5.852378055,137.136944,73.03311378,1.971114,0
896,2.589202705,5.087300027,115.620563,69.35542797,2.177068,0
466,2.406792197,7.45346918,68.051485,88.49755744,12.448139,1
501,3.562272319,5.90219685,66.487289,76.08326865,8.878805,1
453,4.621983296,4.563462708,65.545592,87.03672229,8.956396,1
813,1.948646894,1.924377667,112.078292,76.98057024,1.991628,0
619,4.478510777,13.59343394,72.008250,70.88431369,9.012127,1
801,2.13668783,8.44287212,88.574831,75.36186169,10.200721,1
954,1.167248013,5.211569122,123.745602,74.73210013,2.090411,0
993,2.425632788,4.95113772,95.186668,77.69336667,9.770880,1
678,4.196692585,5.331778938,79.412710,78.03876365,14.376932,1
759,2.479499744,5.442148259,110.839610,85.33306315,1.772692,0
1063,3.144256422,10.20994313,97.851062,85.34920021,12.258303,1
604,1.964484036,11.48126412,99.576345,75.32695885,1.672222,0
928,3.001053287,7.215434438,89.881885,74.4112942,10.030589,1
682,4.171318191,7.306147879,107.653373,78.87551832,1.808589,0
365,2.562178732,5.598048209,57.250178,73.67315682,12.641244,1
628,4.333345578,7.417077259,71.479852,84.51404186,8.325140,1
731,4.08660317,6.764889807,104.680711,75.62216151,2.010695,0
521,2.571297589,6.79790632,92.225765,86.48441187,1.773434,0
650,2.514157064,6.753328199,76.303723,82.15558039,13.385566,1
1199,3.665485929,9.290389941,107.692651,80.88797261,14.107549,1
625,4.199611902,4.227676778,75.469923,82.24237851,13.612836,1
631,3.180472744,4.588038084,102.279883,75.28810956,1.748467,0
581,4.040043885,6.041512725,71.926715,79.89408974,9.967999,1
1339,2.815438338,18.69047231,160.453974,83.05784836,2.122805,0
823,3.873634235,4.861403675,114.919374,83.36729859,1.676823,0
653,3.173800571,5.485897459,107.070058,64.88437128,1.726112,0
811,2.970151425,7.677519074,83.637437,78.33653907,9.495418,1
780,2.312662495,1.256261701,114.873703,75.00601629,2.040047,0
986,5.425634752,2.169194498,98.411043,76.30311221,11.100168,1
601,3.712667953,5.238307401,74.672810,79.25263267,14.125607,1
600,4.874576621,7.701993673,73.530251,87.88207796,12.577978,1
602,2.686743976,5.504906701,74.659314,80.26077806,11.920520,1
857,3.742305246,6.523919013,119.757675,74.49921591,1.911723,0
1500,2.873797682,5.017407852,167.444455,85.55634761,2.170890,0
855,2.387460491,8.889988978,85.798744,89.42241841,10.114446,1
552,3.768027534,6.628678437,69.209843,76.91093963,8.196544,1
1097,4.153074015,4.625568721,136.097362,78.84603869,1.905123,0
777,2.430306091,2.658692143,110.664039,81.57992356,1.811280,0
956,3.801882996,5.681047423,124.068534,73.15738651,2.056136,0
1132,2.786900216,5.137874341,142.180266,74.79657654,2.348861,0
437,2.771562128,4.244953354,66.537302,82.72668941,14.071612,1
763,4.859958029,6.103806167,84.181812,86.04056706,12.138583,1
625,2.444818248,6.9115624,78.291955,84.99853062,10.099231,1
1411,0.014064288,6.927239176,117.811307,82.2631415,10.820346,1
663,1.762984054,18.20161034,74.911762,75.57860099,11.516528,1
512,2.490928602,13.16206716,93.450832,82.54192179,1.926482,0
570,3.404578453,5.855533382,69.688858,74.11618749,10.668523,1
760,1.881781387,2.417957022,107.310609,75.0599332,1.842176,0
743,4.127219914,5.508924555,83.754216,87.92407471,11.988297,1
640,4.774963304,6.6724714,101.572921,79.24520519,1.741704,0
735,4.479647526,14.00460586,85.380276,70.71555464,15.215753,1
522,2.648461826,5.816796074,68.050965,81.68155967,14.482381,1
680,2.922753562,2.813248571,101.367609,76.41005135,2.076525,0
1436,3.700468064,4.247554422,171.617273,76.65804218,2.360021,0
1139,3.651272349,4.0658457,109.189613,80.94676949,15.965917,1
401,3.128636523,6.470236169,59.823432,70.22823908,11.587178,1
867,4.402139494,4.659742339,118.254932,78.94503654,2.061109,0
811,2.307386884,4.044584026,110.762977,78.7091349,1.790168,0
499,3.939443814,4.604644786,92.619867,74.47337081,1.594230,0
1114,4.345886208,6.60209199,107.676911,67.34168821,11.552830,1
1818,3.751616349,12.11595172,194.237059,80.29973739,2.663974,0
861,2.800656627,4.493413967,91.268247,66.76317808,14.201034,1
838,2.910100885,7.110121554,90.867650,76.94462924,14.205734,1
683,4.49467265,5.886058243,75.462131,81.71859522,11.518788,1
749,2.09465646,7.120927027,85.410036,82.38670024,11.272235,1
805,4.964498087,5.07359145,116.687564,81.02745926,2.103689,0
927,2.655195937,11.25120583,96.740967,77.10182121,15.327675,1
794,1.922905274,3.693097102,108.963577,87.83706253,1.853543,0
597,3.134165064,5.948937486,101.187596,65.67286626,1.504078,0
1201,4.437675812,4.617074563,147.318380,77.17417144,2.277538,0
1127,3.944053799,1.587507207,138.007823,85.12671979,2.120681,0
617,3.089107196,6.001925429,74.108623,86.65046814,14.740679,1
1531,4.897552752,6.23430907,173.495011,76.4419299,2.098339,0
908,5.257288531,6.780644128,94.231134,81.44726163,11.586030,1
1094,2.996352818,6.615728966,100.801017,79.92480773,12.868728,1
706,5.33145551,4.60139567,83.180814,77.4937166,12.724682,1
759,4.800907389,5.964886453,111.165086,80.10064231,1.608213,0
507,2.273107167,6.723415245,65.898426,78.40990846,15.227388,1
833,3.872954689,3.859833498,88.174425,82.48088545,14.630020,1
1435,2.623801722,8.572543197,168.790045,90.04585756,1.921675,0
869,5.183221945,5.494319737,124.131066,73.18299708,1.767829,0
922,2.18630146,11.40159013,89.582038,86.12867505,14.794523,1
491,2.918117994,4.3371539,69.647191,74.51997189,8.750604,1
558,2.153878775,11.70002787,72.127615,82.07597913,9.222753,1
805,5.024510427,7.635230016,109.991167,80.52682432,1.822113,0
478,2.041667243,4.046967245,65.042105,82.06825428,14.317615,1
1148,4.289054836,5.107203394,143.758659,75.07952743,2.235021,0
584,2.647584706,4.175512517,69.377089,86.65000187,9.346203,1
714,2.728768387,6.673660838,77.494173,63.44282597,13.235529,1
468,1.310903387,7.569304861,90.496320,77.89104127,1.610019,0
697,2.449275608,4.424065691,82.569786,87.29506389,12.076651,1
620,4.590019862,6.099459269,75.824325,69.35708544,9.707352,1
771,3.178259929,4.289521218,80.943788,65.64138778,12.511229,1
885,2.410998201,7.308259456,94.232024,67.07188851,10.415652,1
1239,3.507959457,10.41309503,109.649438,79.42790697,9.153485,1
597,5.003699219,8.327548421,73.863960,67.06037262,12.153031,1
586,5.449272975,5.630844088,97.950226,80.25821407,1.588378,0
561,3.197550054,9.659437618,74.167354,78.28139702,14.289028,1
469,4.328405379,5.216832349,63.246912,78.95197818,10.447843,1
827,4.313316622,5.883723802,86.726665,75.50174012,8.956369,1
1051,2.025690298,1.579126758,133.351687,76.79087636,2.107242,0
906,3.840437211,4.334232164,128.272173,82.34794381,2.176465,0
1514,3.338063221,5.319598267,130.133131,81.09809522,11.597056,1
860,3.752951835,4.133498041,86.913158,73.01185898,10.258592,1
1041,4.123968475,4.61099893,98.730628,81.56361242,11.604212,1
397,1.935581809,5.737016106,61.446582,75.08744138,13.785469,1
477,3.035821864,13.94344149,68.950408,72.25200222,9.329494,1
606,4.18573525,9.353593351,73.945657,84.87634291,13.214262,1
1143,3.028660934,3.849784747,138.562638,77.11733068,2.226445,0
782,3.866421806,8.157972382,83.739668,78.2760216,12.598302,1
468,2.989145428,7.634780461,64.847127,70.86934932,11.396990,1
1028,2.993768547,4.795365466,97.459878,71.27917895,9.391129,1
844,4.660272943,6.48573553,89.134792,80.02743059,15.184313,1
816,2.999321934,7.686283146,116.834938,79.50207755,2.038496,0
509,3.782254644,6.027205724,70.927580,83.57087912,12.121229,1
707,3.111563364,7.506011805,77.591706,74.99679528,10.726209,1
663,3.356356875,4.906609424,105.852771,79.16789258,1.655470,0
991,3.924565924,4.300482668,127.299675,76.46696057,2.027198,0
662,3.482243793,4.916336505,76.034718,68.96206196,11.723467,1
674,2.665403476,7.237549387,78.027592,74.34894434,8.751198,1
680,5.44597708,4.71994652,80.792697,88.11574939,15.726493,1
697,1.912416427,5.999683934,101.531366,82.30372906,2.137723,0
633,3.269891023,14.05924002,73.600447,87.96347808,11.862946,1
465,3.548107165,4.559597514,88.611139,78.46400968,1.951755,0
721,1.014730069,7.132947666,84.469416,71.82888028,10.932153,1
502,2.946512188,7.823295904,64.307154,85.89501372,15.430130,1
517,2.689715155,5.210714194,93.202093,80.05967356,1.607721,0
670,3.660511061,7.06750369,79.846808,81.66332159,13.122697,1
565,5.254787202,9.794651823,69.772824,74.08995748,14.401293,1
746,3.988720252,5.12021166,80.471369,76.06440356,15.217532,1
785,2.984588757,5.878819309,88.562803,75.56922539,9.197169,1
832,4.845696997,5.581214872,86.464920,79.20674235,10.796454,1
601,2.706783514,4.511191292,76.607364,78.51112431,14.433857,1
863,2.742389402,7.199242533,122.224253,79.65807627,2.116649,0
704,4.222030916,6.039390467,107.927500,77.1079447,1.609486,0
1070,2.068550177,4.360563215,99.500318,68.06845166,13.360251,1
932,3.462550181,5.453049466,90.752999,83.60363971,8.094025,1
1054,1.948282539,1.881044904,127.763838,79.57498676,2.017523,0
1059,3.574372124,5.79104543,136.422258,86.02909942,1.807086,0
550,3.151348462,7.388099856,70.728390,70.87235566,10.672774,1
1029,2.402728626,7.245763525,130.178362,80.01439252,2.289763,0
960,4.439183332,12.82883461,97.691309,74.26170323,10.723783,1
710,3.4038254,17.00084093,103.659051,79.75246101,1.771106,0
933,0.629344733,3.297014977,92.665312,78.92146338,8.514953,1
1606,4.472732399,3.703534681,139.807570,84.50828728,12.556020,1
985,2.51896321,9.04977145,95.864675,80.17462597,8.817931,1
567,3.974806245,8.344605611,74.490025,86.61684459,10.294903,1
931,2.025510492,3.97459564,124.777966,77.33848285,2.213584,0
1026,4.606592519,6.243989562,97.926350,79.65347284,13.890730,1
943,3.196722769,3.746012374,120.385115,75.63405333,1.818982,0
779,2.597059056,4.569617336,85.951509,77.32661628,13.459256,1
342,1.928643493,4.602446082,55.642558,64.80685168,10.339202,1
992,3.195725853,5.913403075,101.574205,70.50360539,8.983735,1
843,4.969990275,5.518523299,84.968887,88.35872488,11.047663,1
722,4.230544417,6.893012344,76.950521,80.78201089,8.260750,1
966,1.865217907,9.707949383,92.770296,76.15290179,15.415641,1
770,2.316194484,7.569784801,115.151508,79.88928579,1.598849,0
1089,2.725300475,13.376654,106.329498,74.78036457,14.240401,1
1419,1.907799108,7.075930033,117.740050,75.5028567,10.907409,1
517,4.528669284,5.230016689,65.403918,68.51849937,11.343639,1
370,1.895986462,16.51134782,59.317869,76.1284858,10.385491,1
511,3.120438713,3.536205339,70.395843,80.12154551,14.427239,1
695,5.052273218,2.384331171,76.117969,70.09776795,12.993060,1
903,5.368183703,7.569048963,127.969638,91.3655434,1.979852,0
388,3.75910785,4.977937634,63.002530,85.17048398,12.512939,1
558,4.486163023,12.19079128,68.642158,70.28867225,11.253992,1
1472,3.301466848,5.487586924,125.149102,81.85251961,15.339280,1
708,3.220026055,8.371826502,82.686107,75.51225193,9.449003,1
913,2.006367767,4.62593405,96.472417,79.84822116,9.062651,1
751,2.322490163,3.232059685,81.797166,75.30806542,14.807222,1
496,2.351228375,4.833427823,90.909501,77.61038146,1.755783,0
619,4.902513582,8.234942057,71.963155,80.17594447,7.868289,1
881,4.187606983,2.731505376,125.539888,84.6998071,1.776084,0
520,2.084936634,8.01153368,92.632937,73.60510288,1.513874,0
686,4.211061907,3.65888022,104.699983,70.25171412,1.636208,0
1227,2.590067815,7.976503853,141.064407,73.82187192,1.982146,0
561,3.350547684,7.178991628,71.248766,78.66343904,9.214104,1
1004,2.401211566,7.637060135,98.599323,76.29043878,10.931279,1
465,3.649530131,9.688817801,63.367468,72.19852494,9.808423,1
1093,3.834514131,5.758317951,105.618256,75.80597555,10.111719,1
1183,3.946156021,6.502864709,110.263601,75.16591511,9.772587,1
545,4.830597479,5.358682524,67.878083,83.76773916,13.374860,1
562,2.346880352,3.946409245,74.321263,87.22879928,14.789477,1
1464,3.14069407,10.76073529,174.790631,71.95247914,1.961126,0
640,1.875776862,5.371007115,74.226047,82.19011262,11.021135,1
500,2.567538163,5.767573666,67.173958,75.62077616,8.790215,1
788,3.43029847,3.310953735,117.116701,85.35587049,1.712659,0
717,5.504795129,7.342863397,83.161854,72.96761674,13.774660,1
685,3.163822049,6.465317035,104.737578,69.47205356,2.022545,0
1064,3.317920101,5.184238546,130.446596,80.10271619,2.150292,0
616,3.759276949,4.515037434,72.098011,87.74047641,11.131845,1
954,2.796151299,8.37753144,99.052927,64.27888151,9.484639,1
609,3.562696678,7.415098927,73.672915,76.62243096,9.223583,1
831,2.287431116,6.884045296,84.608895,84.37074131,13.370170,1
913,2.869603535,5.117837349,87.946937,74.09034126,9.839566,1
639,2.271530051,7.738976555,76.820817,74.62017707,10.675223,1
1356,3.869504005,2.35800458,154.740785,75.00285733,2.361520,0
1157,2.040238385,1.722221201,107.491206,80.046387,13.622194,1
930,2.877134116,8.359251452,130.500116,71.76105022,1.675865,0
441,3.305267109,6.560397401,63.234595,81.15578744,14.507926,1
638,4.534667893,8.090517292,75.739488,75.09408838,8.351779,1
799,2.072629728,5.870729996,85.378915,82.6721048,13.809190,1
798,2.762275475,3.559572291,83.093586,78.61557255,12.830125,1
633,3.339562014,1.056442029,103.816458,76.68360982,1.553394,0
501,2.370270423,2.170861867,90.091216,73.97052586,1.760211,0
959,2.241627225,6.079507724,92.840335,78.49120134,10.787721,1
845,2.97711104,7.607970874,117.049266,84.4205799,2.101081,0
437,2.036424109,1.82624867,63.896865,76.33855678,13.513750,1
537,3.193476392,4.889239829,68.976168,69.794026,13.339688,1
923,2.938012676,5.743484243,129.116589,68.77304517,1.874834,0
1320,2.269715394,14.55700566,113.928450,74.1352658,11.028212,1
477,2.492741352,3.568284256,66.491375,73.93645456,14.393205,1
1454,3.640543924,9.960044663,124.229355,73.64511728,10.083811,1
849,2.989351627,5.955822363,123.097283,72.24531679,2.003546,0
876,2.992569291,7.814145691,119.099005,70.91933773,1.914059,0
1150,4.119375587,9.701266033,139.751279,84.04705865,2.298297,0
457,3.322553749,4.960389203,62.750719,68.56596678,13.329689,1
1038,2.973262999,11.13125157,95.280745,82.02872185,15.092147,1
642,3.069802785,5.318272748,97.619161,83.13875359,1.866554,0
1255,3.544055404,1.79532034,157.263839,71.02467018,2.209126,0
898,2.840785833,3.512719683,93.035473,77.38992126,8.531658,1
1381,3.532325101,3.777488418,157.527803,80.42044858,2.301090,0
1217,4.140405551,5.013894825,113.650078,84.28997803,14.232055,1
971,4.263144802,12.66540209,93.697498,80.79543787,14.784528,1
879,4.530387746,4.717392148,87.321824,81.19781,8.560659,1
1019,2.026016093,6.205453153,137.987404,79.58589825,1.713431,0
655,2.637026731,3.667689958,98.253602,76.77153798,1.583096,0
446,4.210950388,7.459811833,61.416880,81.34967592,13.115711,1
901,2.49569856,7.525967917,125.430604,83.88351132,2.094984,0
892,2.351599431,7.284958474,118.390387,76.25865703,1.876244,0
927,4.717093661,6.433266372,124.482534,82.58038196,2.246170,0
665,4.804949981,11.49733486,75.259221,73.695352,15.456424,1
1199,1.580588357,7.630737153,113.726879,71.27775434,15.254923,1
555,3.535802397,7.243126973,69.060003,65.41432435,14.103085,1
745,4.023827556,4.602900299,106.688459,88.74297985,2.039270,0
648,4.010163014,3.579688122,76.962224,81.34866343,13.817077,1
602,2.313769889,4.331014867,76.328854,76.60706316,11.341771,1
876,2.537158603,5.89992329,90.881143,70.4778871,8.774131,1
919,3.505067408,5.329308523,91.197851,84.04874755,14.260297,1
689,4.454949151,5.884481117,77.225529,74.13603562,12.144566,1
720,4.316608199,5.291694542,82.154999,77.31924252,15.077750,1
351,2.693425197,4.591037876,75.892104,86.37437297,1.447515,0
549,3.374475497,5.72738184,67.350995,79.19694687,14.445139,1
907,2.4209849,18.76422196,89.697848,79.39502553,14.859562,1
1376,4.053824086,4.800413278,119.780364,82.37813599,15.895652,1
805,4.146073198,4.131873038,112.232299,68.54838435,1.795250,0
1617,2.795601778,6.24941209,133.033786,68.69700013,14.395938,1
583,2.509730943,3.445709597,73.463394,82.96599085,10.636727,1
411,2.623177454,7.659587529,60.060867,76.44918989,15.163340,1
469,4.101489454,5.033502766,62.484354,87.19699536,11.656992,1
746,2.890606797,6.40718356,85.163638,66.49186904,11.007279,1
990,3.460495147,6.25205499,129.133444,68.07700946,1.841604,0
1020,4.340669499,5.081363137,102.064499,87.48178356,12.103630,1
1172,4.851064985,7.367410934,148.616178,78.37748489,2.069288,0
1644,4.176589095,10.13609504,176.415842,88.31145553,2.281465,0
825,4.148510623,6.885997078,117.051799,76.76245472,1.826507,0
1043,3.298957369,9.761772621,103.389977,79.08568679,12.133580,1
786,2.814893662,6.213294104,118.146473,68.00710616,1.779368,0
570,3.049277391,6.943698723,73.677580,64.73446273,15.087760,1
731,3.577254688,6.90674584,77.838749,79.21713514,13.203788,1
688,2.304395034,5.336733511,82.145944,81.86174203,12.454335,1
679,2.72841094,7.273154403,77.549220,76.39630315,9.481212,1
768,3.478402608,8.309347266,106.016909,79.5841995,1.733555,0
699,4.602142311,3.331015429,81.832000,79.45571762,12.507743,1
817,2.714331751,3.204104257,111.729382,76.83992381,1.764480,0
688,2.834906393,5.206473296,105.716217,75.86511118,1.846768,0
910,2.815995746,6.705665317,96.030846,68.59872568,15.710369,1
576,2.53892001,7.296644609,69.128704,84.7286058,14.653378,1
701,2.894351815,5.755448222,101.618872,82.13170192,1.597799,0
667,3.409055415,9.506974445,102.560772,71.02332019,1.960677,0
583,2.244358439,17.21850414,72.497073,82.9628953,8.499314,1
850,2.462434169,1.786279385,87.026433,78.52205841,15.433485,1
695,3.637845367,7.270952356,78.823747,71.96312477,12.908366,1
515,4.601700755,5.429645823,66.923555,74.93770705,13.456701,1
1078,1.913189263,5.169566609,134.360467,87.56586514,2.127828,0
496,3.051490477,2.145658582,66.553316,79.20010326,8.420502,1
1305,3.858068303,8.382026399,113.043506,79.53634807,13.507082,1
479,3.599369519,4.132807013,88.321533,71.74790042,1.555994,0
774,2.431402504,4.415032979,113.968898,85.32762166,1.765605,0
1292,2.84204017,7.668630899,148.656904,72.81415647,2.124449,0
1001,4.712812097,10.09360017,99.241264,70.129844,14.177495,1
600,2.920818948,5.676092599,75.195168,80.7290024,12.101578,1
1000,2.854722668,7.074893554,93.120906,68.14115034,12.985929,1
814,2.233378116,4.731664516,83.550841,85.93936762,10.048899,1
800,2.93406486,4.269467393,116.958544,79.90451163,1.846583,0
1121,3.031459897,7.363303937,141.144384,76.26667029,2.119815,0
885,2.57335515,4.638408507,123.558063,83.9705956,2.043731,0
1182,2.891916678,5.019344872,103.461866,91.15951986,13.893757,1
1265,1.959922597,10.01541618,144.815718,79.12436865,1.856291,0
471,2.402074974,2.607910726,86.898011,85.4028952,1.855108,0
589,1.88333613,5.10447219,96.266702,85.80408342,1.514510,0
761,2.718284129,7.13429797,111.472270,86.01351504,1.716055,0
965,3.676709515,5.276505333,131.111330,77.52086189,2.022883,0
553,3.966559893,4.016781583,74.139036,87.79533062,14.500097,1
443,5.065489261,5.545777109,66.303925,86.5206344,13.344911,1
1253,4.011519623,4.156151916,112.721432,76.42079546,9.422900,1
895,3.384832582,4.35881564,121.184768,73.46449614,1.878250,0
927,2.684138286,5.205386964,126.394291,78.07027033,2.053012,0
569,2.674935145,5.032385298,72.939820,73.01631407,10.897087,1
706,4.80340764,9.786583294,102.602569,75.63448453,2.073890,0
557,5.092596139,8.8042798,72.027362,81.24854592,14.130238,1
932,4.87580963,3.553652784,124.011684,79.86604929,1.726818,0
689,4.153982749,5.458929857,103.418236,77.09586295,1.587260,0
1450,2.529041926,6.085343995,171.475002,78.43448051,1.986176,0
1011,3.586074722,0.451073145,99.910011,87.11665066,14.118298,1
1193,1.732329735,4.576347927,147.785064,75.59941196,2.195219,0
885,4.437420039,2.126419672,94.128071,75.0981319,11.466733,1
541,2.270113565,7.671606013,67.065737,83.93459947,9.407054,1
1063,4.398426207,6.433812904,130.528431,85.50027359,2.019691,0
774,3.425833381,7.34114686,87.985400,83.52142488,11.560026,1
775,2.611536468,6.713263412,106.622595,70.03604651,1.689348,0
1007,3.569789821,7.855553671,97.626123,90.25958941,14.784657,1
705,4.508834756,6.893292388,77.153560,76.52105113,13.324205,1
1189,2.217923989,6.032801197,138.442528,69.40912128,2.341587,0
709,1.80531163,5.416148342,83.612454,71.76632674,13.119649,1
932,4.757581438,3.437251073,130.667186,70.23849981,1.732104,0
932,3.465342146,4.315033424,126.851521,87.51789668,1.721084,0
398,2.2788924,4.722681803,58.655355,87.13426452,13.502688,1
688,5.060116338,5.77725136,75.804479,71.17865059,11.280431,1
495,2.547830297,6.30459767,67.373433,78.53021286,7.897335,1
1340,5.038853124,6.163269006,122.953987,68.55487059,15.936578,1
879,4.089842785,7.437796635,86.795469,78.93682346,8.277253,1
1094,3.553758028,5.502391247,138.711714,81.0379851,1.908732,0
697,2.347684221,7.688474881,108.276443,83.23268153,1.873865,0
429,4.263867217,12.20058012,65.267410,90.01658306,13.033345,1
581,4.35433866,3.53053879,95.351702,74.3297409,1.834150,0
845,4.271944031,5.341274682,85.100191,86.35850131,13.910497,1
464,2.085251191,6.893335761,65.448352,80.11153167,13.068672,1
778,2.115357536,11.19652904,83.211804,83.48328762,13.316127,1
683,1.942557208,4.456399765,79.559567,67.70420754,14.853403,1
1045,2.424522508,5.791484586,137.692866,75.90040679,2.160763,0
676,2.040477164,6.550665365,104.303784,77.19679797,1.782739,0
478,3.450519427,11.96576387,63.495076,76.93138252,12.711008,1
567,2.253333266,8.463186452,68.467118,90.90190263,14.250568,1
625,3.205142801,9.514298976,73.244363,71.48713209,10.078177,1
802,4.118489733,6.483462162,88.349958,90.7768741,10.151741,1
745,2.866568306,7.980277005,112.682354,76.58189306,1.646632,0
649,3.674807687,7.49145351,99.070242,68.45128258,1.983154,0
745,4.579958381,5.167851213,104.814283,73.5161538,2.009534,0
666,3.745193247,5.078724135,100.018557,88.8862372,1.842505,0
414,4.626866765,7.789828143,59.474737,75.53913169,9.514272,1
771,3.916701455,5.136609766,82.012481,69.27846162,10.940430,1
1244,2.53043604,5.838042771,143.147972,79.6706711,2.049486,0
918,4.95505744,6.607784912,89.928763,80.04377041,9.116167,1
1278,2.380842522,9.125612487,146.246904,82.76916533,2.142553,0
600,4.566960843,13.74927103,71.364736,83.86254044,10.795401,1
886,4.550974593,2.597944418,94.288520,87.09279912,15.914176,1
651,4.529037769,10.5482005,99.848489,85.90598423,1.680523,0
825,2.991035426,16.34256628,87.857254,77.31186344,10.223807,1
527,3.907825045,6.576346429,67.329046,73.63717948,9.632049,1
792,2.088404289,4.07104531,88.913373,79.14068733,13.433997,1
1472,5.030958342,3.828757586,124.543926,69.70145226,12.665798,1
608,4.86637368,4.429138655,74.615891,70.24339647,13.352542,1
703,3.392701833,3.376021754,78.251427,71.14272768,8.743484,1
573,1.892807383,4.916807759,92.523125,88.6998194,1.711773,0
571,4.081287956,7.778567593,74.039400,68.60494148,8.787028,1
765,1.712463353,6.704651207,80.912298,79.75165889,12.772610,1
696,3.101488592,5.783725845,76.193621,70.65954738,12.311330,1
1084,2.4951444,5.146461081,105.334688,77.39766211,15.597084,1
993,4.044885962,5.731377535,94.004838,78.96960613,15.347794,1
1475,2.184002234,6.558548706,164.050040,88.08860929,2.531674,0
813,4.604933567,3.373228602,85.306090,78.72560577,13.110248,1
872,4.562843801,1.976794989,94.057904,88.46321008,8.221893,1
656,2.965364352,4.521927078,75.234981,80.74948555,12.621446,1
629,3.477679621,9.089217817,71.954300,77.23419249,13.952968,1
521,4.082340607,10.8343656,88.666227,82.96111271,1.982307,0
721,4.919342374,6.712466044,108.230162,85.55467836,1.625616,0
554,3.057631726,4.233551325,96.040513,73.09142938,1.831898,0
874,2.987447608,5.136330794,87.332625,75.08052141,12.055511,1
925,2.441675872,5.564504498,93.066843,78.99163543,15.860194,1
587,2.26867852,7.543459816,76.334068,74.11026851,10.050401,1
790,1.825157803,4.517784005,88.267134,92.71913949,8.602376,1
884,2.323520851,6.037791509,92.841033,77.49972072,9.988239,1
875,4.737984727,7.358289736,88.367855,84.15317383,14.782402,1
521,2.83028098,8.887936999,89.057458,74.43795513,1.750253,0
744,1.87440378,7.800341389,78.276184,79.1711465,14.874389,1
1073,1.87685147,3.577373275,139.191077,79.57459494,2.206495,0
812,2.06381089,4.76511455,110.834909,78.51206624,2.049483,0
1326,2.651770347,7.314015108,162.681163,81.67845597,2.170261,0
609,2.347316567,4.328741739,75.065237,72.99193959,15.188149,1
659,2.083765628,13.83742064,78.064843,72.59921435,12.636189,1
865,4.506136334,5.194132102,122.154365,70.69451419,1.824724,0
585,5.182253566,4.231804428,71.294841,84.13519358,10.536089,1
1118,1.694375957,2.925536577,102.070028,81.7193109,15.466150,1
679,3.671640671,4.037141727,103.726921,73.36289384,1.742581,0
732,2.262250873,9.533786876,113.684687,90.18102618,1.654619,0
782,4.212168952,5.951640718,106.936227,75.62501944,1.804618,0
816,2.436999013,6.038875345,85.367017,77.48899247,10.510536,1
434,2.971033262,4.172026905,82.061311,84.36747687,1.460476,0
501,2.824370972,4.754386959,64.605400,70.22845903,10.989992,1
496,4.845074483,15.46040695,65.323809,82.93016446,9.399499,1
657,2.994991541,4.178793493,75.649366,78.19048215,12.253700,1
556,2.122909691,6.132972775,69.028099,82.21792857,8.717373,1
913,3.386290218,10.28109395,88.266613,77.79106123,9.270653,1
620,2.490412021,3.33418469,98.405858,86.91208597,1.839403,0
823,3.460977962,2.919108164,86.255609,71.89963533,13.097532,1
787,2.697567175,6.629353471,108.667480,74.08893348,1.961507,0
1308,2.913188282,3.904348037,114.414190,84.40281455,10.076752,1
973,2.680417986,7.48716052,128.839280,79.79373065,1.915896,0
608,3.113369554,4.164761883,77.411346,78.22569562,9.390345,1
588,0.303676955,3.768348954,75.319657,74.1234256,11.855090,1
1069,2.056234404,4.454270242,136.695279,78.30524217,2.154855,0
737,3.705347002,5.127605296,79.381942,82.46582288,14.394714,1
752,3.586460494,7.361105124,112.896054,71.03473789,1.949752,0
724,2.064613934,5.265491154,83.123212,73.62648223,12.675503,1
905,2.102688441,4.803041305,88.943580,74.19649572,12.783874,1
1132,4.463890698,4.993750527,108.289835,83.37788896,9.611615,1
887,4.192601051,6.797956157,117.152131,75.12396606,2.139059,0
366,0.040510041,7.073204228,62.354137,66.2738482,10.858426,1
1582,5.968325465,7.461266367,180.300099,71.12982757,2.485346,0
600,2.758239329,6.934654108,101.013168,83.65736191,1.597982,0
1050,2.608082629,0.283229793,102.109078,77.63539754,10.523974,1
963,2.593703728,6.772811576,124.309431,72.8151367,1.993725,0
542,3.923501961,7.330454889,71.134711,82.76800555,15.233388,1
876,2.734334224,6.076216043,92.826893,78.45416656,10.314216,1
1045,2.530593009,5.130179583,100.560648,70.42642189,11.919318,1
688,2.664866378,6.116694466,79.253210,68.7505599,10.636395,1
1020,3.535981591,3.189657062,131.486591,76.7983117,2.289803,0
792,5.325309367,4.407250825,113.210286,87.3619502,1.676671,0
534,3.00829024,6.860464538,66.682477,70.46496174,15.405858,1
685,2.655124644,1.060119656,99.917216,79.56126749,1.604666,0
792,2.086136715,6.038075463,87.963990,86.67534648,10.314073,1
562,4.178762252,5.528649141,73.839217,71.30738794,9.116546,1
801,3.624909038,4.223076879,81.881389,70.80229244,12.533997,1
962,4.386882962,2.740190064,124.509739,81.82974706,1.993582,0
499,2.373743594,4.048385685,69.189010,85.19321165,12.763393,1
604,5.292655881,10.988485,75.872484,84.53834619,13.679930,1
838,3.700826133,5.720856544,113.416929,81.82740337,1.762253,0
959,3.839342514,5.818521687,94.431461,69.38132918,13.015096,1
1187,3.97981611,4.125323722,137.976116,77.06673966,2.289045,0
953,2.632981976,15.83335484,97.875552,83.20408174,8.327772,1
606,2.478653554,6.169954787,74.618023,74.14264586,9.868915,1
1391,4.646995043,14.05551889,156.017486,69.62452743,2.080183,0
1294,2.686552933,8.94389416,120.093068,68.80049613,16.130703,1
538,2.394591381,7.695384543,71.276121,76.59426153,14.349949,1
1224,4.581184992,6.583239815,105.537172,71.63844337,14.011015,1
530,2.230184397,5.428688115,70.432669,77.01185164,13.728695,1
604,2.128319332,5.9261719,75.645951,74.22801067,8.673359,1
748,3.479798475,6.874130646,110.104385,81.2514789,1.637610,0
812,3.244131374,5.075673009,109.654175,75.24596861,1.718927,0
1015,4.206569004,7.137234818,127.477550,78.63834678,2.021528,0
639,3.641069482,4.865108983,74.454819,73.66854575,7.882159,1
978,3.362684257,5.528830538,122.823867,77.14209512,1.893750,0
603,2.769828455,6.971148227,77.240590,78.50002868,8.776576,1
1100,1.791033973,6.782448862,107.977337,93.34498462,13.192338,1
682,2.586103838,5.344298077,82.161420,72.92537199,10.825640,1
841,2.53271243,3.501505791,120.436031,75.90869751,1.792188,0
1292,2.230430599,5.937162261,153.864687,77.24756504,1.976404,0
959,2.309761579,11.40735036,123.057823,86.29917742,2.114986,0
1215,4.876214154,4.925309155,115.731306,85.09644205,15.599741,1
945,6.45811012,3.353950794,98.607802,75.43535683,10.484205,1
952,2.223085365,17.36630569,98.998405,89.18765902,13.624020,1
534,3.049111645,5.976098441,70.462791,76.69287516,8.852563,1
733,1.910396498,5.468187099,78.723597,85.18980357,12.225057,1
748,2.945216689,6.242007555,113.204981,74.70897942,2.028594,0
843,5.378888674,4.49785369,118.732589,77.63398667,2.130606,0
484,4.132611726,2.862548929,65.226675,76.44310567,10.270423,1
625,2.653468347,5.030433044,102.534488,82.3694006,2.038477,0
466,2.868765592,7.260489553,66.030354,69.67243586,15.498281,1
1266,5.247230006,10.96611279,158.416040,80.62288512,1.936829,0
630,2.6393673,8.562674799,105.051337,72.61236021,2.080055,0
844,2.111359434,8.117527058,88.509902,85.74883757,14.491626,1
714,2.036911049,1.524575303,82.305313,81.87970881,10.282715,1
1099,4.545784334,5.280844558,104.682996,86.23130303,11.863499,1
1502,3.665411903,4.559112069,132.229671,84.29548573,11.193826,1
724,2.226813759,4.246950233,113.094031,75.11937238,1.847906,0
1122,2.672882172,12.1075863,133.123706,81.86521492,2.326255,0
1170,4.516374862,3.598674146,108.021471,84.15770635,12.414760,1
513,2.728893138,17.48203714,67.003476,74.14125267,8.901967,1
1258,2.558404562,4.284165712,113.588954,83.36720826,13.669921,1
485,2.029672111,6.119306741,63.440747,86.91264987,8.436141,1
412,1.827247428,6.223716122,59.178367,74.30270684,9.570080,1
1000,2.138097718,1.77309949,135.132052,87.42095482,2.036529,0
445,2.41069782,7.796509441,64.506851,86.18875361,15.268334,1
525,4.218095409,5.538808112,67.058549,71.74767823,11.463432,1
814,3.731832117,7.445457161,84.036243,71.18267475,9.697304,1
909,3.81829235,6.748117783,91.750360,76.69684378,9.480323,1
790,1.857773801,4.580053375,116.214546,88.03699539,1.671002,0
704,2.354366317,4.910113654,107.978661,82.85173393,2.057403,0
408,2.127604542,2.426588196,63.847684,71.37817834,14.290282,1
927,2.749941454,7.241337276,91.008269,85.0619028,8.431972,1
1458,2.822367178,9.648311585,169.897525,82.46040328,2.386198,0
669,3.40767384,3.353646803,102.685712,78.31530847,1.643987,0
839,5.533142488,6.226212074,85.165866,79.13219157,11.389998,1
597,4.118389788,4.902094982,97.641509,85.08374113,1.502340,0
1542,2.58950355,7.385921361,131.586363,86.40771204,16.134385,1
685,5.430190344,5.439440106,105.932180,90.40078641,2.062070,0
715,3.406670797,6.581055531,82.940942,79.26411181,10.410242,1
1079,2.986866306,17.28967956,136.421469,85.46947515,1.994216,0
931,5.017660808,5.498957117,122.493096,75.16014426,2.182096,0
1416,2.146539314,5.117775151,166.510538,87.54014685,1.966184,0
1163,2.578396982,8.251369366,105.490943,83.57489964,13.877424,1
890,2.941271657,5.764450938,125.740442,88.97689985,2.112424,0
847,3.724056479,7.215774961,87.186257,80.27053057,14.810856,1
527,3.929554032,6.647956808,69.503993,76.55592339,14.527976,1
534,2.623463401,4.131335912,72.893693,70.18303176,15.449216,1
1493,2.39987957,7.378499886,127.853273,78.90055516,10.592740,1
1103,2.508734691,5.63261891,144.968164,76.89731557,2.042101,0
848,3.480329902,11.31007191,123.103703,82.08107443,1.723311,0
885,2.595258832,6.281356915,90.925272,82.99573444,13.010029,1
361,2.30774241,8.237947751,56.390005,81.24452134,9.603819,1
1140,3.665037693,6.900091111,102.737748,80.54941269,11.965228,1
603,3.966540321,4.481230927,97.016521,77.46895483,1.879508,0
498,3.698543692,5.40988778,70.672852,78.45891124,12.011447,1
410,4.02736219,6.476749517,64.000480,87.11406682,8.117428,1
893,5.19712013,5.638154904,118.188925,79.74432083,1.728722,0
597,4.153569219,5.569670924,99.719577,71.39034958,1.724159,0
454,4.582898561,10.48950367,65.840486,66.7112511,13.082175,1
811,4.613181112,5.806979576,84.491092,74.64351717,15.306124,1
579,2.857523912,7.13194838,69.658609,68.49445201,11.202090,1
425,5.27772412,11.49020286,64.221204,79.52068877,13.503382,1
1067,2.579562833,12.08205554,103.250616,82.25433457,10.404923,1
850,2.911870488,7.239983967,117.316588,87.17723308,1.689288,0
1085,3.144756907,11.30244487,105.661615,79.96773933,12.144429,1
605,2.698895666,5.725955382,101.635919,82.34528002,1.956256,0
666,4.568671978,6.573852869,107.023500,78.14831532,2.004127,0
832,2.66157755,3.103617029,83.179188,80.36702222,10.425586,1
1289,4.291256456,4.884495328,147.582924,73.20149185,1.971139,0
479,3.320425301,4.230741824,67.844043,84.0460947,15.679571,1
683,4.782702443,6.186911575,78.644732,83.79404716,10.427717,1
488,3.958650912,5.000750149,66.715642,77.69742674,10.055124,1
1142,4.068349594,4.064964967,106.956862,82.8193013,9.705608,1
940,0.291001795,6.931822547,126.406506,87.81671502,2.107329,0
1015,2.282247263,4.822540646,96.548529,88.94819205,14.589052,1
1006,2.554179176,6.993121905,94.398110,74.36705195,12.046326,1
641,3.538250093,4.707610504,77.097541,86.79950587,11.542889,1
757,2.786417555,5.393387807,85.972765,80.39672933,10.784764,1
418,2.068984226,8.88915356,65.414200,69.07170305,14.076880,1
925,1.908890109,10.18692774,123.506271,85.38081391,1.937908,0
791,2.484216142,7.640399671,107.888047,81.86387671,2.185422,0
1206,2.844612868,4.303748821,113.134594,73.59297091,14.239470,1
433,1.84717969,6.544343855,62.292077,83.08621193,14.572252,1
638,2.571085771,8.725159403,72.912170,80.61187814,7.901785,1
426,3.047438286,3.599101304,83.477431,82.49320763,1.631975,0
1420,3.13003683,10.19100082,168.018667,75.80129546,2.011208,0
638,2.089739739,5.201927897,73.558129,72.11301256,10.526132,1
731,3.136090263,5.497883609,83.286640,73.63951812,14.701386,1
635,2.939877801,4.860271388,72.007868,78.94049845,8.643952,1
1048,4.705061644,7.861173298,102.947781,88.94977882,9.232112,1
657,4.018662309,17.29971058,79.609046,75.76424504,11.547918,1
871,2.799891859,15.39717137,92.964244,75.56699308,12.463321,1
728,4.022370177,6.326276563,109.771977,85.25258098,1.987921,0
634,2.682858407,5.422087827,73.027839,69.1520427,13.149977,1
1030,4.376656786,6.867291212,104.048452,80.55403779,10.036784,1
972,5.154137814,5.749330936,128.610316,83.84426169,1.835508,0
991,2.446591768,5.163510733,134.195691,77.92344331,2.277761,0
825,5.251135583,4.787511485,113.235290,71.37326877,2.090815,0
706,5.024900831,9.398410108,108.068940,80.10721293,1.703153,0
525,4.433846559,9.229690993,67.837119,80.74493718,13.385955,1
580,3.20005323,4.061579192,69.480216,78.84382834,11.795442,1
1034,2.508855781,4.445450371,100.749298,78.02902377,11.604096,1
716,2.30929361,5.545402275,103.461354,68.76694384,1.792118,0
344,2.283171861,13.23648642,56.762229,84.12766819,12.624265,1
1449,2.844398523,6.064418078,158.837887,87.32754898,2.386213,0
797,4.004279277,4.947867558,117.271979,80.8851851,2.012698,0
1047,2.719611331,4.750276387,135.250463,81.69196964,2.009303,0
1058,5.140231259,7.151640061,128.898905,80.11079944,1.990388,0
932,3.534749137,6.09808994,92.962908,77.66396311,15.812711,1
610,2.120360964,3.25706424,102.153429,69.45018998,1.926922,0
921,3.918281513,5.206957338,89.627674,80.70630966,9.251397,1
937,3.933772133,4.616128157,95.469897,77.58994923,9.470966,1
509,2.307048408,4.98229629,66.009909,86.33344062,12.209435,1
674,4.121312532,4.673051709,78.076649,80.87076358,11.872929,1
1130,4.803797249,11.28747522,108.119080,77.29669567,13.879163,1
1116,4.572147954,7.082124265,136.967547,87.46018481,2.274654,0
1536,2.899981445,5.513748453,123.662239,80.74675288,8.799312,1
720,2.226138559,15.84157694,84.234300,78.41042193,15.396599,1
1476,3.141082653,9.462746059,132.300658,78.5376477,9.747463,1
1127,2.572971464,4.861188619,108.899699,84.86743275,14.841814,1
634,3.285810052,12.53518641,73.951404,75.47562317,11.359513,1
487,3.378450905,5.771321373,65.113695,74.61770433,11.983278,1
518,3.191471026,5.888995302,94.418772,78.11486887,1.504130,0
939,2.005568539,4.767052015,97.297755,71.92030041,10.206208,1
694,2.535741911,3.342439507,80.754585,68.79654266,8.826292,1
569,3.149942157,8.260608254,70.174870,84.20029673,8.553827,1
558,2.047613105,2.190560109,72.576345,81.07680157,11.861641,1
924,3.508065401,5.932042507,127.705057,80.41311165,2.238289,0
985,2.633968588,7.815425423,97.715360,74.27750924,9.803224,1
765,3.331994213,6.440827124,106.843125,85.65222451,2.075861,0
532,3.439435451,4.104356248,68.235753,72.14177311,10.367832,1
692,4.963872608,5.97216532,108.477196,69.33211004,1.704120,0
854,4.314579495,9.655837291,123.954150,76.11788337,2.114319,0
1194,3.541420357,5.800846005,111.845186,87.35008363,10.315616,1
435,3.475054368,3.645335777,66.388216,78.14304945,13.935073,1
603,3.787682469,4.730205774,75.424346,69.01408545,15.574833,1
571,2.696629586,3.291012449,71.214678,88.37288408,9.837616,1
770,4.517441223,5.790097159,109.621401,70.45593318,1.788964,0
758,2.918826752,5.255924817,85.161080,76.21375803,12.003658,1
664,3.964514191,14.63753614,76.756357,75.3341257,9.865568,1
576,3.047465298,12.02481748,71.856995,75.66986626,13.839417,1
589,3.97889536,8.108216972,72.889029,67.41231196,9.878228,1
645,0.855078608,0.785971997,105.168700,73.295796,1.658373,0
974,2.763176309,10.87043181,97.469136,80.24576031,15.655182,1
680,2.344083155,6.19247068,80.723341,70.72586474,12.507861,1
1124,4.755075438,5.540298264,141.874323,77.33063132,2.036110,0
849,5.663297343,6.235919737,89.205292,88.68138859,11.678866,1
855,4.611215196,3.466704326,115.215598,78.82293618,1.843972,0
785,5.903168906,7.064442542,87.747454,81.12179231,11.862441,1
1009,2.883744636,6.243448558,126.257570,82.18943314,1.923384,0
663,4.436797022,5.545580332,102.719424,83.17102518,1.758893,0
801,3.718463186,9.592638806,87.489770,67.72644256,9.846852,1
965,3.033358697,2.278427726,130.590786,73.32716002,1.689705,0
1052,4.927013806,9.249731132,135.281366,69.90534084,1.764374,0
532,3.266021992,4.587724397,69.821651,76.68147486,13.136722,1
831,2.173173777,8.359896598,117.619655,84.88481487,2.179052,0
1059,3.600434706,7.085442326,99.382553,75.7524775,9.429321,1
431,2.014203034,8.444356514,63.987455,71.90290819,8.022357,1
1571,4.707489085,6.418346391,128.270741,85.68477356,9.808317,1
1036,3.392050541,4.343169807,96.034029,77.41877859,8.664382,1
1343,3.061825898,5.71944248,121.462629,85.01305454,14.762254,1
981,5.380189057,2.641880456,131.635152,77.06085687,1.837902,0
1083,1.595139212,9.16281835,105.461417,87.40289321,9.804121,1
690,2.469317207,6.233852988,81.977401,67.49521469,12.927701,1
658,4.50388229,4.947224149,77.656694,92.64686052,15.703754,1
874,2.432584852,1.178001895,93.156093,81.26507069,11.981614,1
1313,3.964929379,5.504459166,120.839078,78.42461249,13.367946,1
1364,3.181988732,6.142365178,151.593187,91.58022798,1.945940,0
757,3.794209789,11.59543454,85.958519,87.65346311,15.798753,1
630,5.384109313,6.17583419,78.438852,86.46951596,9.063375,1
488,4.515711833,9.530766536,68.932713,80.98975081,12.229611,1
1095,1.780945669,6.519416597,101.755417,91.09546091,13.221665,1
680,4.833653984,0.649491533,99.331035,83.52540472,1.622073,0
612,3.069566404,5.382432185,73.941827,79.05302198,10.590378,1
916,4.0280319,9.516444505,88.360216,79.08825934,13.459334,1
585,4.487622657,2.982948821,96.273242,81.92937403,1.807972,0
523,3.89702046,17.66702333,67.270687,81.05602623,8.155589,1
767,2.434039949,8.519773396,86.913419,83.58566198,8.937930,1
463,3.138034143,3.427174056,64.990396,79.99170203,8.695682,1
1439,2.39719207,8.61692449,119.992657,79.87839714,10.698311,1
486,2.280241562,16.19259874,88.756296,70.94309107,1.600551,0
1451,3.677914905,2.969122979,160.684818,86.0230065,2.074357,0
974,4.381400495,5.454701479,95.037130,78.65826224,12.790938,1
808,1.897993709,4.012729742,115.495909,70.875362,2.192657,0
539,5.443996806,7.826101916,66.521701,74.25765382,8.229430,1
1340,3.329538243,6.506228263,163.853914,79.81656671,2.422811,0
1154,2.841819897,11.432736,102.963900,73.55881376,12.635639,1
711,4.169147816,6.579758023,109.804931,71.75035745,1.815227,0
499,2.485982549,4.570066014,67.464108,81.46545804,9.781199,1
1245,3.237114193,10.32368723,108.130238,79.21172371,14.722430,1
932,4.804293235,6.529215724,89.497842,70.5607528,13.102915,1
647,2.527152006,5.466543017,73.534567,82.28842158,11.100020,1
918,2.729960993,5.48143836,90.859161,78.12901916,9.077190,1
719,2.363266294,10.2837474,78.265777,72.01574471,11.830681,1
516,1.962369565,7.65017842,71.668090,85.4865857,14.130059,1
861,3.097753174,6.762214375,93.604419,73.9731731,14.221490,1
819,3.044475755,1.764056057,111.984766,83.43750854,1.801615,0
1580,3.58443646,6.079412958,173.608971,86.36120073,2.357412,0
1028,2.305885547,5.928681744,95.878982,77.16287088,15.067897,1
1457,4.113648065,5.753591852,163.790527,77.23220103,2.331734,0
459,3.146506064,4.089665867,83.265730,82.16619151,1.495477,0
925,4.270995299,2.543509159,94.115731,78.73434519,15.064777,1
474,5.111711629,10.24167247,67.924634,68.16258524,13.815255,1
960,4.08137439,5.105828564,128.686431,75.08364277,1.738502,0
714,2.719584886,15.89864405,108.084615,81.03371532,1.876854,0
523,5.442476271,4.899807862,68.055452,71.08299027,11.328191,1
1010,2.7430662,8.220358118,99.049393,68.20075533,12.492921,1
1458,3.085635353,6.663780979,122.803808,82.31734344,14.238674,1
733,3.178671776,4.742319517,83.903304,80.96021301,14.417240,1
772,2.903393116,5.333440132,84.710219,75.00870646,14.300481,1
556,2.130056149,3.447861866,71.464413,76.39333777,14.041690,1
391,3.210262989,4.402522938,59.485438,80.82853412,15.112491,1
581,2.261828371,5.727146046,98.820323,68.78447465,2.057574,0
593,5.011751699,4.829854553,101.581426,69.62142458,1.744300,0
631,3.421485912,7.824069687,79.098324,70.82777732,12.263745,1
818,4.087013828,3.529097618,117.851809,77.39503928,2.174343,0
651,2.218675998,4.347311968,105.889065,80.7886332,1.533471,0
405,3.663632068,6.996462777,64.073230,91.41198401,15.285063,1
855,2.336942986,5.900080927,120.911228,74.4010374,2.102682,0
1440,0.523576069,2.202636022,119.126522,71.91120228,14.495229,1
683,2.63639272,8.614252432,77.434949,72.88985868,13.376277,1
792,4.320446443,8.303260119,83.530467,69.40313441,14.875423,1
1247,2.92169679,11.80364852,144.770007,78.90903908,2.297799,0
805,3.809108839,8.234962849,115.178076,86.30985392,2.011598,0
707,4.709986268,7.683136932,103.984725,79.50486347,1.941240,0
1229,1.758077512,5.268189733,150.920390,77.82706662,1.955016,0
524,3.898322526,5.795783,72.104699,80.90942561,12.426710,1
975,2.465027487,7.646518181,91.334638,68.85552484,15.054277,1
806,3.451883745,7.449341483,89.421417,69.05843991,11.206215,1
1405,4.097658264,3.586679324,156.767983,83.38229887,1.934147,0
995,4.645426175,15.50178032,132.469127,81.57560482,2.012172,0
1148,2.084508461,3.005415571,135.759169,73.56192334,2.040671,0
761,2.260231975,6.109512389,79.640621,73.74714713,11.192849,1
1023,3.852879399,7.704375111,102.626826,76.43678719,9.429553,1
787,3.665917659,2.694815332,80.831921,80.77325783,14.022145,1
758,2.302877407,7.795658689,82.166417,80.30877872,15.816740,1
673,4.591072265,2.331304379,76.360244,74.27676804,13.989135,1
494,0.544914635,10.57985004,70.375327,76.21165336,9.880688,1
681,5.047051653,5.262345267,104.025894,72.45452958,1.651703,0
717,2.686397458,8.007757105,107.582296,68.08704631,2.021319,0
694,3.070249838,6.212149541,77.415628,78.51914998,12.684816,1
768,3.191888541,4.493910276,112.854334,84.97108304,1.748220,0
607,2.082586786,7.593344954,76.080746,80.97252383,12.279435,1
805,2.400121339,4.635383771,89.104533,78.33764933,8.409390,1
457,2.490403515,6.094707675,66.394679,75.49419986,14.266242,1
1132,4.364598318,7.230375056,108.474420,83.86302102,10.486784,1
1068,2.929768155,4.411199918,103.146172,85.96671197,15.814757,1
629,3.729362006,7.120917667,77.442783,91.76116725,13.598702,1
633,5.060053773,11.62050899,74.839691,76.77767495,10.057652,1
1052,4.168849421,2.304362869,135.171699,84.18583117,2.292289,0
1489,5.020693605,5.685678147,169.156283,86.36662202,2.168670,0
809,0.801784351,6.57665172,118.138785,77.70163845,1.682824,0
932,3.57133638,10.81291421,92.839970,83.69629649,14.599012,1
718,5.350954462,2.938806158,83.581224,77.05350991,11.946080,1
1299,3.336672716,7.494812278,112.985082,74.30976204,14.362697,1
863,2.154959878,8.286075595,87.927659,85.68854299,14.347691,1
1029,4.514097787,5.956347195,97.518824,80.40063728,8.484627,1
578,2.922923315,5.18172081,72.028888,78.39210096,10.072551,1
660,2.916644184,6.515816463,100.711277,79.13033251,1.857856,0
763,3.658288334,1.219883329,81.687986,80.13920629,15.237359,1
611,5.468102018,9.40452887,77.842911,78.28647891,13.472062,1
855,1.573732284,5.858144725,117.198595,85.19393939,1.705586,0
690,2.945376416,9.027431958,78.823908,75.7136355,10.874138,1
580,4.175000407,11.49951499,73.082126,71.23094958,13.360283,1
638,4.899880005,6.228042792,78.098284,70.64190435,10.396629,1
1306,3.656228325,6.60699422,111.589719,72.71019253,16.047072,1
437,4.105411051,7.999949058,61.639245,75.70069556,12.353639,1
440,4.013513157,7.093978672,63.434743,67.79322058,10.807646,1
627,2.833974192,5.854384031,100.301871,83.88820543,1.731307,0
712,3.278534578,5.681458601,82.052072,76.3278845,7.921132,1
593,3.704866606,4.688854205,76.197051,75.90793302,8.617932,1
947,5.082838292,6.711144037,90.706495,78.51582515,14.625926,1
727,3.425370734,5.855715002,81.761248,72.60651867,14.378318,1
782,2.972826114,4.797665836,83.022044,78.75390177,14.726557,1
568,3.490229599,6.265773324,72.311098,64.36274483,11.920902,1
1002,3.289953152,10.32532729,98.412797,79.59780094,11.604256,1
519,2.531002934,8.211059086,67.610377,76.36688164,14.056928,1
415,2.218740642,5.126905764,60.767568,79.37356412,12.115993,1
552,3.741140906,6.726478843,67.785087,87.54295905,10.015766,1
594,4.039934857,6.673206454,76.214089,77.34370621,10.507166,1
818,3.237885412,7.342384793,82.501331,66.56714202,12.449677,1
872,2.448751449,7.048791265,86.454215,78.86361454,10.064171,1
571,2.509129872,5.402975081,95.302628,86.52179194,1.493549,0
844,1.996328539,7.299252505,91.343387,79.91569739,15.553966,1
450,4.277098945,4.360830943,63.509897,81.40210298,9.615248,1
559,5.154492216,5.917682377,70.265877,76.35847337,10.195035,1
426,4.338599218,5.629390237,63.328756,86.73689902,7.784315,1
768,2.33138148,6.871346215,83.616223,68.24353424,11.011778,1
1131,3.506542069,6.663130331,136.591623,77.79439286,2.079178,0
702,3.977847612,7.037400542,82.421031,71.49561527,9.460696,1
832,0.130043074,2.905317809,87.298551,83.39462218,11.531059,1
767,3.49779412,4.520784485,109.713872,73.7347593,1.940907,0
1033,3.229125825,6.051614999,100.800851,82.95607829,9.618059,1
852,1.883010439,6.610294676,91.749114,80.47845341,10.413666,1
494,2.560243551,10.02085705,63.797556,73.38638179,10.725752,1
443,3.857910612,3.834195718,65.157694,68.35971095,11.741000,1
693,4.522407375,1.683163642,82.989312,72.29126588,15.178812,1
638,3.562319616,4.20832718,73.129386,70.38380458,15.501047,1
454,2.942091505,6.68390132,62.667734,66.47663086,7.818734,1
556,3.203563223,3.86601184,71.338849,82.81298002,12.066937,1
660,2.310391209,6.548192724,75.688697,75.79140843,15.602061,1
842,2.991860868,3.285393392,118.745647,79.49493094,1.814033,0
1016,1.982847739,3.40941125,127.318200,77.27602946,2.044211,0
945,2.53504341,4.136262358,98.533744,76.24069922,13.014579,1
664,2.10395966,5.798264267,99.093583,75.66451595,1.988051,0
501,3.293375875,8.037788734,69.634775,78.13120631,8.467561,1
929,2.471971508,6.597364192,120.914322,75.88127461,1.877544,0
1140,3.533413249,5.959691224,134.422205,70.44185029,2.241057,0
758,3.719167151,6.993075247,83.919452,78.76664985,12.531185,1
1275,3.547020912,7.389615897,108.316819,77.7644031,12.005516,1
1251,2.64839543,6.68001247,147.437342,70.0978235,2.284339,0
619,3.594601777,6.972503862,74.354555,85.6282703,9.502498,1
674,2.622135494,6.31041928,78.510877,70.87025268,9.633428,1
1081,3.686152107,4.685084987,141.892120,80.93797897,1.776831,0
497,2.028773081,5.434360927,90.135714,72.62431712,1.822216,0
604,3.616477361,6.716742502,73.286227,74.0474664,10.862832,1
670,3.188911125,7.027098313,77.281722,71.96458867,10.605807,1
609,2.705205779,8.660233449,72.799472,72.30078652,13.099328,1
1404,2.076413487,5.676598847,163.526260,85.11877919,2.391867,0
545,0.337845121,7.657709633,73.437465,83.45332437,13.900688,1
667,2.576066826,4.503984938,77.100133,81.48223643,14.845046,1
773,3.10559357,6.041097879,82.579262,79.58776445,12.028687,1
544,2.237523858,4.567125449,66.764961,80.64612127,8.825021,1
958,4.006514527,7.951343195,125.691104,89.0890928,1.680127,0
779,3.38867985,7.122214285,82.127406,80.31269649,14.792199,1
924,3.844013869,2.271132429,129.875633,84.60073365,1.939864,0
671,2.38276693,4.145450257,101.167845,72.79546812,1.799290,0
546,3.858776443,6.43841203,92.624107,79.30565369,1.803026,0
620,2.157903477,5.764050422,99.231618,91.18356497,1.602986,0
1000,2.82074993,4.417744807,129.403220,82.03022222,1.919864,0
820,2.887571722,15.29177682,89.156954,77.67840552,12.264220,1
726,4.164622723,5.178271032,104.456604,86.80173229,1.639383,0
668,2.676840685,6.086536586,81.442733,89.22687274,14.862331,1
830,4.937412628,7.789243529,86.126724,82.69568196,8.388341,1
747,5.273042702,11.02035875,106.295059,72.8700184,2.045672,0
774,3.388640608,10.50480184,116.797310,75.81120634,1.979765,0
485,2.283877785,7.979596752,87.229151,86.70109956,2.025472,0
671,2.758584249,7.611584899,102.087055,70.74572914,1.844319,0
599,4.488273491,3.511631968,99.610966,71.32807154,1.610292,0
593,3.562751939,14.93502237,76.454269,84.0986703,15.678290,1
505,2.241226373,7.022182659,65.930585,83.05673403,15.208438,1
975,3.182437595,8.550699471,132.478840,87.50158119,2.197255,0
665,3.725302711,3.995246866,98.337206,88.9331985,1.743946,0
522,4.348993245,9.309670691,70.600500,71.38757329,9.218228,1
1565,0.214115229,4.452083119,128.052918,89.11685572,15.664146,1
637,4.811610912,5.159252437,76.434451,81.44655479,14.427288,1
751,1.999099755,8.928594391,113.096278,78.93852736,2.043866,0
732,5.446239408,5.123714832,77.729371,85.78428355,14.464548,1
757,2.953205265,7.670139356,79.036190,73.45549732,10.520774,1
1050,4.055016044,17.78670639,99.714548,77.58122632,15.780359,1
1024,2.973985238,6.481360671,131.469464,72.46439193,1.947426,0
508,2.538528489,7.142379558,69.502447,90.73729118,13.979585,1
589,2.933888199,6.358463609,76.141766,75.40374481,10.278788,1
659,4.47277184,4.817080578,102.814017,83.79214898,1.725811,0
743,5.295491124,6.505626814,81.416492,77.13030962,15.364349,1
844,3.354398677,4.810898483,84.502194,85.43791811,13.296434,1
1131,4.33042662,9.74380822,103.819927,74.242791,13.319392,1
751,2.939455221,7.395152577,82.950386,72.1952532,11.511810,1
746,3.752023731,6.16300078,106.681561,71.03793612,1.834989,0
1116,2.407514854,1.903521434,106.610280,78.2607508,12.542246,1
600,2.196823917,7.437346761,98.484809,84.46420607,1.784307,0
696,1.23724574,5.824023235,105.921288,73.98565463,1.853350,0
779,4.428567856,5.829195396,81.387216,75.94757878,15.263377,1
436,2.645255014,1.247320838,66.683912,87.86248849,11.415923,1
890,2.396718585,6.559203204,122.703288,69.29277063,2.088178,0
1044,2.767099973,10.42104715,98.800043,76.00651607,15.329431,1
839,3.809048733,6.57795062,90.920606,76.88465084,12.965274,1
738,2.29224319,5.835874272,113.836115,76.81705896,2.095197,0
527,1.735248796,5.274526666,89.253728,76.42515712,1.518068,0
797,3.368795323,6.057227399,115.438496,75.22221835,1.740142,0
755,4.608047781,4.531649636,85.404755,70.92357062,10.343164,1
994,0.224111577,8.18158933,98.660736,68.67722943,10.595610,1
533,1.895528802,11.49964616,69.715421,66.95705169,9.910294,1
749,3.095541248,6.136058888,82.221759,75.40886311,12.080034,1
1530,3.972198437,5.692510839,165.381974,80.08527901,2.500703,0
376,2.986891282,7.19803912,60.531967,86.77185461,13.813918,1
1661,3.531991195,4.276793233,132.795405,73.59128089,8.410522,1
459,2.02054253,3.473514713,67.080440,84.71054363,9.375659,1
727,1.93679641,3.288156863,83.770235,81.58012471,8.669457,1
1392,4.708216306,6.485363298,122.220370,82.47028863,10.810989,1
1127,2.99243387,7.472023258,103.747847,78.73356489,14.302904,1
762,3.407086649,6.768161239,112.107839,82.99785172,1.835340,0
1070,2.309429908,5.196684686,138.574828,86.44835038,2.074677,0
653,4.093739448,4.921652257,73.235818,84.99987388,11.773471,1
640,4.299563213,6.918561617,75.108863,77.94952982,11.963751,1
1005,4.042843027,0.783795251,133.054528,82.60942614,1.747527,0
547,3.757019139,5.929484196,69.070853,90.20099102,13.788342,1
558,4.1188304,15.08981432,95.379069,83.87659472,1.746113,0
639,2.854497756,4.87924405,96.861473,81.10372257,1.825316,0
744,2.587809262,6.700448392,107.826890,74.60676244,2.009041,0
659,3.546479731,7.352693815,97.634559,82.42226658,1.783333,0
647,2.246459095,11.61380616,104.189418,79.53210473,1.743320,0
771,3.222397656,4.834373338,84.444427,74.18564697,10.356029,1
554,0.429478165,4.489289546,71.867720,77.3091953,8.186875,1
795,3.051263323,4.968039067,112.141848,88.31675114,2.143800,0
594,3.032545073,4.556302583,101.141055,73.74187902,1.658348,0
899,2.463034261,5.814229398,124.529299,69.05138809,1.786117,0
906,3.898433896,7.295918588,95.324453,90.31362386,9.250478,1
598,3.514894432,5.661537541,71.032873,78.94451851,12.918352,1
664,2.906725504,17.53244668,79.215007,85.91828284,15.283586,1
553,4.664958459,2.708272709,67.642250,82.94631273,9.557143,1
706,2.307239245,8.112507981,107.105280,71.63392993,1.841580,0
524,3.753340727,5.187733045,70.346734,76.6145647,11.815322,1
836,2.827213662,7.376652952,121.454000,69.8482703,1.671058,0
997,4.416057798,6.087603739,129.387091,81.28544233,2.121837,0
651,3.700019426,6.032514615,74.891067,79.99901981,11.660204,1
493,4.372544289,3.849172518,85.584812,76.10702059,1.954066,0
573,2.358472365,3.128075086,69.190258,78.95343376,14.029779,1
776,3.759742093,4.312582382,86.918528,75.6628063,13.152136,1
961,2.767816258,4.414344248,129.854842,77.15263414,2.183819,0
1413,5.30875283,6.118039216,165.590874,86.46019338,2.011767,0
1073,1.993929615,4.559109842,130.904317,76.14368583,1.866484,0
855,2.042576789,12.5661137,88.270169,77.33090948,13.510682,1
680,3.945065767,1.35904397,78.212934,77.95305854,13.914400,1
601,3.481969419,4.225235787,72.407440,74.8253166,11.715466,1
492,2.929325806,6.969165424,69.370379,80.49569203,15.728612,1
695,3.354269492,6.134778463,103.132315,88.13357871,2.146367,0
513,3.220122332,5.091344997,90.999043,65.86154415,1.756895,0
761,2.752419197,8.06744331,109.472884,70.3872727,2.136293,0
1042,3.278344343,4.305423712,95.502417,67.05472017,11.108375,1
556,2.961097391,6.412113686,96.468998,72.05916495,1.910147,0
943,2.842817361,2.654912939,128.931662,88.00220028,1.671828,0
746,3.165439547,4.55720556,83.243711,70.67652159,13.453801,1
858,2.829901264,5.392464284,114.242034,82.17172838,2.025632,0
752,1.135251941,5.564095745,80.794084,73.91132429,11.904415,1
737,2.016796197,6.092000602,105.104553,83.13465705,1.794930,0
543,2.359578831,7.30206438,68.122388,74.81885224,12.174677,1
710,2.624737919,12.28507443,101.991853,79.58156503,1.648757,0
748,1.999914243,8.125867627,105.973407,76.1211105,2.007717,0
620,2.865106868,10.7440834,75.213401,82.62718728,11.202877,1
649,3.464224417,6.824166311,101.157033,70.70612209,1.950965,0
844,4.382313561,14.19708747,115.903301,87.94606958,1.792526,0
1202,3.587612245,5.896711132,113.893116,79.68848067,12.250147,1
957,4.622658943,14.08468586,97.267203,67.31525957,9.224226,1
1293,2.828169782,8.365722244,158.183929,77.35274459,2.101750,0
577,1.951118709,6.122452451,75.663374,79.07042041,11.523188,1
797,3.017164546,6.770727394,84.045331,69.25287686,13.910152,1
717,5.49752468,13.9785884,84.387205,84.29455488,11.683955,1
786,4.584701171,4.126631711,110.713789,79.05309196,1.903377,0
1191,3.943203331,5.624750811,108.714542,73.52232359,14.911560,1
933,4.659270836,9.26435905,129.274067,78.36074486,2.191316,0
1023,4.320225838,7.617877792,128.342118,82.50758846,1.968469,0
546,3.818995585,6.732235608,97.565970,77.41683623,2.052216,0
1319,3.654303744,5.198268772,160.765321,82.95285621,2.149859,0
588,4.653905327,3.382438366,96.354977,79.9790514,1.651569,0
1124,3.784729126,3.144654061,138.108790,85.12527161,2.019754,0
971,3.96223474,5.50613734,121.664810,71.75034455,1.821320,0
646,2.174974104,7.978464898,97.187944,82.46865472,1.856092,0
1002,2.191373243,6.664430902,127.523086,78.75466931,1.978815,0
530,4.601008641,7.371770259,69.428526,72.06043302,14.788070,1
1033,2.70477606,8.561346228,134.402393,80.6008894,2.145917,0
1437,2.960023994,4.903322149,157.381042,84.31986357,2.506658,0
674,4.593935325,6.907199901,107.868824,78.87479475,2.005947,0
755,2.854142423,7.044978899,85.086350,73.03187881,13.842688,1
971,3.292745929,2.740716289,129.001184,79.93736915,1.940568,0
589,4.478804848,6.929054099,71.748088,65.3644981,11.943042,1
767,5.40062626,3.149538797,80.045744,72.27791971,11.266718,1
459,3.9335565,9.186890896,66.615973,79.7264286,10.646503,1
694,2.635789896,3.945812382,76.579351,86.94897901,9.698218,1
990,3.07085582,10.00811444,100.377834,76.40444883,10.783110,1
507,3.877199584,7.846398378,70.790865,78.21283262,11.668324,1
2163,4.334791623,3.147198039,224.712840,77.61588242,2.285185,0
800,2.402471827,6.630527653,83.066785,76.60889962,11.534496,1
742,2.396010909,0.913555698,82.534680,80.96708066,9.017923,1
878,4.158025164,2.537920871,92.977127,76.73559684,12.623003,1
1229,3.910160042,3.908173063,147.844746,80.87012296,1.858559,0
549,2.989163419,6.550026299,71.118899,71.50998937,12.552293,1
521,5.023489245,6.798165918,69.471981,76.48121151,12.776182,1
353,2.92611224,5.346117674,60.298814,73.46400294,12.125121,1
640,2.388107493,3.358314423,79.421602,73.5467177,12.754591,1
677,2.269298355,2.410800466,99.646851,87.22518415,1.657011,0
633,2.572487721,5.074380845,100.172437,72.3072492,1.903790,0
775,3.711198271,6.061686494,87.961656,76.28463118,15.656160,1
434,4.575523423,11.38814166,66.459029,78.22308352,13.818869,1
803,3.752971372,7.105288105,89.565153,65.87986498,11.038771,1
779,4.710721698,10.25640511,82.024876,75.53685561,10.425320,1
778,3.152289196,6.432877951,80.688779,83.31350148,14.554403,1
1507,5.111744389,5.322666816,131.332040,79.966462,9.300105,1
940,2.575607723,2.289009696,130.622268,78.54966381,2.173655,0
872,1.324946112,12.43856,123.706095,76.19842614,2.235428,0
803,5.147609799,5.425232213,88.740441,79.8481175,11.442554,1
1375,3.165004241,10.67141711,124.576482,76.74196862,15.424126,1
705,3.395494365,13.88828764,81.419175,73.32107889,15.584458,1
533,6.168664129,3.179575469,69.479224,79.36605018,11.335045,1
949,5.631810411,5.459157788,96.255309,78.41694858,14.947295,1
758,4.060713701,6.017261787,111.157823,72.19893229,1.625435,0
899,2.65621152,4.191578612,122.909783,74.13514236,1.711490,0
1292,0.191380316,3.437653955,155.742657,79.75626568,2.290378,0
519,4.046905998,5.247711831,71.837748,72.71685944,15.021326,1
733,4.43206285,3.63476964,110.757016,75.48913487,1.584304,0
593,4.821193433,7.181601325,75.279029,69.43603695,13.424992,1
702,2.199951755,7.777609996,80.185736,83.39553227,8.849087,1
391,4.927514692,6.102575221,61.913986,82.26158334,9.352066,1
1180,4.240860604,7.643753905,149.541178,71.30856512,2.156195,0
866,4.345612403,4.099512542,87.680109,71.5855513,13.368973,1
899,3.686285334,5.715454051,117.871120,74.36234831,1.966378,0
558,2.517010348,4.460839184,74.330293,71.93149311,12.161830,1
1021,2.151278394,2.592455727,127.806826,85.55252881,2.004086,0
495,1.99606151,8.802410983,90.044436,78.19365093,1.686468,0
847,4.247110343,3.990824292,112.184082,85.74682941,2.204865,0
636,4.114348276,3.965918793,76.150933,82.96124372,12.616202,1
936,3.706628305,8.363054813,90.613382,79.73961354,10.326950,1
610,3.781660612,5.72745848,101.442424,74.49359431,1.935034,0
800,2.948525854,5.12471775,116.017492,67.2205346,1.908810,0
1053,1.979318637,8.656507708,139.062944,83.74744243,2.179987,0
823,4.336742094,8.548018054,84.437912,83.34101275,8.132177,1
830,3.112461092,8.378062603,87.746001,84.36936775,7.940244,1
1399,2.826051793,10.48430856,157.649538,80.12952679,1.939345,0
721,4.9188722,15.31761092,82.899029,76.11495642,14.073621,1
852,2.459037189,7.210422435,116.146393,74.77597401,1.660549,0
620,2.149065772,6.713033008,71.226297,74.06627763,12.643457,1
753,3.928512558,7.853878747,108.086077,77.99560137,2.043457,0
752,3.426914626,6.457072285,82.097179,73.69416585,10.824661,1
883,2.403213762,7.642937117,89.141041,78.96328271,13.760589,1
535,3.15943959,8.676361213,69.019384,80.75274747,10.072307,1
1458,3.358278627,9.51353904,168.312659,68.91954676,2.295983,0
1162,2.029417721,3.661626679,110.693123,91.82027287,15.451470,1
499,1.954928139,8.795584313,69.230272,69.62034279,8.829288,1
1576,2.634253143,5.925294741,172.202986,83.56679436,2.314599,0
749,2.242714308,5.500313642,86.233961,75.94354284,7.968214,1
752,4.254488135,6.616478385,113.143552,72.85106017,2.094123,0
645,4.824203101,8.477634398,77.241285,71.34299271,9.215714,1
403,4.35605362,8.797611537,62.661730,77.7122486,11.940527,1
898,4.125623676,16.44408191,94.372673,73.68501161,9.026831,1
1019,3.485740857,6.848489492,130.640473,87.00381638,2.035011,0
1283,3.177310896,3.229890618,118.160956,84.39326867,8.882003,1
888,2.094400979,6.235994373,121.082956,67.18182698,2.125067,0
1038,4.209711943,6.598762275,127.489341,85.18858824,1.755433,0
981,4.039091809,4.116960531,92.774953,72.37231476,10.469175,1
412,5.140464903,4.221027477,59.195484,88.14674309,15.371406,1
793,4.146524739,4.743269041,88.065179,72.31231475,12.406547,1
552,5.146572225,6.383028239,73.107423,81.43547866,14.011734,1
987,2.814294369,5.775406567,130.925968,86.98273946,1.932454,0
501,4.166726088,8.329409608,64.358171,77.37836497,8.139689,1
720,2.557888238,7.056284787,78.167804,78.18423451,12.038395,1
428,3.849504483,6.385836862,62.714527,74.05211563,14.465183,1
982,3.001012099,6.647766539,123.295722,81.56059472,1.967375,0
1140,2.138910556,5.074697873,110.931776,75.95362289,10.079115,1
499,0.583923612,6.82331781,69.855241,79.57317008,12.535398,1
845,3.267148359,12.86071435,88.272322,66.97658786,12.594764,1
929,2.572882788,5.233619969,122.876671,72.42087293,2.186383,0
897,2.244507315,5.963944149,90.008992,79.88784006,8.727743,1
640,3.114722776,13.86888155,77.795904,82.03655725,12.167948,1
1380,2.732900468,5.326340829,159.852691,77.95799547,2.085516,0
618,3.76619468,1.548745463,98.758397,81.13691014,1.978193,0
532,2.917542826,11.50514441,71.360000,77.10417977,13.016173,1
701,2.159218772,3.708127206,78.620682,77.39505008,9.049492,1
612,2.415178738,6.024337863,75.291596,76.92363269,10.320256,1
627,2.263591066,5.136609349,72.054506,80.07511935,13.837770,1
1176,3.291520802,1.400143499,103.341791,88.63440372,14.192887,1
680,2.665838402,11.81294791,74.606478,86.13954512,9.671530,1
1052,2.233855055,11.69849528,136.462749,76.02695055,1.995479,0
486,2.724992619,4.44944189,67.771867,75.86842108,12.015194,1
584,2.756676595,6.780129616,93.880409,69.65440455,1.777613,0
699,5.269251624,12.74947441,77.493564,70.3768588,11.021971,1
580,2.122077058,4.767244102,74.728322,82.35610997,13.293382,1
961,2.199676067,3.053861001,129.179740,80.2195411,2.053123,0
644,4.756441273,4.805909898,100.609015,78.9370191,2.020099,0
785,3.165942062,7.023926367,86.866114,84.32210907,13.547704,1
516,1.685105463,6.009137136,95.170086,73.71323799,1.637370,0
1073,4.240177978,6.29959875,136.461704,82.47058741,2.193953,0
506,3.052003295,12.32098133,69.543199,71.59618572,12.279728,1
688,4.250176597,8.05625732,79.738855,76.51915323,12.605260,1
573,2.664164733,8.28618031,69.537999,81.1882167,13.907976,1
826,3.338057776,11.36952314,90.174319,80.87205045,9.983927,1
532,2.279581724,4.440798851,66.200069,74.03498095,15.133811,1
516,1.787462291,3.99897904,91.421069,81.1447367,1.466121,0
466,3.518939084,6.47762776,67.905212,64.62487326,15.515516,1
1220,3.378465494,9.013793366,145.969701,74.89984613,2.208729,0
1464,2.396036323,10.97384287,175.261512,72.30633798,2.471237,0
827,2.667379536,10.96364789,89.625382,80.38921586,10.760747,1
405,2.008248615,9.191454978,63.362102,75.48308291,13.515473,1
548,4.718904306,4.141104266,71.651469,79.71824554,9.232998,1
926,3.069863305,3.92157223,89.418000,82.39005727,8.068478,1
841,2.097121677,4.827057982,83.740616,73.7462881,9.494675,1
727,2.276656374,4.708147078,78.595379,85.89550692,14.495337,1
1426,2.44021495,2.57574215,169.400299,74.57475653,2.263681,0
987,3.186531001,5.854514163,135.165357,70.18716646,1.794994,0
1204,4.95478515,5.332384236,104.609321,81.87259106,10.513741,1
872,3.8094983,7.259358966,91.290440,74.72078483,12.306247,1
641,3.416582143,9.352443535,73.989257,84.51833871,12.958083,1
1370,3.721434563,16.26800286,152.766489,81.93219044,2.197815,0
931,2.496814511,5.327662256,124.081239,71.94462439,2.087881,0
710,3.639991104,4.561255652,109.248406,71.71505904,1.757874,0
436,1.837354187,9.348115313,65.396187,70.10638971,12.093216,1
550,1.995626017,7.092544864,96.751743,80.49767241,1.871537,0
378,1.982452455,7.760995147,60.392924,79.83561637,13.111172,1
1515,2.525763098,4.321209059,125.929808,73.69769513,14.405649,1
761,4.319848064,6.415662569,116.320319,76.40898527,2.063190,0
834,4.564749114,5.194108935,90.089199,93.04646028,14.841614,1
567,2.523042195,7.334740608,71.114453,72.61563644,15.620635,1
651,3.990827342,7.889435394,77.876015,79.81730819,15.422967,1
525,3.945840092,11.90858961,66.233132,80.15108577,11.317907,1
1197,2.774249302,6.1347017,151.218769,80.19478635,2.319300,0
899,2.432681301,6.570014017,118.472356,69.62355112,1.925657,0
660,3.04736774,4.622788298,79.920087,77.92627557,9.257188,1
1097,2.173123877,6.238047224,138.688667,84.24771477,1.785048,0
623,2.053879916,6.806129389,100.177762,79.3492055,1.697957,0
812,4.683825713,8.087663738,116.237141,87.59988145,1.970388,0
1114,4.648001894,4.565012769,144.133582,76.67879283,2.140483,0
871,2.470926284,5.881057836,91.446898,80.33820255,14.169579,1
1020,3.876021687,4.343183406,125.392512,79.65045826,2.242581,0
1009,5.779996587,6.983188372,95.281296,81.32710045,10.681421,1
950,3.292651863,7.947772179,128.257269,81.40521144,1.926643,0
739,4.114598536,11.40013383,85.101144,64.8541171,9.869136,1
1339,3.5787087,5.789509762,159.867435,72.98524855,1.915546,0
361,2.457811798,7.596729811,60.664629,82.56668005,8.911359,1
1028,4.294797249,8.984203994,99.097450,78.53467012,12.318997,1
808,3.210353715,10.59495719,109.472554,83.99571184,2.030028,0
751,2.616765633,4.787736091,83.391539,87.36805153,14.813421,1
584,2.733811508,18.16840153,73.527024,76.3831514,8.302143,1
762,3.292349098,6.630906929,83.990160,65.30807002,8.219232,1
609,3.328272534,8.85076047,71.563249,93.60268601,15.036309,1
958,4.983134663,7.697940605,124.175789,82.41117628,2.179417,0
896,3.475186413,6.644962989,91.158967,80.69806972,9.391587,1
631,4.104766228,6.279997503,71.800216,88.29809084,10.588875,1
895,3.437007363,7.939231114,89.421255,86.37605344,11.294118,1
574,3.471793583,5.209547083,70.496925,70.76557447,12.151631,1
733,2.847440763,4.225404469,106.375897,79.04892537,1.782880,0
630,4.639606269,7.638461426,74.764786,70.09354123,7.953232,1
680,2.354005056,6.253779085,99.582979,92.4581254,2.007885,0
646,2.23599324,7.854342318,73.932705,83.69132744,11.390227,1
579,4.665784396,8.5663108,92.383264,77.03496773,1.736855,0
452,2.900880603,8.871212373,66.341465,73.30901257,15.529209,1
802,2.596787337,9.30862465,81.830758,81.40476635,12.420029,1
1043,4.684861662,10.44174958,131.760650,82.44060761,2.118513,0
1671,4.928290096,2.784336444,177.221459,83.39282106,2.625927,0
1008,2.325848635,6.902712009,101.525475,85.20244894,13.246788,1
727,2.807677895,5.747073131,80.722744,84.40140621,13.038104,1
1484,2.855495735,5.571666127,164.488936,76.66908843,2.380138,0
470,4.109189029,15.31196456,64.174516,72.55448115,13.635439,1
479,3.912619721,12.31288099,68.957467,83.24305195,10.068809,1
478,3.681887542,6.430745406,68.941719,70.07667194,14.900137,1
517,2.912987186,7.71037269,68.629847,77.21383741,12.571749,1
469,2.302879195,8.282288131,63.482582,72.53291719,11.631096,1
885,4.333912833,6.035898722,88.603282,74.01744901,9.750405,1
1437,3.980945548,8.193097024,119.966457,76.84654416,14.445384,1
1135,1.492130391,4.673201927,107.251692,71.69886027,10.876573,1
500,2.648829892,2.652648736,90.729946,80.67537193,1.468676,0
779,2.542744287,5.286427164,83.177271,76.51654751,8.745156,1
370,1.937570379,4.531937223,58.965810,85.805921,12.465484,1
794,2.434774431,6.397604132,84.172181,79.27535763,10.255404,1
724,3.032054408,7.646242801,82.603594,78.03078742,13.269107,1
748,2.727539078,8.694807838,110.096059,85.96335775,1.613072,0
980,3.332947125,6.946913764,97.110327,65.19769951,9.182440,1
589,2.352595889,7.649874643,74.546300,70.50616847,12.105821,1
1094,0.555230493,6.286631462,143.506687,75.73236425,1.765812,0
423,4.653188053,7.759257637,65.119635,69.97916226,12.640075,1
978,2.154908122,4.136235945,125.254821,89.76875355,1.779931,0
778,4.582201753,5.370827511,85.027830,86.4100647,14.862551,1
806,2.573152551,6.069167663,117.042468,89.16107215,1.714388,0
803,1.65738194,5.455268994,115.718756,77.08577098,1.898099,0
633,2.367211713,4.645571317,103.716535,81.12730043,1.967686,0
1402,5.070777551,9.632538721,168.888084,79.83871869,2.126376,0
911,2.937898622,5.432216787,128.431234,77.29857141,1.828879,0
741,2.937159113,3.350310672,79.767716,78.16267581,10.752886,1
585,2.345836056,3.815857557,69.683209,79.50724239,8.906107,1
604,0.089814153,5.453750167,70.619823,78.26598489,12.129703,1
1388,4.056972957,4.368561383,162.203016,82.85607679,2.412879,0
1224,0.469211705,3.552624631,150.367989,83.11012575,2.369855,0
744,2.714680434,3.535382203,111.074239,72.06686316,1.686728,0
1485,2.50106794,6.527142127,129.372810,68.74173502,12.243614,1
680,3.651401764,9.817431105,107.760251,89.2925858,2.083810,0
445,2.360782623,4.247867409,87.073014,71.57807529,1.522439,0
538,3.722633505,5.260489759,69.162980,83.62512427,11.115542,1
705,1.942400599,6.206831631,109.092427,77.28786644,2.055979,0
380,2.344645151,4.080953008,60.165185,69.77860827,12.144757,1
734,2.886421052,4.967672821,104.311492,74.91800312,1.777427,0
693,2.093544942,4.722262731,108.809817,84.21955571,1.961794,0
724,3.232942236,12.89427826,82.868803,75.23842246,15.600349,1
622,5.536435803,4.208269503,75.197696,83.94320497,11.901195,1
454,3.930352002,6.884859703,86.743933,82.65416355,1.508779,0
978,3.164429873,7.137993062,130.658164,77.78773156,2.085789,0
603,3.091647095,5.632162809,75.612446,75.04417796,14.807524,1
880,2.647890809,5.967658733,118.851378,78.14845812,1.644346,0
1053,3.571034891,5.971233182,133.842926,69.49399794,1.886797,0
500,2.276212633,13.35489144,67.079477,81.1088901,8.918083,1
1185,3.102049828,5.352747304,139.250842,72.78635147,2.207009,0
911,1.996821149,4.37004991,95.324476,78.38871216,12.911281,1
688,4.453284959,12.15434602,80.127728,84.58019369,8.795236,1
907,2.222749467,5.443440545,94.545058,81.56960336,14.630663,1
545,2.198545888,5.147330829,95.681140,85.50884429,1.556529,0
765,3.662511649,5.599867332,86.793559,81.48736693,14.765686,1
715,3.196151667,11.70795546,79.833034,71.28187108,11.374760,1
606,3.373153115,9.388525811,75.374222,81.99597025,12.810207,1
775,2.027157097,7.595937764,83.198547,88.21299312,14.143008,1
1502,4.930148256,6.596562046,121.557724,78.57143509,10.961212,1
1520,3.899724934,6.611468476,169.681204,76.80203539,2.163647,0
816,3.189403861,5.364561399,90.339508,72.77700701,9.807094,1
688,1.96110515,7.795241331,104.282809,69.62339626,1.785263,0
911,5.064813888,7.939205502,89.446098,77.9019753,15.377426,1
1263,3.237449484,6.708915323,109.686781,75.49646836,15.093658,1
853,1.938875002,15.15064284,113.224724,77.07143083,1.756716,0
537,2.861938228,4.276592348,70.520353,77.00659658,9.133445,1
461,3.642850509,3.868962079,89.711233,84.93524542,1.576274,0
790,4.014134187,4.601485389,112.213650,81.73970918,1.863961,0
1358,3.056289471,6.335418946,123.108579,92.85433504,9.995825,1
703,2.340012779,7.352574219,80.371822,79.28621271,8.668596,1
738,2.772175983,8.300100982,85.550813,79.27894852,15.560925,1
665,1.957863181,6.475836175,79.583334,64.31046099,12.340074,1
931,1.819531757,6.267878574,120.047518,84.71489996,2.055463,0
720,5.322046453,7.469587813,83.262197,74.09668892,14.650111,1
1115,3.932280761,3.549403577,135.988402,85.13927539,2.122274,0
407,3.506885534,4.726654878,61.477960,70.8472153,13.438166,1
505,2.795242682,6.52138797,70.092446,88.00494179,15.576222,1
727,3.380269867,6.095639797,83.680592,79.40750541,11.043116,1
504,4.535086028,11.25812855,69.315275,66.82228033,14.359968,1
492,3.803980451,4.14313583,68.324624,73.70448773,13.223160,1
862,4.423556501,4.503944802,88.455963,71.2054877,9.935456,1
871,1.050695563,5.510480296,88.697092,70.90698188,15.182762,1
691,3.699355825,8.170355501,77.505043,83.29219899,9.270886,1
1312,5.963438892,7.563577763,115.614752,88.66197194,11.813807,1
496,2.966083163,5.570274301,69.514965,79.41617229,14.233791,1
624,2.204106672,5.358865548,74.693274,80.36076799,10.024403,1
415,2.87517963,6.245713143,62.476653,68.22250333,11.123900,1
701,4.278792595,5.154193135,81.296764,70.90302954,13.210881,1
551,4.155583887,8.5733192,69.318630,65.22611105,9.880270,1
682,2.529622687,7.795737368,78.143702,78.67930936,13.427710,1
764,3.273622407,5.060327354,83.651915,80.86360403,14.825247,1
917,3.89125903,4.881005574,88.323700,73.46016786,14.399771,1
564,4.468910498,5.764710081,73.802247,72.13409061,9.802476,1
1598,2.855964349,5.186893248,181.581119,79.95939818,2.055176,0
884,3.526790589,6.096958434,87.032591,85.56242202,10.273242,1
941,2.629265748,12.16060819,125.915724,72.59827059,2.171228,0
730,2.894705653,7.200042284,77.317744,76.34978708,12.839690,1
456,2.882751864,7.327899476,90.537488,74.98187215,1.502494,0
578,4.77626768,3.510665852,71.328475,88.40233084,10.490307,1
753,3.937265491,7.991055944,85.817516,79.59108174,12.745072,1
684,3.786217108,6.112776736,77.587390,74.76418628,15.062875,1
901,3.372798014,4.965825775,96.023238,86.47516729,10.910627,1
721,2.830141177,5.970925724,82.145099,84.05258206,13.266241,1
891,4.219918809,5.245979537,88.864741,77.01749428,8.241919,1
383,3.817049098,0.95620863,57.506175,80.06388506,13.625945,1
833,2.50541818,6.895159366,115.659808,78.13511152,2.035973,0
1026,3.200099763,5.492171198,133.534045,86.46288495,2.028371,0
620,3.558180742,7.593333336,77.338551,73.5511509,13.366268,1
546,3.136610311,5.088782608,71.244458,70.61453027,13.688053,1
440,0.467066177,7.167337327,65.254034,73.20269147,12.967682,1
474,4.057276688,7.177164866,66.888492,76.32885491,13.446533,1
1322,2.630959263,5.043802657,150.547435,82.22481347,2.173087,0
1070,2.160736656,6.198572667,132.800561,72.97249601,2.270801,0
741,3.491187381,9.184080896,82.864454,80.28199715,10.112248,1
550,3.643084078,7.095349297,89.474080,73.34613285,1.915117,0
634,2.219873604,2.990350899,99.484948,85.27810458,1.941480,0
821,2.337067118,9.427574485,119.727013,75.21025274,2.055855,0
793,2.598292695,5.789648482,87.973284,75.42971055,15.340029,1
579,2.312672393,6.106166325,96.024014,71.8445045,2.056931,0
1063,2.274479011,5.507048068,99.420894,85.19747484,9.256358,1
689,2.801202849,6.40489986,76.184082,72.37104444,12.553507,1
1031,2.010031002,9.044388084,96.723108,81.19868306,13.732815,1
509,3.364882226,6.220950885,71.326040,71.73843253,15.628229,1
700,2.394230068,6.311877835,82.807063,72.09711565,11.771697,1
1071,3.448214402,6.59887166,102.810613,83.4589844,15.812597,1
441,2.247834651,9.688569254,61.050344,86.88807059,8.950898,1
676,2.390640601,13.57276558,75.811597,76.2095473,13.078128,1
575,2.997144675,7.105362156,73.355840,73.99519154,14.622034,1
392,3.941430493,12.12821812,61.489601,81.48524642,7.797593,1
657,2.131555012,3.765155187,80.236224,68.77200491,12.987110,1
1246,2.947660074,7.006464904,156.067323,74.48630739,2.134884,0
1581,2.818947078,4.519570361,128.114616,75.44841236,15.712324,1
1419,2.6239989,4.651335595,128.209487,67.01642888,15.175211,1
737,2.332747241,6.421357541,79.453671,72.9757021,9.998124,1
655,3.714818525,5.2731771,74.698937,79.38787362,9.293575,1
489,2.602952182,5.176468362,67.872754,74.30651442,13.637785,1
777,2.413069009,5.055954937,109.977883,75.45691939,2.178190,0
885,3.187193468,7.628478897,88.054590,86.77722259,12.441005,1
554,2.528408069,4.328837989,95.069806,66.79110709,1.698191,0
914,2.131956379,7.730290198,95.833577,81.03150699,9.839023,1
1087,4.653519406,6.749792344,137.203521,81.44314012,2.303228,0
516,3.56090331,5.2317201,66.846314,78.78923286,9.250215,1
582,2.518824273,3.921330672,70.382046,72.8950488,11.323675,1
429,1.921873968,6.217217863,66.207534,90.61633844,10.844017,1
562,0.158712284,4.889463764,98.337261,82.33448963,1.867978,0
636,3.197928275,5.356711764,76.311028,79.65939971,11.452961,1
610,2.451241616,7.248418669,97.688561,90.35185567,1.758030,0
450,2.175625385,5.677933074,64.260108,81.02474343,10.399639,1
1424,4.182182187,4.712657334,166.775375,75.89590962,2.095421,0
678,3.260985888,6.802940406,76.958916,70.94422168,10.839264,1
1171,2.82625566,6.509751709,104.763959,79.7384304,15.997423,1
484,3.275082053,10.24875055,67.103255,74.12984563,8.916422,1
724,2.588873405,7.61564557,81.614613,73.54353069,9.669767,1
895,4.13775442,5.803053496,116.757330,78.1776695,1.917068,0
571,2.431860886,3.953109919,99.422269,70.34191332,1.648847,0
681,4.210146606,7.11600012,78.198011,78.27837279,10.769810,1
633,3.270640938,5.198359137,72.703697,88.19791989,15.002132,1
765,2.64841739,4.288894347,114.344783,75.19877781,1.993358,0
761,1.90794551,10.83284203,114.275742,82.0968594,2.137628,0
694,4.810860735,3.983599135,107.602152,79.90574681,1.909552,0
1058,2.640920703,7.873952821,102.872510,76.86724207,12.849109,1
814,2.754250711,10.34175075,86.519339,74.51025038,10.619722,1
644,4.398580099,3.913021681,103.057620,83.63044119,1.668061,0
554,3.511495313,10.13244565,72.047081,69.4511012,11.601511,1
1318,4.197459856,2.459418764,114.976786,91.68672694,15.864230,1
1387,5.206705705,5.011987203,167.095971,73.38307975,2.045712,0
864,2.728083908,4.272786523,124.390747,79.85604014,1.788310,0
1087,5.029423439,5.62218351,107.237352,83.78407765,11.921009,1
809,4.193358477,16.4248639,88.345747,77.33917832,10.867436,1
930,3.064701284,4.538292028,123.080665,76.24539923,1.764393,0
945,2.350615757,4.857261909,95.789408,79.86160809,12.060974,1
460,3.226160704,5.494551844,66.497495,76.21165757,13.720095,1
539,3.119793966,3.922814457,71.339195,70.19572987,9.636274,1
1190,2.290647104,6.547939451,105.311396,73.25382114,14.934854,1
569,2.135184224,5.745028562,69.046614,83.97949511,14.575618,1
599,3.946371688,3.704981751,70.440346,84.39772207,10.153530,1
661,2.442122139,7.807053422,78.105355,78.36030342,10.940514,1
991,2.817086283,10.9603186,124.358030,76.05410356,1.882054,0
865,2.167454838,4.971094759,119.049599,73.05591382,1.647438,0
674,2.749527096,12.77393977,75.358384,68.79481561,13.343809,1
605,3.244584218,9.447193942,70.261678,77.99222878,11.795189,1
807,2.222978657,6.580868232,118.092829,76.50290003,2.165227,0
669,3.379987503,4.838555386,75.922757,83.95043859,13.347342,1
623,2.189107705,5.139113666,74.757463,74.92552234,12.114309,1
645,2.433633736,8.998869655,99.843750,81.0662488,1.668873,0
775,1.966439734,3.1408551,86.908130,87.74504483,13.640568,1
854,3.128561286,4.838867959,117.272496,79.48810094,1.987066,0
1260,5.016134797,5.663591155,144.284992,76.34421401,1.876011,0
774,4.515213747,17.32980004,82.576628,91.43192304,15.742575,1
868,4.230573229,4.466817724,88.932982,91.35278749,9.016305,1
877,3.074550616,8.294996465,92.263794,76.27615053,14.029559,1
905,4.044413733,6.018704997,127.640170,80.88493148,2.109062,0
915,3.79158678,5.86040647,119.227725,78.09787867,1.874821,0
709,2.552271058,3.537745824,77.364264,84.47250857,13.572685,1
723,1.772147348,4.389838692,106.945191,80.76771549,1.917270,0
1283,4.637104739,5.843728525,153.068869,67.60745701,2.233116,0
431,2.431606693,8.55008133,65.049446,89.58777948,9.976972,1
1558,3.338422227,4.852107661,183.350621,68.33713703,2.480696,0
554,3.434187857,3.935704913,69.731460,83.22771529,9.781277,1
589,3.351885145,4.440074153,71.943175,89.65590749,13.504549,1
476,2.278964054,1.443827574,68.888851,81.90563106,10.796675,1
1011,5.56374303,6.18110806,99.520036,77.55258656,14.359929,1
562,2.071875451,5.239956012,70.386538,77.58060169,7.937816,1
582,4.331407503,10.29785707,98.510149,87.89711135,1.756846,0
843,2.868510627,5.466811049,90.910373,76.11028532,9.995502,1
668,2.077727183,6.477922753,76.833049,74.44268178,14.296015,1
1437,5.191605846,3.065888409,173.165461,94.7030257,2.027191,0
512,3.020930919,5.011083855,94.795539,78.3404663,1.860597,0
637,3.245108983,7.322305862,103.049161,70.58574279,1.579533,0
870,4.615583839,6.445005831,89.357662,74.3871941,12.929395,1
1033,5.066918034,12.25333967,139.191132,69.97431553,2.161680,0
573,2.659563136,7.351803118,70.316217,79.54941677,9.259567,1
801,2.920603443,6.283747633,116.997994,67.97907503,1.638054,0
567,2.836649731,12.45724377,74.769871,75.97248602,9.912977,1
677,2.060733056,5.031463189,80.889212,82.64952274,8.672188,1
459,2.942150066,4.680839019,64.286098,74.343417,8.036352,1
772,5.623166861,3.858527449,85.323571,73.56506715,12.705942,1
699,1.888278791,8.051474929,102.640146,79.54731969,1.970452,0
551,2.459554853,3.442080761,98.185736,79.48771496,1.876514,0
388,2.661658328,5.714024977,61.537746,70.15362259,12.257600,1
947,2.892080658,1.61294536,123.862653,69.12410921,2.145839,0
719,3.073326307,3.956572391,105.723571,77.81536655,1.573095,0
1439,2.263345792,6.116457593,122.457354,78.60299184,14.173358,1
681,3.033815609,5.511051491,100.758045,72.2932471,2.032267,0
519,3.045280899,13.35952521,69.688844,70.22625618,7.980771,1
881,3.051703004,6.301688743,123.672889,79.26924427,1.963051,0
890,2.460128087,10.34005905,93.227934,84.69723056,13.072499,1
667,2.834561241,5.403618919,102.469940,77.59558163,1.871981,0
760,2.722903201,2.782006587,111.471377,85.91241941,1.940327,0
841,5.420151341,5.724991856,121.820207,71.25042963,2.147309,0
722,4.728516395,3.900730096,108.571733,74.77654549,2.155570,0
929,2.27538701,3.263328178,93.582822,77.0243075,10.353302,1
566,3.720735245,6.374333642,70.348921,73.34352713,7.809112,1
1200,2.614959172,11.86190586,150.689691,72.41328639,2.127408,0
1276,2.433193965,5.768110898,153.906532,84.36188781,1.882142,0
834,2.856045824,5.472517713,113.941242,77.0789499,1.789108,0
586,3.057590138,12.15206868,76.091665,70.69097593,8.184064,1
1193,2.169067832,5.622737705,112.032076,79.53482306,10.211128,1
835,2.062984959,7.514094506,118.497355,85.53705889,1.924566,0
1092,2.598047834,6.188768127,105.385558,72.51581225,13.461876,1
838,5.602601548,4.659755813,84.285594,74.28572085,15.734668,1
584,5.907401763,3.34390372,73.782250,73.16536807,11.191284,1
850,2.359059209,5.958804338,118.921914,75.93705098,1.947635,0
1322,4.582692064,9.728395587,114.420896,76.57460389,9.865472,1
683,4.015841398,4.704870392,74.820606,69.47602947,11.022656,1
691,2.945020696,6.100260381,102.378088,79.97387811,1.586562,0
546,2.15837423,4.482668323,66.894562,80.44317197,8.457919,1
1288,2.552106924,4.880256712,148.623221,73.60890597,1.999174,0
929,4.25309464,7.078998105,96.831604,70.45221818,9.240805,1
606,1.707440337,4.526986603,102.662663,75.30425896,2.015305,0
576,3.117680552,4.713397622,69.466955,75.98546917,11.883585,1
1345,3.833082216,5.636090299,115.882676,75.02600834,12.822373,1
1187,2.722443428,5.958199617,150.210618,89.43396011,2.281660,0
1223,2.577140609,5.318526121,114.474198,84.00593946,13.841798,1
895,2.963499562,0.63097804,127.187426,86.30782668,2.164832,0
937,3.883726887,4.817048619,128.010845,91.99914171,2.006746,0
605,3.470679035,7.196470112,73.912671,82.17678075,9.052205,1
456,4.478181634,3.790858187,64.024937,91.14256024,11.890180,1
626,4.632697599,9.455323672,98.719074,79.93333144,1.825568,0
797,3.43874565,13.97708792,111.167002,87.7682483,1.855782,0
564,2.376888701,7.011237467,96.717339,66.86688168,1.842583,0
964,2.968759399,4.100594881,125.922590,77.92812578,2.214764,0
1253,2.651424602,7.859061097,117.349873,88.50065636,11.829195,1
690,4.779985364,7.811767523,82.670527,76.61669714,11.993253,1
899,3.224598978,5.91611649,95.409946,81.45722049,11.485735,1
503,3.745668333,7.832278761,68.508870,80.3766879,12.736102,1
1323,4.023417046,5.895854035,163.038992,76.43241851,2.095066,0
1428,4.647000805,3.964178159,159.583323,73.53450213,1.942130,0
936,2.940127611,5.477091915,96.476349,77.45324168,15.375503,1
1161,3.408980023,5.261298753,149.015636,66.09409732,1.928414,0
619,4.37918581,4.516283385,97.354296,75.34375491,1.995315,0
536,3.107335323,7.474481334,71.679512,79.5916449,10.077667,1
552,2.07845187,7.065272471,94.888270,77.4435983,1.541845,0
886,2.587635126,7.319640054,117.061689,74.00963353,1.716804,0
865,2.233431419,6.052789792,86.502871,83.05924717,15.177573,1
759,3.098269394,6.114424066,86.581907,85.9934161,14.907658,1
587,1.138534879,6.361158511,74.711373,75.7133558,8.915496,1
683,2.910010647,7.905773807,77.654622,83.62751116,9.512163,1
1084,4.411897714,4.431214194,131.591004,79.09158354,1.845262,0
803,2.079326981,9.488872467,109.473343,77.34054473,1.994325,0
929,3.040095617,7.295838857,97.161731,63.41895256,13.982980,1
472,2.416655383,8.300200752,64.364950,73.84866583,7.930919,1
807,4.160043188,7.929488599,109.885043,82.96512481,2.050290,0
1412,3.181684504,10.53348577,170.160128,76.79226114,1.969786,0
756,2.589480559,5.017155521,108.113930,77.95928963,1.626247,0
1356,2.765742254,6.197655215,119.703265,71.44706887,8.602797,1
495,3.541827446,4.438543557,64.967489,78.52609268,7.983722,1
742,5.462015957,8.51272173,80.900276,85.92711165,14.407788,1
673,2.069709326,6.279276814,81.381768,77.03353497,10.309720,1
1084,4.160295286,7.529315103,142.420601,85.18320117,1.957797,0
919,5.191460101,3.854911911,91.309707,90.57603956,13.486527,1
744,3.173391813,4.234501647,111.331956,76.67499759,1.924473,0
1295,3.37088576,4.306300886,160.688146,82.17312046,1.978470,0
487,4.229861295,6.63387838,65.635976,70.92247256,15.505148,1
548,1.987983547,8.270534004,71.943300,84.29503517,12.137875,1
484,4.548741181,8.992946319,64.657845,75.75483045,8.267593,1
1275,2.727497013,8.206415412,110.565439,67.47457766,11.999533,1
814,4.278530115,7.475020155,110.366578,78.06702034,1.846089,0
790,2.121711261,6.335796078,83.703438,76.81601477,15.502915,1
586,1.984137207,8.842111096,73.651138,84.34636403,12.971134,1
610,2.968701714,6.679252083,73.317809,86.90066995,15.477986,1
497,1.967761884,4.667555338,69.410889,79.88291247,11.579317,1
820,3.608192403,3.519850188,112.588343,75.0349822,1.797347,0
421,3.119267836,3.489795701,63.617680,80.27232923,14.802272,1
504,4.164169345,3.858399512,68.349229,78.91368858,12.265791,1
475,4.559912687,8.457963182,64.689254,88.13201718,10.686580,1
398,4.794103656,9.862642817,58.343430,87.42792024,8.104748,1
512,4.005937582,7.317520785,68.233322,70.58357809,8.290780,1
952,2.145680185,3.626724688,130.851655,73.91089281,1.857746,0
1025,1.926550363,5.958449484,133.691685,85.98314584,1.794439,0
641,2.095956547,6.116655672,76.853864,80.2153329,9.499287,1
554,4.786536154,10.40657027,70.441663,83.15560689,10.011167,1
1292,4.061317742,5.812201429,120.069396,81.77769326,8.684018,1
1057,1.969749234,7.026997426,97.967741,83.76587408,11.812413,1
1138,2.888860211,12.92653363,144.016938,79.41897967,2.140870,0
600,4.169066648,4.665348617,71.382489,77.90331968,12.643174,1
764,4.295791003,7.41122188,80.793488,74.74555656,11.232074,1
656,2.773130222,8.597174015,98.308210,93.54128328,2.081175,0
394,4.147297723,5.351542721,82.053794,81.26948706,1.579422,0
639,2.834973305,9.091099932,73.128539,72.30354374,13.689964,1
1477,2.469250605,6.621739351,170.035497,86.70833542,2.283045,0
922,3.121464542,4.326641623,95.448661,70.47608262,13.763302,1
893,2.817946572,6.62062814,93.379187,74.36295653,13.325607,1
653,3.012562408,5.295869964,78.411469,85.90874986,11.238691,1
598,3.989711456,1.041799904,71.998081,78.88947184,9.657563,1
646,3.787636063,10.02478837,105.794302,69.08087132,2.005253,0
1284,4.934090073,6.026293511,146.215306,85.32268011,2.154434,0
589,2.220802326,4.943907218,73.177564,77.51471062,10.735704,1
513,3.592777377,3.940012346,71.277003,85.72557911,8.816005,1
673,3.356452332,6.790750918,78.884983,89.39873128,15.671578,1
760,3.290331457,5.461291798,107.452855,72.87642217,2.083290,0
568,2.020460051,3.5187598,68.282460,82.46473969,9.971599,1
982,3.566382466,9.087018223,93.366993,84.20718528,12.336293,1
490,4.219387739,14.001614,66.148285,78.26021159,13.900968,1
635,2.955136992,2.302096932,75.570662,83.24832314,11.422079,1
812,3.033091836,7.363829758,109.315394,77.55228833,2.148803,0
811,5.452593264,5.079589925,116.074184,90.08560545,1.770022,0
562,4.188955892,11.34297754,69.906232,87.27144577,8.281522,1
735,2.1182035,4.244367999,109.458110,85.67129721,1.849211,0
466,2.634789107,5.23514659,68.156104,83.43722631,9.158592,1
463,2.528990995,4.724456508,65.274607,71.1049122,14.412809,1
595,4.829696006,5.913127965,70.290744,84.57475052,11.534388,1
1006,2.016052849,6.807532072,129.867430,81.06035072,1.944210,0
1027,4.700318854,4.521629319,97.128912,82.60303977,10.742975,1
615,3.322634631,8.714963305,70.778533,72.12613767,15.778633,1
639,3.292826585,6.614160453,76.369186,68.94284225,10.539192,1
927,2.604149891,7.353933411,124.860182,86.73816092,1.766689,0
1064,2.669162954,4.426853867,98.009970,72.01409509,15.638308,1
432,3.892692923,9.15735894,62.755745,80.43460077,14.091873,1
762,3.629248359,10.39714645,80.234234,81.04682864,9.275087,1
597,3.412327206,9.483275013,97.380387,77.8534477,1.660701,0
650,3.100163409,4.528618733,103.509734,74.22668705,1.891187,0
554,4.43672251,5.434252245,98.861390,72.90658657,1.478526,0
966,3.195929587,7.453364395,129.212033,84.3427966,2.046628,0
570,2.702416881,6.30579412,68.336351,77.13490217,8.576486,1
434,2.235895295,7.95014947,81.935656,66.80781646,1.498905,0
626,5.027928636,5.871868336,71.670449,83.74601136,12.291455,1
650,2.790332611,7.129545674,97.170509,77.92687468,1.918179,0
892,4.902490516,1.021022456,118.630084,79.78775444,2.160472,0
701,2.776639272,9.597709044,80.591923,81.9425631,14.704618,1
1301,1.894514714,4.959315643,116.050782,71.55823109,10.518740,1
755,2.585496375,5.361178546,106.694355,83.08226239,1.713843,0
648,3.107832869,7.524984651,80.004277,86.81934895,9.660486,1
794,2.837136568,5.995029907,88.199524,75.61647903,13.768323,1
915,3.970611538,7.694556608,119.465560,80.15943386,1.680159,0
922,4.377799248,14.21308042,94.843361,84.87644223,12.394327,1
658,3.507145485,5.331730667,102.234817,77.76786912,1.646350,0
801,3.848380251,5.25615393,110.743606,81.39050167,1.678849,0
701,3.146798783,5.832339253,76.182305,87.2261829,10.655924,1
839,2.751160865,12.21937115,116.619274,82.14096782,1.661620,0
439,4.177911598,4.912298773,63.579256,85.64628029,12.383504,1
1008,3.981444438,9.157360876,96.948758,77.28211354,13.889781,1
1176,2.051559246,1.528981319,147.029690,82.94344779,1.874837,0
995,3.150974617,5.307758213,93.924485,82.7574553,14.336194,1
926,0.879409118,5.93137593,121.065279,85.30602236,1.859165,0
816,2.4765563,7.148462324,89.282740,81.58926998,15.844675,1
830,2.259635853,4.749004491,85.697868,82.25647627,11.810588,1
1017,2.806894209,4.171261228,134.330463,87.42475679,1.878006,0
723,4.14980797,1.969498206,106.559186,86.70079825,2.138264,0
768,2.564885975,6.794118586,87.206265,74.33866566,11.934967,1
771,3.393679901,6.027890023,85.831098,77.71809688,12.662511,1
685,3.676548886,7.577544239,108.209716,67.09508974,1.655319,0
859,2.880869186,7.647686852,88.631368,79.83482554,9.481515,1
566,2.503092509,6.908744284,94.725464,71.88124099,1.632474,0
1144,2.00248792,7.976197474,107.630142,82.57446551,10.370099,1
876,2.20625393,10.51579384,93.653912,87.98696939,12.389431,1
1190,4.44171077,15.1564709,109.164160,75.13702131,9.212546,1
622,4.408821227,12.0951616,101.040370,74.47878985,1.739887,0
544,2.75187648,5.876005965,69.821811,83.71887967,8.578524,1
1123,3.596865898,5.056221015,134.302981,79.14113899,1.765283,0
1087,5.623546672,8.442567004,101.817115,67.70333335,8.367576,1
605,2.088223865,4.2337699,100.158273,75.08914093,1.605863,0
735,3.755727104,5.027669547,105.598193,73.99625033,1.711721,0
443,5.521243872,5.968208556,66.838841,71.58029273,11.753130,1
756,2.918155135,10.59431453,86.167662,81.99455292,13.642707,1
1006,4.166020977,7.498647902,132.395724,74.12591685,2.150040,0
538,4.831608807,0.618633564,94.177003,74.45787452,1.546108,0
373,4.543586614,6.267948252,57.345928,66.25708159,11.066537,1
672,2.470481306,6.813355158,78.177005,76.10738166,14.642180,1
1330,2.573914105,8.465313461,119.131997,83.93975452,13.630253,1
999,2.646182344,4.854381823,129.568694,76.65385249,2.139189,0
534,3.129785466,5.809633905,71.057379,80.46175329,12.692301,1
789,4.62701174,7.567452805,80.777454,66.05385231,10.452729,1
436,5.325462638,7.10494088,63.699294,85.70740079,12.063945,1
442,1.921179076,5.227055649,66.542564,78.42947829,9.404146,1
1138,3.087709706,4.839036773,110.947591,75.39574277,10.097109,1
674,4.397314642,7.889572027,80.861410,82.98429289,13.088490,1
642,4.522172837,6.365229482,74.235789,72.25208022,7.892193,1
1222,0.226517282,5.742672629,146.937611,70.84288141,2.366274,0
653,4.06073824,5.55021153,74.411531,85.17175598,12.159834,1
469,3.283812058,7.384226538,65.614649,75.23278655,15.681808,1
598,2.753040218,5.68614777,74.147996,79.45005652,11.485158,1
820,3.155973257,9.825683404,88.172501,74.71370972,11.304067,1
828,3.377321976,4.441523019,88.757237,80.5445842,8.257984,1
733,4.397804383,7.884986696,82.557682,70.0272306,8.649454,1
1055,3.245473665,6.809218878,133.069802,78.65761348,1.773029,0
836,3.268768412,4.624212528,90.132089,73.89714826,14.586838,1
755,3.211364862,6.860397056,79.160414,80.88722243,14.852125,1
1565,2.115711168,8.582130861,172.268710,76.99266616,2.364891,0
524,0.809676792,7.93922041,87.953578,90.9579256,2.028496,0
984,3.692439228,5.295042233,98.817422,65.33222735,14.927146,1
719,2.593018528,5.547753034,76.862870,69.03917756,8.481318,1
645,2.828503877,10.47814797,72.554791,80.2025899,9.044404,1
972,3.12799737,9.56244605,98.968034,77.96549729,13.509991,1
845,3.547397046,10.42771289,84.228131,81.49525633,13.161131,1
596,5.268247431,8.241029388,75.344708,71.83303518,9.394961,1
914,2.97960631,9.607924349,94.329797,74.9742769,10.281801,1
601,3.040453527,4.208545436,75.288872,68.18824743,13.054096,1
464,2.055103607,4.396100517,64.619809,75.92659444,14.812383,1
798,3.633651891,8.267672403,119.073568,87.57833545,1.827369,0
1082,2.201226686,6.716465858,97.737472,88.17967986,9.337152,1
674,3.142781749,9.442839399,107.464340,74.41205392,1.936370,0
572,4.429403877,7.447112704,74.508235,78.23200239,8.347316,1
884,3.69193888,5.566827864,93.427085,72.17353831,15.166535,1
471,4.42414867,6.727536103,66.439217,74.09295091,14.366086,1
666,4.872491384,8.249747308,74.554803,71.84767075,13.904386,1
775,2.242732969,5.80425717,84.825108,90.83281852,14.858780,1
976,4.382339044,7.029355479,128.192837,82.05642979,2.200176,0
420,2.389656257,6.538598508,62.563021,88.09973465,9.794281,1
1471,4.9297411,4.571054296,130.157183,82.16805967,13.027286,1
815,3.487142806,15.8345508,118.547325,70.6651168,1.797963,0
865,2.60133527,5.815742601,88.322346,88.51206339,12.390816,1
590,2.714852043,2.746143538,69.957106,79.01452686,13.965274,1
1064,3.732061215,4.42158867,138.611148,88.58099489,2.120388,0
546,4.851892187,3.735397979,72.713386,76.39858175,13.037261,1
796,2.748740549,6.85134519,82.500938,78.91911621,10.683874,1
710,2.497250159,5.708880165,78.825366,73.69179916,9.348767,1
808,2.415132601,8.338046523,87.384538,84.84343589,13.371513,1
583,3.387938808,4.736459027,69.936373,78.01220232,14.916528,1
396,2.730055226,14.27441545,62.525924,81.4526832,12.460398,1
454,1.826373658,4.996200964,86.201088,70.87621038,1.886235,0
818,2.212251135,7.360008835,110.047014,73.50948127,2.053795,0
1043,2.582667268,3.862824638,103.961262,75.08076156,10.517689,1
424,3.047965177,7.695796997,63.416550,80.58099891,9.531017,1
709,4.223219128,7.470361657,83.849847,82.45070365,10.183245,1
720,2.890416578,7.655366893,78.839031,72.55531269,10.049620,1
604,2.212106692,6.522291074,98.315067,74.87554011,1.856129,0
520,2.158544654,4.428864146,70.468689,81.22087418,10.091117,1
946,3.454385524,6.575467404,97.080196,80.69041121,10.100972,1
626,2.846663082,11.25797938,78.576913,81.42331064,9.364260,1
784,4.333658486,6.633997864,85.166039,76.35219697,8.572198,1
718,5.473406304,7.189871803,81.613005,85.19429007,15.396883,1
933,4.484169688,7.828391661,95.570900,78.215065,8.470363,1
901,2.351032177,10.47939289,94.821239,80.02852444,12.687570,1
682,2.49066312,6.277267831,80.619276,89.13162595,11.525357,1
641,2.90615227,4.577012048,72.725329,83.90115435,14.167142,1
1468,4.38504476,8.352583835,173.820401,82.14950907,2.527276,0
520,3.620823558,5.75616674,68.675740,72.71744354,14.057178,1
668,3.987768689,4.025198238,79.882224,83.04386674,8.877055,1
533,3.738395599,3.720050752,66.034766,81.85015067,11.859912,1
1131,4.264190548,5.514720972,135.725583,81.96963952,2.338308,0
597,3.0514164,4.523549297,101.246803,70.94688912,1.883331,0
716,2.889449039,4.91120313,82.350121,88.89075737,12.723246,1
1084,5.172630263,6.102316364,130.010056,79.64278772,1.826006,0
457,3.712042602,5.664583143,63.573952,66.6077293,13.960058,1
1517,3.209245896,4.541706729,179.373902,68.37407271,2.098361,0
700,2.427542143,6.125862321,80.156411,73.30242084,11.533724,1
567,4.980084535,8.830810532,70.367177,90.56860058,15.757327,1
565,3.078623814,16.16725042,73.583623,77.87243933,13.879694,1
923,4.845863506,6.709767523,96.102992,74.09435701,15.943227,1
589,4.465288586,4.099148507,100.185202,86.91534312,1.613755,0
692,2.891998359,14.21951797,79.139625,79.73042896,8.203020,1
1455,3.923276376,6.854657207,129.164144,71.64509402,12.116473,1
702,3.755667895,11.47150072,106.498994,85.98006993,2.046600,0
739,2.979021245,9.662450279,85.732285,73.05015139,12.809402,1
822,2.454775924,5.056150261,112.992254,73.46127041,1.704628,0
963,3.494547013,7.366687015,94.017373,75.80405661,12.267060,1
1411,4.683108328,4.238197374,162.884030,73.15995295,2.492845,0
863,5.52410651,6.926636356,91.116331,68.75698667,8.506209,1
660,2.71969479,8.79829558,73.716520,72.66906603,10.226917,1
567,2.291972554,6.884623626,74.224239,80.25179887,11.290064,1
495,3.979625857,7.58956835,67.084889,72.7139468,8.198627,1
751,2.971925074,6.622201697,81.816540,76.39337845,10.298765,1
647,3.202703005,4.658129585,100.089521,66.32242994,1.831421,0
484,2.307552978,7.963901682,68.650239,77.56625017,14.852216,1
708,4.924875384,6.303995016,83.918648,87.45415418,8.316068,1
1381,4.208809867,8.089526707,156.141326,80.18139486,2.045930,0
423,2.502221162,2.938880979,61.194093,78.87469968,8.605741,1
999,2.13733375,5.75310033,99.047976,81.24485014,9.652947,1
577,4.395528797,3.834287252,72.974039,75.48304728,8.021377,1
1416,2.809944413,4.403403956,159.519007,78.02903415,1.961455,0
519,4.883594709,9.520376077,66.214145,71.61068157,11.050561,1
833,2.661567291,7.04576452,83.399495,80.9966994,8.552685,1
486,2.073253791,1.907475551,64.072476,78.58107601,15.293760,1
948,4.215757135,2.905548218,97.342725,76.72273405,15.450868,1
630,4.35984676,7.751755991,75.511273,73.68835909,12.225969,1
725,2.997937099,8.785459812,78.424836,82.57745193,13.963475,1
632,4.480878558,6.195419407,74.518325,73.4976046,9.833967,1
789,5.436546585,5.501587431,86.052676,80.97282907,15.697438,1
793,4.030462967,9.396419957,86.126612,67.85321609,8.760160,1
606,4.048716432,5.02783001,74.526384,80.64245368,14.029408,1
990,3.035681752,5.650108555,124.772993,75.66356013,2.224311,0
636,4.035666015,6.981595773,77.533967,73.32198505,11.392516,1
815,2.822824141,6.149904028,120.584843,73.10942029,1.781657,0
1012,4.47991393,4.672653179,125.210930,66.89733561,2.050782,0
878,3.957056011,5.099185278,121.668561,76.43163354,2.155308,0
928,2.428507311,8.356998473,96.673061,76.11157163,14.539476,1
958,3.14060121,4.743541081,128.082204,80.5826899,2.205868,0
599,5.42544127,4.242472292,93.252976,73.48468878,2.070218,0
1163,2.731725595,3.703595258,141.289764,81.40008837,1.813839,0
484,2.643658154,4.587758583,65.024021,81.30715217,8.943984,1
1065,3.923874456,3.364732948,129.263969,75.31435219,1.889071,0
925,4.251381123,6.884824537,127.205408,81.56404376,1.680949,0
1593,3.037361606,1.263557989,182.108279,82.28285694,2.513818,0
646,5.349087101,4.86907567,103.988722,80.34321536,1.662464,0
623,2.528317599,5.342708545,75.791094,87.72241311,13.703986,1
764,4.400957368,4.305891514,111.208229,76.145088,1.774289,0
650,3.619253334,7.976774668,78.074953,69.94235844,9.262474,1
920,4.878543795,4.575834135,125.583600,75.56200356,1.690219,0
905,3.98709103,16.07293628,122.739011,75.24226763,1.759076,0
1385,2.526761,6.591818268,119.160378,79.68724115,13.236993,1
2136,3.311170725,7.282089969,170.340767,83.70767042,14.504433,1
1005,4.553854071,3.194755711,125.021454,75.28090904,2.075724,0
877,1.964470118,5.274508014,93.528865,78.52573891,14.679770,1
425,2.288838529,8.293879194,61.914492,75.04033223,14.653222,1
947,5.97528058,7.032364847,94.883148,71.68106854,11.383215,1
856,2.416140967,10.00472767,117.813245,84.22603915,1.987816,0
693,4.646763883,6.552492979,81.163132,79.98282658,10.893785,1
640,4.261259955,10.70193737,76.335224,74.97322793,10.086371,1
532,2.410805507,6.849752424,72.012626,68.61113146,8.892639,1
1133,3.785357309,5.208690652,107.200805,74.82893117,14.483304,1
1279,4.148540478,4.531720971,109.908182,82.57480104,13.033323,1
558,4.108341034,10.26412618,69.246697,70.30269735,12.366446,1
1318,2.25710424,9.15810314,150.145332,72.99110918,2.144395,0
562,3.604561955,5.295139364,98.123837,77.54361691,1.690529,0
697,3.274970119,5.006090172,109.401084,70.26519609,1.668787,0
640,2.046334154,7.890499791,76.541270,85.61633078,9.794396,1
789,2.418986931,4.922486752,80.748826,78.51608052,12.854372,1
1085,2.654378563,4.505084212,133.086363,81.25884971,1.773796,0
987,4.490323803,4.15726387,94.553748,82.25107939,13.818574,1
709,0.662905584,12.69441498,111.916440,74.60470042,1.893691,0
1039,4.123547413,6.401977126,133.831739,78.44980356,1.980520,0
773,3.48260124,6.998199358,81.187334,74.66217522,14.082475,1
727,0.378956234,7.409054913,106.081562,74.76374778,1.902488,0
680,3.0343213,6.668069371,74.785152,79.01650446,12.466947,1
694,2.640248751,9.99607866,82.539754,77.58058766,12.957215,1
446,4.019978185,6.388075849,61.057758,79.39610965,14.043997,1
846,3.430802296,7.839033099,92.603147,66.96751609,15.030977,1
485,2.251119097,6.497059496,69.490201,75.00825814,13.058235,1
1046,2.981362948,6.288947858,127.526364,83.5552392,2.138601,0
658,2.574687816,7.869802955,73.217659,84.53590993,9.073392,1
667,3.280539149,10.88755591,74.398361,77.46841407,9.367150,1
611,2.434491113,5.71159677,102.498502,75.95515972,1.940825,0
693,4.073094059,5.087301073,75.681156,73.40656938,8.108704,1
665,1.789119309,4.884568043,74.828494,74.83796029,13.105112,1
1215,2.374069801,6.241086468,109.179106,87.49178281,10.028980,1
896,5.03352163,10.13838214,95.411725,69.69011817,15.892454,1
918,4.790339477,3.595930805,120.398592,67.90183935,2.090498,0
611,5.165608609,4.122999089,74.737036,73.19999036,15.514006,1
1042,1.947682912,10.76173447,138.705020,76.77411004,2.133257,0
831,4.037457425,5.369307682,89.971802,91.58728205,10.938634,1
947,1.948841752,5.686042863,124.748225,81.02608164,2.197305,0
563,1.864383522,7.253645676,73.448404,82.83399747,15.139462,1
864,4.874107499,8.162205856,89.490500,71.87305856,13.137967,1
1019,2.422795021,4.402761103,135.000189,76.08657434,1.875985,0
680,5.003748956,4.754413002,101.621496,82.88724948,2.124733,0
700,3.949408405,4.536700877,105.933087,81.8280475,1.749013,0
1052,3.470415656,4.761544286,139.999035,72.0843474,2.189802,0
496,2.991461846,5.766848522,65.857562,81.12979716,9.453890,1
888,2.897511047,5.805704873,88.755787,70.52688686,12.388534,1
538,3.072773345,6.685474933,70.329706,78.86206571,10.214037,1
1053,3.301758054,6.116097614,132.819195,87.6499804,2.152489,0
965,3.829427366,5.292060724,95.907978,81.49326206,13.192355,1
592,1.980086936,5.706891939,75.533093,82.17518472,14.115175,1
509,5.010955188,4.020891472,66.601246,70.89369125,12.423070,1
950,3.001463443,7.651084418,128.093273,78.91567212,2.139593,0
936,1.850615796,11.49784812,96.548206,79.32318253,10.010600,1
580,4.721038531,2.671087409,71.076227,68.3447578,8.550509,1
639,2.289890043,8.300949284,73.722175,82.43632759,8.812402,1
1096,3.766714405,6.127005359,98.758183,81.84276022,8.927532,1
782,4.445862655,11.82785416,82.246665,71.52624762,8.540002,1
675,4.119901132,3.520088933,106.638554,82.77298049,2.019131,0
877,2.783236569,6.597150836,86.978072,75.81281247,8.435700,1
951,4.571058636,5.125854072,125.556328,82.49849145,1.988439,0
1003,2.231695529,8.610207818,129.968773,86.48168215,1.952495,0
730,2.500088906,12.15411764,104.426187,78.89434785,1.879944,0
891,2.950949031,10.78155163,126.147892,82.09513684,2.141900,0
894,3.000145984,7.384385934,93.868481,76.26899434,13.499827,1
710,3.436398998,5.445207015,83.150699,87.28957079,11.174475,1
887,2.636507521,5.878944736,124.869289,68.8904215,1.810825,0
451,4.033487941,5.91413355,63.159313,75.07789297,11.680158,1
581,2.509434119,7.456230561,74.965825,81.39330349,14.345523,1
1073,3.996285668,8.005575743,138.232127,79.89698379,2.182952,0
693,2.750751044,3.80981655,75.473638,84.80772676,9.911726,1
779,4.438619378,5.427851449,115.287785,69.83245531,2.187169,0
610,3.002474671,9.175775764,74.317704,80.86582694,8.307535,1
471,3.474478866,7.204806273,66.907065,84.93427697,14.656757,1
536,3.083193321,11.17882041,68.884340,76.88356625,13.714695,1
502,1.922632575,5.41732764,68.301821,76.45677503,13.833561,1
773,4.275990502,4.367926148,87.109996,76.73643427,10.999627,1
449,1.908710922,1.385100512,63.009449,81.30679335,13.506826,1
969,3.871504195,7.980959388,129.235057,86.52515065,1.735356,0
530,2.955506759,6.049657112,96.161199,78.47185728,1.847709,0
1144,2.74066841,6.742717684,109.671768,79.12967536,15.223109,1
903,4.253975318,16.1493701,124.995493,71.462605,2.187987,0
910,3.606079609,6.754824253,127.792345,80.5401604,1.660348,0
665,5.798258994,1.620221332,101.077750,71.23576713,2.084813,0
842,3.201898199,7.389107091,84.875910,74.18642128,11.769310,1
465,4.206248952,8.549058735,68.466970,87.79586646,14.382349,1
783,4.592546639,7.976617212,85.283149,79.57873196,12.227549,1
612,2.594553424,3.167325139,74.864069,87.9682081,10.664198,1
488,5.229103011,2.769050659,68.860509,87.95248008,14.900110,1
523,2.991344055,4.781396763,88.636050,76.40191016,1.728791,0
1303,3.575118514,3.596524481,120.552390,73.41268137,12.839800,1
640,4.993839255,5.618760299,76.177773,71.01179588,12.090975,1
471,2.109502918,4.540284614,90.239902,68.73742806,1.464573,0
964,2.924044395,16.87699429,96.276564,75.26183634,15.333153,1
389,3.697421417,6.723827514,59.975409,73.2419916,11.397840,1
833,4.486857174,4.713050332,117.006086,89.05664474,1.670919,0
660,1.410832155,6.929127144,74.245374,78.03436145,13.168618,1
739,3.118093866,5.460637751,82.351930,73.63339042,13.786275,1
739,4.130398482,5.390149994,78.973994,75.06264524,9.516943,1
621,2.554799475,5.704114718,103.962273,79.20456645,2.083281,0
507,3.144329964,4.177761909,69.072958,68.88324175,12.714044,1
705,3.447941188,5.24546903,105.085560,69.17724928,2.040630,0
745,3.737747724,6.025805807,81.144535,68.69232622,11.288137,1
668,4.037577836,4.741951434,79.675171,72.60165903,13.384205,1
649,3.538076679,4.091974609,73.158246,72.87630883,8.270897,1
919,5.358147171,7.243044882,123.548825,74.78661712,1.822134,0
606,2.065472754,5.872413071,72.179854,79.09782635,9.510580,1
644,3.375923597,6.325648855,101.689156,66.72428867,1.957158,0
671,2.218751158,4.208757574,100.161348,80.513548,1.735985,0
1012,5.127938278,12.77264274,133.407782,81.69204006,2.197335,0
559,3.059736287,6.217094119,67.615563,73.448891,10.363534,1
1409,2.272192364,11.48310123,162.959791,75.78232825,1.986727,0
457,2.352909725,8.281668833,83.684378,79.43938193,1.890461,0
589,3.256461223,4.667540417,72.876371,78.69870609,13.198883,1
828,2.017131322,10.50051127,83.590305,70.12791552,10.514325,1
880,5.079889444,2.484073526,125.148000,66.40240264,1.771390,0
633,2.469720533,5.554599361,95.925034,79.17901779,2.093340,0
382,3.604395447,5.636027384,61.212356,80.03682512,10.097151,1
618,3.967138997,5.503652732,76.374056,85.8346765,13.658685,1
688,2.932725234,5.637019668,79.839913,79.1321024,10.161624,1
725,4.330301055,6.321159278,77.302278,85.1240675,8.371277,1
1061,4.062674748,6.41019156,133.318357,83.62737959,1.770439,0
900,2.98766319,9.280268015,116.719069,85.79366559,2.011973,0
883,3.090979847,6.111789574,119.245778,72.52922014,2.139198,0
848,4.143512581,2.86629221,90.741599,77.87564948,7.980006,1
769,3.47870215,7.094709382,86.483724,71.40405767,15.718181,1
927,3.717857166,7.66334939,89.446952,79.44415411,13.925131,1
765,2.904932137,6.633207912,81.470444,74.46389001,11.439872,1
1377,3.2672255,6.833571633,124.478683,71.3228674,11.207396,1
739,3.005322213,6.631077357,79.468294,74.60290155,10.216278,1
1247,2.499077673,2.605464921,112.619824,76.33419344,10.789631,1
1282,2.903237977,10.19059682,109.041742,74.60861741,9.048661,1
1062,4.679656452,2.872015522,101.901379,78.48334694,13.168073,1
703,5.156638971,6.483879103,80.657302,82.22887298,13.935370,1
690,4.34301571,8.664385416,77.356759,86.97184919,13.591853,1
487,2.763397612,7.347858477,68.896973,69.41686886,10.859941,1
869,5.373282274,2.712860327,90.222648,80.98102917,14.221123,1
611,3.316773742,4.675285601,75.956178,87.70962803,14.672112,1
1660,2.738700444,5.713828101,142.769700,88.59821261,9.571769,1
853,4.765627218,6.231245472,124.055168,70.77397124,2.115149,0
913,3.953814248,4.72647749,88.770389,86.37144967,9.323734,1
682,2.391655927,4.617195828,107.825393,69.88460898,1.607792,0
1488,4.950952938,7.257521163,131.386046,74.00910442,15.691766,1
701,4.815453192,3.733507655,103.762271,64.13237881,2.114307,0
630,4.724263308,5.227224018,71.559030,76.06170273,8.161356,1
799,2.809489744,8.189017259,81.718840,74.74643102,12.001002,1
1003,3.804176565,10.27910909,93.956294,85.11192375,15.148385,1
622,3.131446576,7.397158081,76.453035,71.78782561,9.331375,1
1129,3.158654879,7.449447884,106.607229,86.25765873,15.703228,1
838,2.99718143,12.21535239,83.499985,86.5645428,8.808073,1
724,3.870611943,4.741959618,103.736129,72.64610159,1.565663,0
547,2.57031041,5.0083488,67.841960,73.89534883,9.410421,1
1193,3.669257625,7.845989216,111.200547,67.00910436,13.169186,1
1306,4.530172556,5.348518877,153.595423,72.77250479,2.237469,0
512,4.40164054,5.060681844,71.330553,71.78514863,8.808140,1
739,0.61312823,6.357912179,103.995534,77.67331472,2.054683,0
494,2.270234913,12.29456109,63.937744,75.71541529,7.836095,1
609,1.820350162,14.61428839,71.127150,77.90844079,14.915825,1
898,1.75307968,6.930020378,118.556310,88.96066629,1.973222,0
656,4.241688619,12.47290465,77.155560,87.47098811,10.793692,1
982,2.077454175,8.88644935,100.054082,86.60087194,8.538233,1
838,3.162870993,12.97877496,86.162828,75.11148144,14.541606,1
838,2.009602107,5.751144269,117.522436,83.21843592,2.134353,0
855,1.93441491,4.636650274,84.591892,79.04495165,12.651158,1
548,4.144661004,6.187242772,70.199354,88.21245615,8.869285,1
905,2.396115297,6.321754966,90.470889,86.54992855,8.954779,1
1226,4.238467837,1.820025643,108.465706,73.29054865,15.533491,1
1102,3.94680169,6.099191739,103.925164,74.58824494,11.476705,1
658,3.434232242,3.680896322,98.158460,78.70480574,1.994756,0
638,3.236438649,4.157025385,78.082049,75.23511818,12.385522,1
821,3.571877705,9.759042967,88.696219,80.60831674,12.159005,1
377,4.531292243,4.751052086,60.190898,74.02978466,14.096105,1
1032,3.893371773,5.321953086,134.249471,83.66821711,1.779153,0
433,2.743384365,4.815846599,62.366438,86.44136532,12.304057,1
1182,2.171086112,3.85966572,151.211297,84.03310818,1.878872,0
1177,3.097191049,8.706283075,144.177608,88.16808822,1.990199,0
700,2.363950567,6.134123656,77.614702,76.00380319,9.535601,1
1749,4.334243814,5.378753034,197.981481,85.06807539,2.394068,0
386,2.768136177,7.061249311,61.641043,74.9175116,15.365981,1
732,2.156715459,15.50727555,79.899998,85.08649442,10.598539,1
612,4.73206957,5.584970318,77.067113,81.42221118,15.714083,1
1047,2.704950143,4.946125521,127.296153,81.64334693,1.996889,0
678,3.687897893,6.545197947,81.335856,84.23398592,12.713494,1
1418,2.652435804,6.741625442,169.500083,83.50210502,2.140178,0
1067,4.66761994,7.404832889,102.724021,78.14412451,13.237007,1
930,4.710539467,6.559223775,93.523246,86.74098771,14.130322,1
679,3.552002225,5.826992279,77.499009,66.18354352,12.434530,1
681,2.380307177,3.195365564,78.519542,81.2117219,12.133016,1
582,2.460961648,7.970603598,69.747731,78.861282,10.563165,1
1190,4.596713219,8.118890312,109.626736,77.46713744,9.120467,1
563,3.593164387,8.518128683,72.658264,65.97983955,10.469186,1
1166,3.155966007,7.486897844,147.721430,75.75936577,2.233789,0
1040,4.193282183,6.529336466,100.681951,82.92653193,9.793957,1
1123,2.580483978,7.780944362,145.010947,81.75827661,2.110244,0
826,3.680876547,9.315596664,91.295299,75.34015998,7.989240,1
1127,4.42218807,7.795073517,110.042518,73.21867871,8.081565,1
553,3.859641941,5.397747354,90.862573,73.65439384,1.554548,0
642,2.870805213,16.35634751,97.072255,80.65812826,1.993619,0
729,1.834977945,9.807891922,81.989870,80.56517508,15.609440,1
778,4.569550619,5.511544513,84.708567,84.23501385,14.935482,1
536,3.822196959,4.091437747,96.144550,81.90138134,1.642829,0
1062,3.418623078,5.907213158,104.680712,81.86852425,13.481646,1
932,2.925950837,6.020245126,126.218623,74.69902169,1.824578,0
1019,4.479105181,4.030738813,133.753638,79.44698286,1.934333,0
540,3.538026599,6.909789299,67.551250,87.38128605,11.414715,1
419,4.859461148,7.125409616,62.934529,81.34721342,10.219895,1
654,1.862320394,6.392290273,78.255886,71.14599549,14.538941,1
480,2.690590368,5.343935561,69.066194,81.1475057,7.817709,1
902,2.20533428,6.227453891,91.550377,87.20654798,9.772854,1
619,3.14985737,4.170708462,74.516532,93.05314403,12.839609,1
1312,2.382446409,4.043380724,155.816957,78.22559989,2.214463,0
976,2.557507801,4.444389938,133.401214,74.64438518,1.727393,0
1391,4.229502993,9.16455509,161.279023,87.54790173,2.147690,0
1480,4.793782561,10.58350438,128.390812,74.86132143,10.043530,1
973,2.924966854,4.148275556,98.614173,80.93589212,12.161023,1
1568,2.872720445,3.249120114,133.631463,74.99133527,12.777323,1
670,4.161912089,5.084151139,98.456679,76.12009268,1.688350,0
469,3.99855817,3.525242354,64.403809,79.95701444,9.462044,1
408,2.085609154,2.402503262,59.454071,86.81355734,11.275870,1
853,2.150576285,6.264724374,88.306781,89.54916725,13.644009,1
456,2.389871993,3.562182451,90.597491,67.38874715,1.442928,0
435,1.985121809,4.44865784,62.901522,83.64516486,11.606310,1
551,2.851338782,6.123507062,90.260397,74.75741752,1.752246,0
1750,2.835481999,7.847625942,139.499289,74.34888879,10.286521,1
1041,3.346946851,0.39227027,95.103089,73.97724327,14.037478,1
652,2.252527233,7.415194738,97.898662,91.60161014,1.727205,0
749,2.417844535,11.54094042,80.198599,80.87020151,10.916898,1
765,3.777992849,5.979919002,80.072094,73.79356081,8.407021,1
489,2.841396596,6.117260086,64.572861,73.11078599,12.931972,1
724,3.273645269,5.285517514,102.702810,74.54770844,1.732052,0
598,4.635088554,7.555437492,72.000367,77.12511586,12.808675,1
819,3.229394908,7.468201778,83.458170,77.87643333,8.888063,1
651,3.595662029,4.866263078,102.342988,73.91053427,1.653436,0
898,4.909559951,1.424510374,124.168367,79.91062103,2.237786,0
578,2.437010096,4.390760155,69.083170,67.91754773,10.361796,1
908,2.353024166,5.057621698,119.375448,71.91908621,1.739698,0
586,2.364504934,3.90983292,74.293541,90.92414551,12.064797,1
555,3.919556059,5.64149302,72.193266,83.3426301,7.916335,1
882,3.697020308,5.673700291,116.383766,66.74648891,2.118857,0
471,3.161668664,3.879185429,88.241936,79.76626511,1.698681,0
977,2.379558674,6.423108097,94.156687,84.38739738,13.350712,1
918,3.733039007,13.91588553,90.144284,89.15843164,12.480145,1
741,2.416913184,8.576523993,83.593986,86.82096209,14.917685,1
483,2.876400304,6.277615773,64.137590,72.76381682,12.845628,1
666,3.418427769,5.676813066,107.254667,87.13365236,1.894979,0
786,4.177841983,10.81461608,108.945043,74.14392684,1.783481,0
582,3.77880386,11.42260655,70.666962,69.08911042,10.371217,1
787,3.997357642,12.11170795,114.491950,78.52601952,1.879187,0
551,2.813498723,4.676523423,71.233258,67.07948236,14.410737,1
712,4.371570273,8.235932448,112.145669,82.25461484,1.719404,0
746,1.872316939,4.278517119,79.898162,70.95915238,11.503647,1
647,3.398954339,6.047638748,75.383809,69.27667958,12.737305,1
657,1.862527624,6.593558367,100.183803,92.58272189,1.864833,0
888,4.835596521,10.66343799,91.924546,77.29702279,10.328712,1
719,2.685561938,15.20614754,77.590907,88.16416225,8.902944,1
991,3.645912144,6.776662627,93.331430,70.6662345,9.573602,1
624,4.371396065,7.722964043,74.976857,68.58735904,8.660461,1
445,2.530904216,9.678641596,64.470609,78.67215037,13.155605,1
605,2.93426727,3.356181798,77.294494,78.94380318,15.753163,1
533,4.805158974,4.463572177,69.823247,76.25695439,8.931285,1
576,0.371831394,6.928078737,71.564410,75.73320309,12.529175,1
422,3.009729924,9.491081584,59.927610,80.09042199,15.443269,1
1086,2.507254901,12.74038482,103.335797,83.11422622,10.473336,1
652,2.135404033,4.624039928,101.465384,81.35782539,1.704043,0
675,1.976183994,4.571264015,74.692058,73.07821618,14.202652,1
590,2.01219692,4.712445203,72.678026,83.23721882,13.793608,1
703,3.318110629,6.742761333,78.152748,85.74319689,15.339302,1
359,3.815368811,5.783154761,57.279813,76.51506033,11.650449,1
606,2.323229182,5.127714701,70.978247,91.20651259,15.723209,1
1102,2.260696027,5.603994758,144.117811,74.22574273,2.197838,0
806,3.946885434,21.13832551,89.901370,72.11269162,9.732168,1
645,2.89219015,6.713517847,77.273404,70.1221009,12.839183,1
534,2.433248092,7.999657448,91.179379,87.90622744,1.948202,0
488,4.092325018,7.067902341,68.503958,74.2964759,12.160421,1
648,2.689928416,4.447166129,79.861296,69.66751507,14.791384,1
987,4.600370821,3.870395218,99.082112,73.644605,14.540819,1
638,2.62835048,4.268695399,78.299461,67.16773119,14.062782,1
462,4.174993155,1.377444984,66.019356,80.76678449,10.857060,1
1292,2.856067835,3.58566343,113.907160,76.87049753,9.756713,1
886,4.548256359,6.913051717,124.063499,78.21613753,1.813133,0
731,2.749203157,5.86861645,104.684860,87.89775548,1.631576,0
678,3.988515693,3.913970465,81.116146,77.17562019,14.836182,1
426,2.188518,7.763742014,63.562775,70.74115342,11.430503,1
961,5.781298951,5.694416297,130.896962,76.15092702,1.742861,0
954,5.860496782,5.503852447,98.056168,77.3467559,11.837560,1
601,5.011251055,5.319575824,95.940508,76.645619,2.040604,0
501,4.401822001,3.629471493,93.821885,87.06051042,1.870706,0
1157,4.39180093,6.209489474,110.539045,74.31030686,8.971829,1
556,3.480168525,4.993241705,70.686576,79.55462611,7.964294,1
916,3.030753058,1.684926643,89.947477,84.08827548,7.961822,1
555,3.256111591,3.509950623,69.453176,76.93799375,9.169398,1
854,1.66172769,4.687666188,113.919549,90.69816162,1.748213,0
631,2.523450624,6.833457729,72.350008,69.11389393,9.113740,1
449,2.178580428,6.456972845,86.924289,70.61617708,1.827881,0
651,5.878920929,9.90887477,76.611119,67.78149708,7.882639,1
467,3.675069444,7.978776088,64.393699,83.2082546,13.902844,1
654,4.355010358,5.556914097,78.097203,90.82624923,9.463961,1
1070,2.376417226,5.538808613,131.217832,74.0942779,2.010064,0
465,4.000409539,6.526583793,66.883388,72.07784994,15.007928,1
431,2.048145306,6.050742367,63.670336,73.48234061,12.807692,1
1161,3.917831065,4.313888583,108.767061,74.67580475,10.556770,1
856,0.813765233,4.545927318,86.076967,77.677007,8.470254,1
652,3.294513773,4.747836528,100.264606,73.21669581,1.614037,0
663,3.384310947,4.289129216,76.139615,76.10140096,12.959671,1
667,2.556715325,7.253718221,106.988392,81.02945157,2.097202,0
1192,2.901356047,8.948864444,152.577610,85.10754778,1.948620,0
431,4.485558639,7.644917676,63.920452,76.8706639,13.038820,1
511,2.752671688,4.138588843,65.124609,86.89238148,14.124240,1
390,3.813363653,5.454983145,61.659363,81.89853772,12.630815,1
836,2.321023776,7.181521947,87.754938,75.4624557,11.316583,1
735,4.451254268,11.76099114,84.548674,72.96117987,14.046668,1
1320,2.324875993,7.38078901,153.237826,76.50719156,2.130636,0
989,3.320929168,8.304903718,93.341361,71.21281559,9.533413,1
481,5.00064105,5.548318885,63.109838,71.99126924,12.633630,1
729,4.081155039,8.849447138,84.682027,67.82978481,13.630844,1
528,2.6494139,4.665180616,68.773381,71.0140397,13.730631,1
540,2.914789363,6.295586574,68.419307,79.52913632,14.891536,1
811,2.766159962,5.238502447,82.076379,80.61668138,8.795951,1
1244,4.236203627,15.71160604,151.493333,75.09770659,1.930954,0
668,3.213248403,16.20179571,75.399596,73.57923757,15.372802,1
468,5.051009426,4.323411114,62.504585,66.25712536,8.433612,1
799,2.419380978,9.985853689,86.462670,76.76271535,13.144781,1
369,1.838658913,5.536710741,57.886084,72.63889883,11.217685,1
1040,3.003522292,7.398594894,138.786761,81.73166478,1.732007,0
925,3.374775234,5.871882868,93.345724,73.43257159,12.045596,1
576,2.932351549,8.460725469,68.668651,83.97374782,10.806867,1
1090,3.041617935,5.580247809,134.200445,82.38670585,1.842231,0
604,2.314148368,7.901633133,74.874672,75.28316548,12.733994,1
670,4.343576573,3.875827114,104.531932,87.3617353,1.782453,0
609,2.552357868,9.887586953,75.898430,77.79258222,11.885480,1
470,3.719698733,8.326191672,62.589651,80.41599027,10.795127,1
969,4.247523546,7.363888219,99.614659,71.56908769,10.791531,1
634,4.000400896,7.849500269,71.951854,77.90637638,13.730805,1
1529,3.812870175,1.238827414,172.369246,66.35601477,2.508606,0
599,1.970065853,3.978153515,75.935248,70.85638693,10.684952,1
887,3.42728764,1.224693676,90.284112,80.69496421,14.106890,1
1010,4.291394799,5.1486471,97.123546,88.07256593,15.868070,1
614,3.392872927,4.132578635,77.993545,82.59252824,12.759419,1
1195,3.848740192,7.08673816,141.081747,71.23348572,1.818996,0
927,2.210404929,4.883064973,119.424283,86.70443638,1.864864,0
1309,2.259896695,9.153990935,120.701435,74.37135274,12.098210,1
678,3.696847976,11.13171818,78.913346,75.89009304,8.712098,1
555,2.571001281,5.937238079,71.754119,70.09184167,14.869606,1
349,3.472092882,5.540342528,57.287951,74.14657015,14.760326,1
805,2.559395143,11.78626578,88.166324,80.07851776,14.071858,1
1308,1.959418646,3.709908045,119.813311,87.11706026,9.546578,1
995,3.536049988,7.909640421,127.687839,78.76327607,2.198335,0
557,4.562918164,6.547502216,68.495756,92.37025026,9.405248,1
590,4.014642456,4.127343047,98.555432,81.38470515,2.029539,0
762,3.279911977,6.909968298,86.761077,86.02742624,8.844405,1
622,3.445013453,1.890555597,77.340437,74.94880941,9.344792,1
717,4.508173738,3.225891304,105.704864,79.8986137,2.019213,0
1158,4.306520713,4.539489206,109.041203,82.5763491,13.051856,1
880,5.028886422,11.76564045,94.071410,70.34061046,13.070298,1
795,1.774213053,3.095745462,116.199097,85.02305715,2.146645,0
647,2.885844287,6.580063748,77.497999,77.6800759,8.694436,1
627,2.517263354,3.520250175,96.235140,80.22855437,1.685681,0
503,3.685981525,4.828983868,68.013624,80.11781438,11.448535,1
1380,5.778167972,10.70089557,125.315065,78.02109762,12.081688,1
1050,3.625456085,3.010514914,140.613369,80.52343686,1.835459,0
480,2.932082923,9.264558576,63.851224,80.92208866,13.658034,1
729,3.845165584,10.19112589,83.381435,71.67176056,14.763970,1
831,4.279838242,6.890222833,87.113959,78.89655309,13.996418,1
575,4.240516808,7.495465152,73.109882,82.4263188,11.696067,1
753,3.053300341,10.15174774,84.994403,74.91283741,11.669618,1
718,2.907221465,5.943261138,78.064005,75.92380777,12.646082,1
502,4.352055425,5.07876645,67.070812,75.91305861,12.966868,1
1036,2.705382286,5.271884435,100.649270,78.88338369,10.219921,1
857,4.282232003,4.359543456,118.788399,88.24151744,2.005930,0
879,3.53379696,5.710298455,89.459294,76.02782333,9.675814,1
1096,5.769302382,11.28948717,98.640290,81.0431532,9.952574,1
852,3.832447274,6.903192681,117.059935,72.53782059,1.705975,0
472,2.499771668,3.669778712,67.073367,82.01127212,15.645993,1
943,2.958270114,5.75644599,93.577754,81.72459023,12.091480,1
763,3.677464256,8.430576721,84.733565,65.0792369,15.086114,1
750,3.959379156,3.61905233,78.863009,76.11359774,14.385044,1
801,4.719008796,15.76675823,81.349505,72.88362549,12.354368,1
691,2.477491981,5.555956607,108.564016,75.14645273,1.585144,0
433,4.051011391,6.242401209,65.532637,82.52414942,11.950453,1
1092,2.44647573,7.495488759,140.945701,91.6178639,1.897051,0
1154,4.391431799,4.451851055,109.049159,75.5837782,14.343343,1
649,1.562700896,7.245215135,74.474105,76.52769084,13.775102,1
623,3.659539826,5.923683659,98.862733,70.2716049,1.919748,0
975,2.022063251,5.259940153,122.741913,75.38861997,2.223364,0
792,4.682995766,6.573774976,117.666629,76.80569906,2.048684,0
791,2.766349304,5.886468867,84.981216,90.29590564,14.471261,1
710,3.298371589,6.49192277,104.505275,86.39750574,1.872351,0
1424,2.766862174,7.107371417,167.772539,79.3659172,1.971296,0
958,3.20871261,9.475109832,131.801115,79.25570578,1.909894,0
1054,5.122218416,8.141770455,137.958394,76.5496268,2.253475,0
953,2.862554481,5.099013039,130.493664,76.53626014,2.050527,0
618,4.701697692,6.586641264,102.582058,78.56697895,1.696027,0
784,1.923395719,8.753828981,109.991951,84.0646871,1.728688,0
392,4.934796238,4.547377409,61.803996,69.73595504,12.184882,1
705,3.156622546,5.375150199,81.818762,80.59071551,15.362114,1
793,2.928037008,4.195309561,82.429642,80.61310511,9.110963,1
1009,2.844780688,8.136253494,98.173586,66.99051982,15.643729,1
746,2.16039818,3.873581983,109.910974,83.26745448,1.903364,0
534,2.386087564,7.348734465,67.892038,74.10797925,14.821850,1
572,3.888709927,8.009265606,73.719642,76.51478848,14.285950,1
1211,5.477029209,6.384296971,152.852761,71.23394694,2.046915,0
677,3.676212729,4.734677893,77.955479,67.34002737,13.995247,1
660,2.864668231,9.679628143,78.733607,82.61750421,13.448694,1
460,1.955913359,4.281511789,63.946004,73.42676483,7.760691,1
1151,3.218825548,6.653001928,137.934410,71.20650777,2.086936,0
933,3.790597266,5.899081321,121.326218,79.31896908,1.928152,0
495,3.640083544,2.617189522,65.524414,82.9431779,15.173785,1
650,1.994972056,5.051846495,75.113128,77.15746361,12.060467,1
567,2.277037843,5.432699394,73.642972,70.3135057,10.841128,1
931,2.176003245,3.304327864,124.973129,86.10279123,1.736001,0
1178,2.791006419,8.852837868,112.331923,86.3973924,8.645286,1
989,0.726166434,3.189772186,134.733138,84.73935075,2.189250,0
932,4.342642965,4.70384704,125.235924,86.92718668,1.678005,0
1064,5.890637736,3.596828771,137.546537,74.59560312,2.289874,0
1082,1.73070045,5.07650806,135.896999,80.1176161,2.112555,0
553,3.126369754,5.293842,69.692949,81.6055748,12.503716,1
972,5.02106599,4.704674741,126.079798,69.75102602,2.081143,0
731,2.702469204,9.410571286,79.402693,74.2827998,12.783133,1
1187,1.923057372,6.736463153,146.628636,78.45968302,1.820639,0
1087,3.848176387,2.584753375,100.096075,77.46053814,14.329614,1
670,4.220738437,8.012734532,77.207681,76.56584774,14.714993,1
632,3.134099473,6.866373881,78.737510,76.66780886,9.866937,1
810,2.986358566,6.488713782,87.220779,78.265312,14.033086,1
877,3.631450996,7.089282922,90.424285,77.08443067,13.379049,1
858,3.36083836,6.634497918,87.443552,84.14756233,9.803961,1
619,4.430664962,6.3109179,77.716067,71.06653283,10.262270,1
1008,5.569739578,3.990058838,129.240888,82.57138931,2.284099,0
1339,0.581039706,4.306783244,154.053529,79.89890189,2.130149,0
617,2.123857177,5.68421678,97.683479,74.91661666,1.658489,0
839,3.890235559,5.725585071,116.984828,77.33258842,1.682216,0
743,2.18721828,11.57822571,80.961928,80.99994,10.520384,1
359,2.828134651,6.700862799,57.023165,77.77807107,8.197166,1
562,2.364777323,8.740706129,73.077603,78.16796868,11.401998,1
557,2.133982868,6.447892555,91.285335,75.19108774,1.878965,0
727,3.208008809,7.49853406,79.832416,88.5997472,15.367511,1
622,1.843715128,8.425056632,74.049143,72.54864858,13.842229,1
792,4.274455173,6.724403897,85.134209,90.03831197,14.864893,1
1105,3.857517287,10.63828203,106.412062,72.65434574,10.507407,1
1019,4.112038962,4.89390616,100.287702,72.16596803,15.685656,1
984,4.210502524,6.825904642,93.501393,76.64426143,12.094406,1
404,3.915461396,4.509811879,63.040076,84.04985851,9.260531,1
1556,2.187095225,4.858166805,175.872151,75.02293411,2.197089,0
554,4.135389769,4.492539118,72.703032,72.44296207,10.728213,1
955,2.745412749,6.923655249,130.488032,70.18445525,1.902199,0
629,3.987183424,6.076382893,78.776925,70.88862009,9.704893,1
954,4.037998677,5.904693264,97.517912,71.19291808,15.398101,1
1376,3.43536474,4.177933396,114.105608,73.33203144,12.952445,1
583,2.619180176,4.136820024,72.521146,89.39594713,14.640875,1
558,2.503845601,5.907799289,68.630827,86.24659676,14.998998,1
916,2.397184802,5.686871984,95.674712,78.24299997,13.675589,1
692,2.651949998,18.65354206,80.903839,89.58960191,11.213779,1
696,2.709667933,7.373563149,76.163341,77.23943871,11.543675,1
650,4.088396864,8.194614917,80.139399,72.04103657,10.152602,1
1317,4.170269911,3.425660541,110.991907,66.03727872,12.001964,1
1571,4.738721038,10.94063432,171.855368,81.27415088,2.080978,0
796,5.447830374,4.194523991,112.270576,84.29254504,2.119394,0
706,4.186728838,5.512988906,101.237045,84.08192053,2.078700,0
865,2.927570095,3.986096605,90.174505,87.75123538,8.889865,1
693,2.594408312,5.459545693,80.069798,80.15423568,9.733161,1
1072,1.845775266,5.850744881,97.543909,76.25234949,14.232187,1
647,3.051795601,6.820863212,77.390411,75.11445917,11.562690,1
568,2.242280155,6.365301612,95.749889,78.54998651,1.900240,0
831,4.535839539,8.01655553,115.988831,81.5955806,2.075096,0
680,1.797852368,8.623660465,79.385182,73.61780435,8.412475,1
509,2.944903704,4.739919038,69.549982,84.95807127,12.551801,1
553,2.532547161,5.6325719,73.653045,75.57477882,13.521464,1
576,3.13043964,8.540327841,74.815134,92.56519107,8.627713,1
845,2.665430591,4.892797844,111.762256,87.15818955,2.155222,0
787,4.550209105,4.145694793,113.212134,77.49070128,1.659527,0
582,2.259615955,5.801183494,74.441054,88.16974513,10.312844,1
707,2.196114488,1.110477666,105.784888,75.86932865,2.077294,0
613,2.756594889,6.603467633,71.987644,79.89796865,9.751597,1
1099,4.001729985,3.065483565,106.016942,68.70969544,10.072638,1
1096,3.312836127,7.447341984,131.790831,76.18248462,1.820319,0
691,3.114957509,8.880785994,78.922078,84.9457721,12.466855,1
848,4.046335337,7.719921268,86.186465,70.79332897,12.086726,1
840,2.657240404,5.240269536,86.432263,71.85017547,8.327832,1
702,2.23939821,14.66554955,79.227508,77.485962,14.549719,1
766,4.717037591,7.38918346,86.824596,74.22277679,15.257709,1
889,1.756459803,9.969278368,126.790604,82.20544816,2.233693,0
519,4.039407842,3.859118299,67.045486,75.82273654,12.015651,1
821,3.802861825,5.412666973,114.679467,79.63633329,1.624222,0
432,2.015636944,5.119330174,62.554286,76.34503405,10.496432,1
2029,2.457720606,5.886757095,202.285049,73.60603878,2.252478,0
1559,3.72186362,12.55192422,174.636083,76.12507519,2.102833,0
835,5.304921566,5.485381997,84.189822,76.61432372,10.253281,1
466,4.346083267,4.528229547,68.254600,72.7197732,10.445685,1
956,1.801475909,6.074921883,124.968580,84.41063283,1.849382,0
517,4.824886664,4.223530142,66.886895,69.7348149,11.606434,1
799,3.188121536,4.362496917,81.618039,77.89609672,8.894508,1
740,3.140122234,4.347711433,77.834157,72.60071752,13.164585,1
539,5.150203798,2.42083441,70.383702,76.5356146,7.967054,1
897,2.872783619,4.128324529,121.091499,69.28402206,2.235137,0
577,2.928746179,7.989478044,68.620060,74.86987671,10.719857,1
1118,2.947958728,7.301474756,109.057153,83.2789785,9.868815,1
544,4.798385058,4.784787856,96.964295,83.57307076,1.726605,0
919,2.924451562,4.971495971,95.461365,80.95149993,10.096124,1
758,2.454701023,6.873841569,108.315988,79.30348522,1.793479,0
751,2.487706324,17.33518775,109.088916,73.35147895,2.137508,0
221,5.175729699,4.489614424,51.341596,65.76907252,10.775700,1
505,3.862823986,4.882399404,64.445370,89.83150179,8.983342,1
611,2.547463211,3.683399696,74.787505,80.11512555,14.683837,1
833,3.459738008,5.452679453,85.589184,83.68545335,14.119462,1
617,3.263891739,5.60374204,75.162850,75.95264013,15.315688,1
704,3.909456588,7.392878041,81.622033,79.34654553,9.905579,1
695,2.916801333,6.216603879,81.542452,66.85218551,10.702447,1
496,2.119405436,6.3017274,65.964835,89.76961314,14.625330,1
1303,3.966782126,4.32560223,151.066982,89.7641941,2.198007,0
888,4.523547378,7.602891416,120.439570,79.88972822,2.103499,0
642,5.403001989,5.509333506,74.137262,65.59656536,10.114994,1
780,4.71701366,6.541896053,114.894034,79.38836427,1.813598,0
493,2.490505584,10.59995484,66.413575,75.33240314,12.779732,1
832,4.504728494,12.18262837,115.607476,73.2619166,1.838854,0
1216,2.812593791,7.57500609,147.756504,88.5045251,1.844956,0
793,2.092477551,8.575436632,84.291465,79.79551766,14.814501,1
685,4.612710745,6.233228412,78.591981,83.38561045,10.858468,1
1058,4.176574193,10.44596844,139.505097,87.72247596,1.986369,0
694,2.621295111,6.972287833,77.463633,68.35613118,10.873936,1
530,2.607135091,13.99531364,69.129608,77.03445306,10.077622,1
520,2.614835246,8.152989692,68.995223,84.71207542,10.865337,1
753,2.107145647,3.87612354,107.649764,74.8918511,1.890118,0
939,3.912774308,14.28297493,121.721684,73.32533647,1.694056,0
1691,2.240753146,6.220240752,183.953230,73.39136879,2.514660,0
1125,2.467653436,6.491564821,107.062208,80.11166128,10.805710,1
1005,3.656909764,11.14733421,131.367528,80.81127432,1.846690,0
471,2.781810442,7.681026867,68.727949,86.57620345,12.147304,1
1016,1.917978789,4.834478022,127.263623,77.46949502,2.120369,0
442,2.990490827,4.492227257,60.819679,65.78407281,15.135589,1
1108,2.75536558,7.591271175,99.199967,80.04555209,11.239701,1
852,4.824256855,4.777694433,116.761065,74.50608819,1.717179,0
1304,3.022840106,10.55880918,150.749812,74.69103395,1.860959,0
375,3.577745214,5.826771699,83.842568,85.23604891,1.797596,0
610,2.405558971,16.37338045,73.495459,74.79251506,11.763259,1
1233,4.195883587,4.5729261,110.852968,85.52116086,9.260261,1
711,3.075650471,4.292434471,111.134750,83.69527305,1.895276,0
1068,1.949168475,8.7694112,101.695721,83.23184214,10.143397,1
392,3.790763675,5.877435069,63.555628,74.94727174,14.692707,1
568,3.162449682,6.200137387,93.478819,82.94701607,2.073689,0
1414,2.362241071,12.15290805,162.428993,75.60756072,2.374358,0
725,2.924549842,4.710538472,107.148450,83.09241146,1.777554,0
1422,2.844551111,4.968778575,167.528153,74.40961204,1.986174,0
559,2.134032704,5.452768768,74.019466,69.53481414,10.533397,1
1159,2.844517667,4.641001407,142.912729,83.41036983,2.063834,0
576,2.661760191,6.500766035,74.751278,85.87463816,13.048496,1
1443,3.807213958,6.899125997,161.269856,79.25116275,2.404252,0
809,2.838339252,6.46340894,84.601791,73.63503723,15.904204,1
530,2.121883334,3.796253736,96.504171,72.77963293,1.973457,0
425,3.00647749,2.774749692,63.940983,73.64821115,15.124110,1
443,3.055027454,5.069361111,67.061041,85.55635771,10.207584,1
644,4.575478145,10.54245493,75.940101,81.72759264,13.907293,1
789,3.768003845,4.586825921,81.733523,75.90879514,13.397357,1
571,3.919584175,6.078726209,91.967089,72.49848006,1.615851,0
701,3.072903006,2.875460079,102.125876,77.33280416,2.077692,0
763,4.627515712,3.651917861,84.374236,74.43826598,14.605180,1
853,4.140468958,4.313866232,114.751361,76.91777754,1.629864,0
632,2.070330502,6.307144859,76.191870,81.35182182,13.409969,1
576,2.250552977,13.0419368,69.210800,71.56336566,12.482204,1
628,5.940123602,5.231079183,76.458993,86.52740849,15.451874,1
606,3.019264222,7.02494932,77.250434,70.54112349,10.169948,1
845,0.958142425,5.643411444,123.165814,70.26246636,1.956876,0
1142,4.90913438,5.602501963,102.772681,81.43012471,14.841120,1
1395,4.378386698,12.72275599,154.947069,73.59829849,2.205786,0
798,2.715078038,6.141108258,87.763801,83.23934031,9.121508,1
529,7.265565536,2.589029321,66.958970,86.49828604,10.691074,1
1709,2.592043927,5.89704056,188.627285,81.24867399,2.542445,0
854,5.907908741,12.75354329,85.032867,81.66701219,15.043391,1
1447,1.836808171,5.187070787,169.270398,90.45221627,2.212512,0
923,2.622022737,1.685986029,90.791004,82.24139659,9.230733,1
617,4.1031345,19.15932916,72.750715,78.54304907,8.083709,1
970,4.474405433,4.268880965,97.894619,83.01734637,13.417433,1
463,3.702971074,10.09863522,64.628041,90.62564474,8.890836,1
1198,2.331800065,2.694457331,113.825592,77.77174936,11.988910,1
576,3.880493677,7.477801802,68.994173,83.31585695,10.596924,1
689,5.694958881,8.138419783,82.482757,74.19220447,11.952600,1
427,2.643333854,5.353643711,61.698150,70.46021994,8.578550,1
975,2.70948854,7.358303441,93.273110,66.59620106,14.744587,1
549,5.04445553,6.365273411,70.193399,70.04193912,15.421584,1
488,4.487581427,6.698703498,64.160419,75.83121102,9.103305,1
718,3.816325044,1.418438971,78.401762,70.70295191,9.653435,1
1058,4.574759306,8.466307331,102.058703,73.17673359,9.320659,1
672,1.83498011,11.85285995,77.087967,83.41267789,14.342397,1
473,3.819743141,8.029022647,64.318568,89.61316336,15.433978,1
702,3.735523126,5.914806049,82.015460,76.11134466,10.467084,1
982,3.457331739,5.981950403,126.949552,72.56615358,2.057573,0
1234,2.853016755,6.14505892,109.508399,87.46552979,13.540305,1
590,3.86494067,6.357377786,73.391240,69.88097253,15.577397,1
656,2.67570133,6.344632569,100.194421,66.33027291,1.605040,0
600,4.278541988,2.001995301,95.777971,86.59306432,1.954095,0
877,2.124620528,2.585503567,116.733034,84.57712675,1.714068,0
804,4.42809431,5.128828419,108.840488,76.08048366,1.901349,0
678,3.840635745,10.740326,78.046574,80.69993662,8.082446,1
1031,2.025026026,8.229717698,96.423197,74.07512833,12.875470,1
490,4.159162361,2.613083533,65.243381,74.96718832,8.219583,1
741,4.498697894,4.361336606,83.474734,82.60618133,11.094945,1
839,2.099500496,5.687729612,91.154435,80.44399103,15.736121,1
1221,4.222807575,4.32524621,151.497065,76.74660242,2.353346,0
778,1.816552073,3.484873143,114.197635,93.59854514,1.772470,0
1264,3.019826244,8.211719199,116.276040,85.15891142,9.944477,1
1047,2.235692498,4.140157526,136.101219,73.58665018,1.753903,0
804,1.922464213,3.879553942,89.905243,80.88781691,15.169935,1
1521,0.189371695,9.035042901,173.040768,82.79627766,2.188325,0
587,5.118172235,6.015764584,75.367148,77.05804144,15.664928,1
769,2.788219428,4.62341352,109.404336,81.04837782,1.909853,0
1019,3.990966232,2.288701989,129.999400,85.33072676,1.738704,0
502,4.159377326,6.759875593,70.888288,81.76418157,15.110902,1
1764,3.000575832,8.406378838,184.815735,74.53105686,2.481169,0
703,2.116119752,17.68131547,77.546725,72.42903853,9.755269,1
1103,4.1690511,6.040348585,107.158708,79.75267352,8.232440,1
520,2.693042594,6.225441804,69.909569,88.06444466,8.723482,1
924,4.406621495,5.247546357,90.608596,76.61239524,8.759184,1
1326,4.571570519,2.016386206,116.028689,71.68572113,12.627565,1
445,4.267905301,4.06495397,61.216858,86.09581011,9.215473,1
704,4.149567844,7.559896395,104.791934,82.23793829,1.749061,0
564,0.112966164,8.623877035,73.774962,76.21089645,11.798876,1
719,2.11426169,3.917168763,107.037804,73.73545169,2.133087,0
629,3.45150323,10.10988216,72.990855,69.95105763,14.413162,1
836,2.471921093,10.68465743,114.635388,75.92955028,1.798304,0
666,4.792073624,6.986620667,80.233859,68.716157,11.148303,1
664,3.272210911,9.392983393,76.373842,84.13790928,11.320598,1
388,4.902418739,3.839423166,62.334592,78.79189827,12.353978,1
1294,4.417271295,12.57025147,114.621388,72.18097953,10.472133,1
544,2.381797483,18.86116757,72.700864,84.26205857,9.465447,1
705,2.929417899,4.753152908,81.377105,80.62987074,13.891364,1
1289,2.300409819,2.903624922,115.822763,77.65334413,15.762453,1
793,5.913287885,3.983175095,88.753024,68.44749071,13.654387,1
656,4.900737635,4.287248129,106.956962,79.15828572,1.794410,0
388,3.031357364,7.770303303,61.285014,77.87662873,10.969028,1
555,4.247507441,0.625999717,74.266862,83.62292674,8.898565,1
1454,3.753531497,6.419387571,171.958483,87.55146411,2.133139,0
904,2.143148159,3.979058057,128.112480,81.75254083,2.150968,0
753,2.615203106,5.977275401,80.880889,74.36091808,10.148056,1
1174,4.446806072,6.123803063,150.528556,80.36781364,2.104944,0
633,3.013732589,6.479101202,78.621777,79.61719385,11.330109,1
859,4.141125029,6.328815123,92.150702,73.28804,15.806908,1
703,2.051772147,6.489351504,103.514989,77.51973479,1.928543,0
571,3.410105653,5.804560556,93.929290,72.82747684,1.622474,0
448,3.131737478,14.93506628,66.860125,82.81219112,10.932927,1
907,1.105564518,10.13289483,91.588266,72.93676893,8.484938,1
540,0.545732005,4.226591624,90.706732,78.45561081,1.848556,0
632,2.158753018,3.396352839,77.972119,79.80001956,10.000145,1
746,3.048075042,9.006750141,80.520514,77.90193785,9.028040,1
487,4.956924245,2.857654594,67.739045,85.14687484,10.532213,1
780,3.738538344,7.456622897,83.270380,80.15138055,10.523072,1
821,1.867694259,14.0131926,83.849533,75.12643655,10.726307,1
901,3.089281576,6.690338362,89.627131,67.5154006,9.050236,1
788,4.339696526,4.912838065,82.046366,82.31719223,15.666509,1
373,4.88071996,13.70111607,60.515300,82.01475006,12.073487,1
650,2.8844228,5.66687714,78.354055,71.01372044,8.801622,1
816,2.61980496,7.518313857,86.508971,84.1518014,11.644743,1
818,4.507959915,3.296476553,114.043576,74.74336072,2.004100,0
898,4.019521379,6.802032918,118.593770,77.43389937,1.747687,0
597,1.739051112,6.864644705,76.554347,76.6804214,8.069892,1
620,2.493542746,9.968230626,74.193919,85.23591818,12.490116,1
718,4.86795007,10.1612283,109.675244,73.68087971,1.767284,0
1104,1.958360327,10.55175927,107.699673,70.76245086,15.739103,1
1111,3.065795172,7.692714965,104.170528,71.81501678,9.662618,1
597,3.11076313,8.555631926,71.913567,78.19222764,8.726779,1
450,2.181785488,8.230836399,61.719495,77.35425421,15.522828,1
910,3.151738624,5.586421162,93.373020,68.10528186,15.283630,1
1028,2.726087744,7.455753962,129.445144,86.06700636,2.288030,0
650,3.034329664,11.27478636,75.506277,80.4724079,8.425767,1
876,2.941605932,16.19386556,117.271194,82.4457245,1.930852,0
617,3.264922343,5.356015784,98.771192,73.3046467,1.999476,0
417,4.795171954,9.820991049,62.474707,86.35329267,10.351470,1
665,3.934757925,2.968280435,98.870355,76.69063584,1.849978,0
1041,2.225397685,5.240437455,95.903830,83.65571903,11.954446,1
835,2.165965254,6.200551293,120.330796,81.05315371,1.759839,0
765,1.890094521,7.439245141,110.716112,75.71858687,1.607574,0
976,3.912249746,14.72189466,128.641337,74.40795681,1.932603,0
1245,3.171282013,4.909730259,109.289351,80.07316885,9.260680,1
397,1.883599138,10.45206541,59.197824,89.25190987,12.964105,1
726,2.195927053,7.465963136,113.139874,79.12328131,2.149478,0
1035,2.432169875,4.312805433,130.205270,75.72232937,1.961964,0
831,5.003639427,6.063231304,119.450066,66.99037169,1.857954,0
807,2.875151742,8.594529967,114.388161,75.36819251,1.917487,0
1265,5.365817251,6.021384406,108.390084,70.3235403,8.846908,1
653,3.86906826,4.45896143,104.198329,73.15603932,1.775167,0
534,0.42528877,6.804230787,88.870790,85.44180649,2.030628,0
536,3.359751844,6.303451159,69.100736,72.70903106,13.454492,1
628,2.539569229,6.837586614,72.164773,64.67839151,15.664262,1
596,3.203655858,6.55769188,100.958163,79.37200823,1.876488,0
618,3.663000942,6.970910261,104.254630,79.49157323,1.688628,0
618,2.115229487,6.979043963,72.957421,85.89895989,13.810349,1
1321,2.528102173,7.041656752,162.998440,78.86104911,2.020928,0
666,2.356348099,7.420545967,77.792718,83.37546531,15.317780,1
427,2.714026885,5.812856164,80.817484,72.69599236,1.658949,0
1135,5.504274292,7.550013456,101.894024,77.71467533,9.423485,1
789,2.764034562,8.456321434,88.281619,82.08660008,14.821998,1
619,2.504769631,6.887142921,78.189906,72.68930861,15.546663,1
511,3.206486304,6.079004029,94.125274,75.52257045,1.811077,0
723,3.587971978,7.515355717,77.997655,78.20003463,11.838214,1
576,4.059381107,8.382177463,71.384831,91.64070042,13.544808,1
991,2.993602814,7.357912132,133.645054,84.29236773,1.745756,0
604,4.500835509,9.27119956,98.572061,79.83568798,1.650897,0
532,3.205854324,12.79966288,67.480862,78.73059414,10.284169,1
500,2.430457286,5.691030229,64.463559,82.79542312,9.670465,1
646,4.290860998,5.049533875,103.410198,88.28980012,1.716158,0
509,2.592987237,5.439551962,65.167609,80.44734006,8.604485,1
511,2.006120431,3.652076431,89.495211,70.99899846,1.697928,0
471,4.731016596,7.750904566,63.752490,74.41937227,12.536764,1
967,3.882548498,6.823336239,127.881843,89.23914162,2.067688,0
1185,2.857627579,8.166301316,149.230545,78.72738616,2.195158,0
1349,5.37923034,5.312616252,161.248113,88.60397673,2.166105,0
704,3.101189899,6.200336545,82.324651,73.09413048,15.710447,1
393,2.527684567,5.83889338,63.876504,72.64291065,14.752836,1
864,4.178365254,6.5047426,86.821794,81.09804486,10.608009,1
1209,1.824440951,6.848803513,115.067735,77.74613894,13.830235,1
976,2.473343044,4.205820357,130.169335,84.50624714,1.724669,0
1021,4.724402669,5.861581738,125.843141,75.93808508,1.777744,0
517,2.255895293,6.922782621,66.290752,80.98811354,14.389005,1
843,3.608553123,3.41631064,86.847708,88.52604697,11.478694,1
1312,2.477710604,6.599942282,156.105264,80.45711235,2.328147,0
925,4.785185221,4.984906163,96.782181,85.98157197,14.890207,1
1007,3.872977755,6.393068783,95.124491,70.99987376,10.851912,1
502,3.286561881,14.85705612,69.366324,85.99102977,9.218097,1
1086,2.888782757,13.94723939,107.787605,77.85646807,9.533730,1
532,2.467839789,5.624722598,66.578691,83.93935755,9.803769,1
985,2.538670663,7.744058908,127.741025,82.4139983,1.970879,0
658,3.686020967,6.034731249,107.403728,72.47154644,1.776316,0
842,2.265495214,3.142962356,120.941403,84.73418924,2.077212,0
616,5.577738303,6.247645402,72.131770,87.36982291,10.622011,1
879,4.034622902,12.04524108,118.574799,73.77748828,1.905622,0
1106,1.994190664,7.143926947,133.817860,78.20105414,1.956618,0
595,3.985342987,5.392746235,72.648000,73.02905258,9.704737,1
624,2.008730969,8.283473675,71.415598,77.04619423,7.977374,1
1138,5.817739219,4.443785983,108.349574,71.15513515,13.161201,1
458,2.423705597,5.024042493,83.509922,90.17258957,1.482756,0
794,2.101917049,2.609970286,118.736140,85.138482,2.151213,0
850,2.177646345,6.194140114,117.114063,77.6074266,1.959108,0
985,5.114446802,4.21944553,126.474098,73.0431568,2.173094,0
505,2.824777066,8.469473683,65.150273,74.32989127,11.647654,1
653,3.31107425,6.214654416,103.731992,74.94537271,1.687785,0
646,3.118521381,6.139691204,104.274533,80.39625078,1.760539,0
743,2.401821504,6.780510737,114.737409,79.88262,1.626404,0
819,2.167428754,6.935363023,119.792844,91.64471336,1.747938,0
699,2.970785179,8.06970392,77.689255,70.49408812,11.661839,1
663,3.56736922,9.115757519,80.472776,68.36833833,13.955012,1
952,2.44869462,3.988143607,93.499788,82.01507128,8.981064,1
1141,4.183634469,4.065678987,143.116392,81.89884716,1.912374,0
1176,5.035962482,7.427794571,113.431912,82.50785863,14.021794,1
1006,4.089136913,3.364025865,131.127874,88.07287341,1.710179,0
531,4.609865964,4.191187272,68.112097,79.33367394,9.417252,1
1283,2.784870235,6.580813056,118.231388,81.99969507,11.732084,1
954,4.844505643,6.593706259,132.270935,66.63542152,1.687026,0
731,3.383522662,6.905390494,109.910404,78.4441281,2.135037,0
611,2.361571748,13.1307127,94.402156,71.19842185,1.584360,0
874,1.83537323,6.347636425,120.240294,74.63301293,2.081578,0
863,2.455909454,4.089042279,121.012671,83.22710566,1.715406,0
591,2.010316898,6.781145397,72.000974,67.12123559,8.701834,1
612,3.333600609,8.367737992,71.101516,67.56606961,14.141981,1
469,4.316091783,8.815245512,64.979314,67.28254107,15.659976,1
764,4.224296169,9.767676094,110.810522,75.88904716,1.789361,0
938,4.594748148,4.882631914,129.849884,83.35840666,2.141534,0
1064,5.037908341,8.362189301,133.347341,74.58029368,2.056432,0
993,2.026188578,5.038398975,97.488605,81.51053688,13.299661,1
630,2.118983449,4.500189695,79.000096,73.47278125,10.665164,1
657,4.067243206,7.178070054,74.390204,82.86434647,9.138120,1
493,3.611864995,5.96006489,68.379262,75.25495088,13.031988,1
445,2.043841502,6.018027151,66.505864,68.13465624,15.469689,1
1032,5.113708553,5.488848255,135.685730,91.91604373,2.261418,0
531,2.752722207,3.74276504,67.619909,67.63989497,9.984175,1
535,2.398537367,6.649382167,69.050483,82.22937067,11.745865,1
1177,4.624867717,8.014737362,142.635305,80.29744392,2.018342,0
949,3.738111975,8.508416679,128.972890,71.49386353,2.162012,0
838,2.186041649,2.300803172,91.817428,79.71071584,14.929450,1
603,4.056923642,5.356313781,74.968783,82.00055551,13.791326,1
430,3.216291147,10.51658392,63.606793,63.80474044,15.543761,1
478,4.354141999,4.178986146,91.501840,84.22775778,1.616114,0
447,3.28521451,6.285034572,66.996391,75.83445639,13.980077,1
458,3.684499638,6.567906481,86.153165,83.41809637,1.499213,0
1461,4.162529609,10.03034416,169.971550,78.84958575,2.067444,0
622,2.473583111,5.511923902,72.835020,69.27036055,7.972399,1
944,2.735850511,6.203797472,129.638929,77.08710863,1.737170,0
588,2.935282338,6.075913155,95.048286,79.67054864,1.702059,0
768,4.277418054,13.55582591,84.957894,80.88387761,10.239840,1
913,2.657675433,3.600876748,88.652437,64.58343985,10.461711,1
1073,4.156611281,1.433790657,141.992097,76.87756872,2.014885,0
559,5.663638954,5.070563931,71.258951,76.16486459,8.502123,1
472,4.04942787,6.085284431,67.267688,80.44012874,9.379260,1
889,2.994141587,8.054266759,91.706518,81.95148673,8.598753,1
654,2.887376503,3.350285729,97.764949,80.99714589,1.739865,0
937,3.518313037,6.267017201,97.734338,76.32636927,10.203824,1
1683,2.367372652,11.1637892,140.821075,78.67229387,12.907318,1
1070,3.007198827,3.481125705,134.939470,66.83663985,2.125898,0
1098,4.500297385,5.877467403,101.865333,85.44828993,10.434151,1
1449,3.490120454,5.679920717,126.034560,82.93833707,13.422292,1
746,5.290994122,5.885875929,79.555417,84.05855547,12.373058,1
765,2.010494332,3.35026858,80.823190,91.22108195,9.983922,1
603,2.432359166,6.187721877,72.982937,82.67797384,12.873651,1
1186,2.804068453,7.688583768,108.007993,76.25569754,15.162578,1
811,2.481665972,8.264097706,111.385606,87.37378591,1.661405,0
450,3.077960509,6.60967159,64.264987,68.0651558,11.185664,1
542,3.135474314,12.26854122,68.559993,87.58808221,12.570965,1
846,2.991779341,5.911885836,123.170547,85.49472156,2.211539,0
496,2.776466528,7.044184329,69.334174,81.78973153,12.377954,1
1197,3.565285743,6.685883828,142.291272,64.45870197,2.176317,0
738,2.821827399,5.641810048,82.548822,78.19932709,15.474219,1
422,4.94215732,10.063178,63.514771,81.85560843,12.970730,1
1025,2.648935363,5.471634501,125.955498,82.47409284,2.309576,0
859,5.543896803,5.705327234,93.395087,74.72796515,12.726564,1
1281,2.059986923,7.649942458,157.392953,84.96117917,2.287364,0
486,2.425531905,8.414815097,66.230491,67.54352711,8.574798,1
733,4.853526147,17.71175078,82.865562,67.43660845,14.233303,1
953,2.396538418,2.538920549,127.624034,75.34646836,1.735323,0
468,5.429447265,3.9689662,64.685418,75.75726195,15.442345,1
997,4.698145573,5.157612123,125.147732,74.76628533,2.189171,0
915,4.715876501,6.047540006,125.156798,84.6931385,2.192854,0
772,3.978689418,7.330912447,85.007693,73.87387577,11.339246,1
778,2.781720385,1.491291844,116.196020,83.42053124,1.697350,0
823,4.985512007,6.257615417,87.408596,79.33523985,10.271732,1
422,2.800016094,9.509489124,59.743540,71.52253542,12.052337,1
656,4.161019638,7.467203703,104.276605,84.31569296,1.660939,0
1288,3.452046746,6.631740585,153.254249,84.95066989,2.283665,0
753,2.57716623,6.761055098,115.187438,72.62217823,2.130125,0
410,3.366457138,5.87675952,62.952714,74.65713716,14.466233,1
554,2.977580298,7.933888432,72.899226,83.67774,14.980317,1
788,2.411184914,3.55165318,83.125075,85.05654828,9.674964,1
925,4.419143872,2.94184186,129.610159,71.42125014,2.064669,0
533,4.539421115,10.31198933,69.233881,73.27538173,9.207123,1
860,4.397439276,8.091384299,88.636581,81.31931682,11.258026,1
848,3.141309053,4.934939245,122.573301,76.21682356,1.747642,0
903,4.730106834,6.540654213,126.326567,78.05554849,1.968365,0
429,2.922127128,7.354465395,63.677058,86.29248919,14.236494,1
782,3.690828656,6.465898698,84.331532,67.33125299,14.224131,1
1138,4.249203226,4.783759716,147.404743,80.42583523,2.129907,0
828,4.087090952,5.497527837,88.035184,75.70182784,8.976325,1
741,2.551928149,4.222048341,112.944224,84.50782494,1.877458,0
624,3.0328366,4.55211244,78.253566,77.75974645,14.611635,1
669,4.772174097,11.38835376,77.844340,80.48663738,11.779485,1
625,1.957287987,4.301869595,102.696634,75.35290663,1.513763,0
1048,3.092773086,6.504579827,96.817088,79.16866568,13.739370,1
1247,3.515129087,12.23229615,148.843456,76.61463091,2.212114,0
725,3.274450159,6.924433031,80.650767,80.65373391,12.405185,1
870,5.164934303,16.07026059,93.053470,75.23137007,12.251967,1
1359,4.210163446,5.169752599,122.792273,79.91601476,13.045179,1
577,4.597143076,4.857432393,74.527701,69.55537262,11.762060,1
827,2.96777673,6.680132399,116.297080,73.13230506,2.161539,0
432,3.018302547,8.524259442,61.425757,77.12624183,12.938275,1
933,4.993052791,4.360676716,122.027121,87.66316105,2.234157,0
632,2.585836655,4.562872415,72.678409,76.06017011,14.614066,1
751,2.701031273,7.067197798,85.019612,74.97662003,11.129861,1
512,2.46724547,6.343766394,71.373942,79.48148546,8.088222,1
1402,3.823560994,8.801231792,124.653703,77.92468263,11.999588,1
967,3.028176649,7.558018066,93.350727,75.57412206,11.542408,1
919,3.421171832,0.900760313,119.855011,73.78792462,1.966468,0
1181,3.371631995,2.85018166,104.574188,83.92692651,9.258491,1
925,5.443460372,5.526438231,95.223787,81.06130009,11.179357,1
605,2.219443575,8.013817702,70.664832,88.24688935,14.488847,1
904,2.778267216,7.969853956,116.873001,78.1925408,2.011506,0
485,3.697443532,9.483773241,69.898993,78.97013721,10.710208,1
831,2.749964342,5.335860989,87.935565,82.42687512,8.077694,1
608,2.654145403,9.502421016,73.936969,82.37309849,13.615373,1
1482,3.593785187,4.342262277,169.634500,79.27923244,1.942544,0
1154,2.296651601,6.495914461,106.132599,87.38779137,10.990802,1
1029,4.429306316,5.316232168,133.319196,71.47162963,2.125991,0
1097,3.971757825,10.27906907,98.341067,81.90868313,10.470305,1
517,5.043411223,7.930385743,71.373517,78.30357228,11.396751,1
603,2.578857219,8.246509835,70.018761,70.63468588,9.359697,1
620,1.975893666,12.93603086,101.655369,88.27501249,2.040688,0
653,2.347640506,6.992379056,75.713082,76.20425815,15.551470,1
853,1.697750719,2.195373924,92.012513,84.82111502,12.286645,1
894,5.714365091,11.39918794,117.390331,76.85102758,2.022075,0
718,2.460548063,6.986306089,106.191386,80.89245968,1.849166,0
653,2.053951571,4.936492981,78.605797,78.94779551,8.858791,1
1313,3.623575933,6.670251983,114.094978,71.95776857,11.223125,1
663,2.027306076,7.592617643,78.235723,94.72714151,7.849094,1
425,2.153499883,6.238534768,60.742773,84.99062088,12.081729,1
758,3.292916868,4.28370717,107.073529,75.47561167,2.057190,0
670,4.753723846,8.440491464,101.548757,69.8372392,1.902047,0
511,2.828012427,6.733154574,69.853263,80.61237233,8.438965,1
667,3.033921531,5.834819421,76.899491,71.6945578,14.870076,1
670,5.399662923,7.200570664,99.321780,69.57804866,1.841046,0
534,4.885837541,14.04832573,66.189001,77.74663537,14.006715,1
371,2.612078412,4.616556372,61.884693,78.84993125,8.723679,1
1025,4.002013726,6.779838701,136.226079,82.4705097,2.134977,0
759,3.480848287,7.355700809,108.027262,76.93356405,2.100154,0
1341,2.419257722,11.66556257,149.598257,74.07292547,2.278996,0
612,2.64459832,5.584160823,75.513525,90.30881753,15.465247,1
1236,3.949797952,5.791952918,154.186016,75.60895672,2.083682,0
1280,3.418698934,7.508984426,117.654177,85.19684305,8.552133,1
681,2.965027525,7.244744592,78.340746,88.22991178,12.754158,1
685,4.18472368,3.170126958,105.900537,81.57270775,1.802419,0
1290,3.083689282,4.504451139,115.240466,67.92562748,11.116108,1
1446,2.92015447,6.732458718,126.224423,80.56653166,12.528941,1
654,2.26647528,5.852384575,105.819105,78.50720451,1.649063,0
514,2.559792747,6.122268938,67.801824,85.47505747,11.502361,1
939,2.428280491,5.982529664,123.677676,84.01540623,1.886846,0
491,2.075089687,8.37633237,66.348807,81.1124717,9.812164,1
601,3.504002002,5.896181387,76.060558,78.68428619,7.961950,1
637,3.804920828,6.496941488,75.759554,78.10322407,14.247185,1
348,2.29528494,14.20575915,59.845803,73.40836881,8.693784,1
522,3.139345275,14.24186261,69.128105,75.2685041,8.329539,1
677,2.901497371,1.037127307,81.584677,71.06766624,10.720461,1
554,2.105938555,10.43731229,67.700952,76.0334424,14.188038,1
848,4.41119914,4.005431392,86.267598,85.5362122,12.127070,1
985,3.733980139,6.21701251,124.935889,84.72552203,1.818780,0
1071,4.81754379,1.537919209,132.450008,81.51669558,2.053258,0
483,2.049330024,6.765178651,64.801026,83.47022591,10.755019,1
621,4.750896974,11.06943935,72.120498,80.73605282,11.177847,1
923,2.974072899,3.868675229,123.181541,85.36304969,1.857297,0
457,3.884111851,5.937510008,62.638797,88.16318819,13.734420,1
587,4.050223952,6.092174648,75.390200,63.08690287,12.518182,1
947,4.805529744,8.066630684,121.612373,76.46062666,2.049235,0
1161,2.912284845,4.766902688,109.917852,73.75768728,14.913623,1
1130,3.239471632,6.49859046,143.300617,71.12301533,2.352785,0
712,2.403353874,6.29395035,80.906567,85.54584282,12.791779,1
1019,2.476156634,6.316212523,127.732403,80.19045751,2.303687,0
919,4.394625865,7.033412611,90.629836,83.69221537,8.226788,1
629,2.432606399,3.925686528,101.089215,70.16526248,2.076140,0
855,3.618640186,3.674699309,116.605775,81.66466906,2.062902,0
856,3.031963732,8.134556549,117.755899,88.82902022,1.640188,0
725,2.980333395,10.37204586,112.692681,86.57312978,1.942550,0
786,2.126979036,10.14449332,109.876220,83.26341208,1.972060,0
873,2.632895063,3.138685538,93.370895,86.6727099,14.810226,1
1322,2.991290469,9.119247002,160.867512,84.9761845,2.172011,0
764,3.609384029,4.686886885,111.776996,79.53215595,1.657570,0
702,2.842197319,4.83739344,106.051894,83.11764833,1.562458,0
712,4.793538237,12.78340244,110.927179,69.74657879,1.876255,0
539,3.143992165,4.608657908,96.375924,69.55716363,1.730124,0
440,3.709031421,2.945656476,63.781386,81.47769606,8.853271,1
687,4.233753882,5.827524389,79.436130,68.66329748,8.071391,1
852,3.044290073,3.49740726,117.586901,76.23705043,1.715081,0
815,2.688664878,4.390382361,88.154226,83.85079675,15.432196,1
943,2.678407903,3.210403461,125.127811,78.63624212,2.144619,0
513,2.335008939,6.248574437,65.294514,71.69310793,15.519823,1
507,2.841685739,7.491349694,65.542298,79.40608518,14.971355,1
897,2.624142261,6.615211587,88.710493,83.43824778,14.309024,1
463,3.39301014,7.290391687,89.644074,77.72788572,1.677284,0
852,4.101706481,11.67500292,87.410188,75.44042519,12.173833,1
757,2.742128766,6.732460276,83.307413,69.9711302,11.152937,1
817,2.204623305,5.182421678,86.787896,85.79395792,13.803403,1
952,5.186563543,11.54403985,90.237016,79.84592236,8.111910,1
575,3.265869091,9.567955304,69.045579,73.29739792,7.798744,1
474,2.200556744,3.97207924,63.854183,76.28619944,11.118748,1
626,3.310592981,9.499583268,98.757256,72.66302923,1.676158,0
946,2.721636054,7.501501037,93.247777,75.21455605,13.810228,1
970,2.320235579,4.155078677,128.965780,82.65677909,1.985461,0
824,3.467093088,6.218246421,119.518585,80.7691373,1.741273,0
765,3.443691432,6.039631861,81.672042,73.80546722,11.800163,1
657,3.135130193,6.879788593,77.426926,83.67157919,14.291667,1
704,4.019848336,5.876018592,79.989849,88.9191229,13.049156,1
519,1.722482168,10.15416332,70.995048,68.83172548,8.247300,1
1465,5.105001483,5.651597427,119.690742,73.46534956,15.609248,1
602,4.634554032,6.369686705,99.951468,78.58991731,1.631766,0
569,2.591700192,4.000904058,69.037152,75.42990749,10.875487,1
1026,3.249627623,8.756047727,129.271897,67.35506469,2.190961,0
1234,2.180761605,6.401545319,146.184010,78.0465146,2.158971,0
444,4.676569335,5.658346457,66.819629,86.43282716,15.474125,1
996,2.309709308,8.095334315,129.891233,89.41675585,2.171713,0
408,2.305619446,4.009056665,63.261671,87.67701165,7.708541,1
563,1.773811068,7.764142112,68.884417,72.84989253,9.568312,1
778,2.731842201,4.518810363,87.301181,76.60856745,11.020019,1
997,1.743842798,7.179100087,125.945260,76.90525,1.836514,0
537,2.64525754,3.298530384,93.239232,73.8714193,1.918244,0
599,3.936648511,5.895705651,70.362966,76.40409254,9.710608,1
880,2.137108168,10.23094727,88.626191,77.43522495,15.322256,1
653,4.109338461,10.04443781,76.245903,77.16538514,14.850063,1
617,3.179974792,4.649419844,73.014095,69.83162714,14.048826,1
1235,2.925276875,5.589505083,110.743086,66.61064249,9.825698,1
540,2.420585904,6.385823277,72.139177,72.58134688,10.977384,1
1176,1.93275284,7.696412673,146.159891,88.38721105,2.212287,0
1376,3.017640404,3.257147765,162.729767,73.90446492,1.898000,0
502,2.312835806,13.8969575,69.791630,68.92975979,15.677510,1
717,2.219415017,8.821054314,80.465948,73.11630884,15.055370,1
498,2.343289803,4.891801439,69.883350,73.02209446,12.075025,1
1012,4.127005172,4.103021115,134.896793,82.92175731,1.999233,0
599,2.700518816,5.042276982,101.796953,74.87751656,1.555566,0
498,5.327223671,6.422886557,64.627277,86.1270462,10.804997,1
387,4.408126282,4.717521383,58.309844,75.64745225,10.664982,1
917,5.355938199,4.110570108,93.096847,78.61464702,14.456623,1
583,2.138152155,6.524356533,94.109388,81.57712005,1.626925,0
758,5.132882076,2.839981723,84.137910,71.94674981,12.487977,1
765,2.397357751,6.255368705,83.776173,79.14568761,12.049945,1
754,3.867166028,2.531110425,85.645824,78.61964602,15.305496,1
1104,4.555290283,3.490970118,106.674075,84.72863217,14.707058,1
567,3.163912892,4.292774009,70.700042,80.18021649,12.769616,1
519,2.023178377,6.921181577,69.036466,73.76274834,14.716058,1
519,3.51292912,12.91485184,66.470627,72.09054019,11.667223,1
700,3.193486067,7.61356468,78.818340,74.0934385,11.588770,1
400,2.524695553,3.885888553,64.485896,67.87682467,11.007735,1
730,1.764367962,5.684769465,82.031110,84.16267034,11.952766,1
912,2.185096534,8.469066773,88.339893,71.75980178,8.700936,1
540,4.178078334,4.400033241,93.218412,91.7618271,1.945854,0
854,4.577381147,6.530662281,85.058974,84.81769122,13.775161,1
760,3.861759165,4.818626185,80.997755,74.79100992,13.098419,1
670,2.718810195,4.537760308,103.761655,89.71187771,1.621285,0
1590,2.938550109,10.24832581,139.017302,77.57849408,13.753757,1
673,4.079282003,10.10060758,106.929826,78.21382211,1.567307,0
842,2.157858938,5.945513819,85.189612,84.78963878,8.189561,1
792,2.715620651,9.317151058,109.461102,85.01422105,1.613448,0
1133,2.91573353,7.881399128,101.377109,76.81388794,13.051446,1
548,4.0794885,7.69876616,72.550566,78.32639793,7.900407,1
539,3.003405429,8.051530876,72.965581,79.50048347,9.895902,1
808,3.440711335,0.705989326,112.420388,71.54653845,2.077282,0
1409,2.388489323,17.31629955,160.783714,87.81601814,1.950590,0
840,2.217310855,2.028790638,83.689779,81.13934838,14.309851,1
839,4.373853651,12.53454082,85.874047,69.32258267,11.789748,1
624,4.076828881,5.460360644,98.831605,82.25035418,1.899525,0
1003,2.568897635,5.025721726,101.575257,79.47592697,10.078702,1
578,2.592909036,5.766561087,69.751509,81.67673258,9.227286,1
1031,3.888125061,7.745781459,102.567878,73.63631035,15.133164,1
777,3.690403421,7.173185602,82.204986,67.04685363,12.109153,1
649,2.040645319,4.584200012,104.287223,81.89186771,2.009649,0
899,2.03605429,1.55773885,124.164595,86.04421361,1.663376,0
722,4.401402898,6.762705513,109.886733,78.98562583,1.924782,0
666,1.657211511,6.670047369,100.787122,71.67766663,1.915257,0
688,4.957770493,7.305653418,77.628545,65.2163873,12.461687,1
726,3.5503084,3.77893811,77.728908,85.63014267,12.331656,1
702,2.124760434,4.63218265,105.283643,72.22781403,1.994487,0
517,4.412204304,6.759151118,67.603670,77.40772757,13.402398,1
1217,4.44490672,6.283068047,111.116744,77.55127893,14.954357,1
699,3.05462039,8.429834206,81.250654,77.15234251,9.610823,1
468,2.136910216,5.967113897,66.935315,69.99346398,15.501707,1
367,3.811664489,5.094442781,56.559413,84.34442096,11.605313,1
579,2.392639446,0.748400948,75.460400,78.73876994,10.863149,1
447,3.014852432,8.455458391,65.574859,76.93666045,12.725508,1
675,2.986157187,5.017043164,102.765380,79.66544707,1.797352,0
589,4.661863841,4.850179621,71.737334,74.46176739,14.683712,1
656,2.549049966,5.773085682,99.684480,74.62437938,1.996120,0
681,4.832990793,8.714110106,79.855000,73.86164281,14.240172,1
731,4.926003923,8.351799577,80.116507,91.54545251,14.751126,1
813,4.505005727,5.056525965,115.565973,89.336598,1.839812,0
838,2.29303149,6.51410683,85.941209,86.72525521,15.744007,1
529,5.124174322,6.88070098,70.753792,63.85748886,11.866432,1
900,2.596143737,7.35615495,95.870141,91.57730692,14.319169,1
915,2.80172925,7.624090285,122.543808,73.29983307,1.747043,0
1069,2.207308846,14.99715557,135.964100,71.00904091,1.895796,0
672,2.252810242,5.949872638,80.854854,75.42586593,11.756290,1
485,3.796991557,5.074277285,85.648149,82.75964048,1.570801,0
939,2.373250365,6.204983263,119.657097,74.62113626,1.703076,0
692,4.378240336,12.47323714,82.097023,66.14847965,9.003417,1
1090,2.287594013,6.741914536,103.016307,75.06752844,11.775830,1
568,3.858933187,4.496790139,98.549417,79.15894134,1.692495,0
787,3.826676563,8.16642643,87.386530,88.12046314,15.365677,1
516,2.784886989,6.906621499,67.089361,73.67472002,9.986960,1
988,4.704021114,5.155508725,101.224874,80.41531072,12.579939,1
400,4.950955869,4.117546704,59.095248,83.78615818,15.328649,1
939,2.183602826,5.580709479,122.514612,81.71540653,2.097055,0
859,2.982877818,10.49009466,86.053871,78.77792016,12.096119,1
940,2.486213853,4.466639665,122.813027,87.45028207,1.961183,0
915,4.939596333,6.542316859,95.378935,83.16540134,12.992165,1
477,5.000224574,7.095683961,68.908307,84.28654302,12.464774,1
889,3.513520747,6.712865651,115.557626,76.76956686,2.007765,0
1431,2.703179355,6.582875628,120.506537,81.94175456,8.976805,1
680,4.613118572,3.924545746,79.355167,81.62838817,13.566067,1
1069,2.174921832,14.87033735,134.782380,83.39694118,2.116170,0
815,5.031584761,3.471447532,116.159378,85.25451507,1.824614,0
649,0.089597014,6.017542196,105.758475,80.81885035,1.948499,0
669,3.851516695,4.77204732,99.240863,78.37436268,1.995574,0
646,2.442611399,5.210252405,103.719424,70.11467763,1.713837,0
883,2.534991809,6.245606033,86.182959,68.17821844,9.213558,1
458,2.24849985,4.817630287,90.129408,80.61632902,1.670518,0
575,3.49206329,10.09540306,73.803772,88.14334286,11.002764,1
425,4.7846964,7.517241063,84.384187,86.79683787,1.631496,0
730,5.043833669,4.881892071,83.906356,70.51578225,12.804192,1
868,3.079106643,5.265877151,116.658471,69.25143597,2.217672,0
734,4.031070783,7.600188749,83.642041,79.43541111,9.832843,1
792,2.641496206,6.095325323,85.431140,82.33405955,12.176660,1
1123,2.510030705,4.805059471,132.896940,85.27638146,1.941577,0
981,2.619172856,5.411858397,125.893965,81.14860769,2.109463,0
636,2.948587585,8.241495566,72.980592,75.69321954,15.433770,1
540,4.49393727,4.540692508,91.162493,82.00832609,2.033245,0
1105,3.979686804,3.066467053,142.806383,65.37839415,1.983256,0
610,4.362790268,1.737233963,73.846181,74.99791382,11.396628,1
787,1.669316684,6.650705621,116.695928,85.068857,1.630107,0
887,2.91639592,0.297225287,118.847711,74.69729801,2.132063,0
1171,5.164737741,3.669186338,102.584609,82.34765934,12.159364,1
577,4.334077951,4.667948559,95.022446,77.0516576,1.920426,0
858,5.151661544,8.264509699,90.628247,78.43317379,7.954673,1
1261,2.823763534,4.890316743,111.176215,83.47547467,9.726327,1
1021,2.112465384,7.173536681,97.593666,78.58016648,9.291812,1
1085,3.479050151,4.294771271,134.771958,65.40826005,2.191390,0
770,2.959386039,7.77430313,83.611055,71.46782485,10.671508,1
526,3.598447653,5.156969493,70.414944,74.34145542,14.676326,1
821,2.923823814,8.528407415,117.822027,85.101773,1.727451,0
1239,4.392919978,6.624746994,112.651161,84.15562301,12.368607,1
690,2.802082959,7.287943344,80.206033,72.60866261,15.456953,1
1227,3.134683449,4.36890184,113.229266,89.50506528,9.652230,1
1250,5.5374281,2.84627189,148.706124,80.06076573,2.183389,0
609,2.869569332,6.604586954,75.761707,78.27866877,11.124162,1
880,3.881194087,7.998058391,120.235790,85.74277551,1.917119,0
878,3.98337303,5.049227203,87.601781,73.82757375,11.794372,1
566,2.92304438,5.406743709,72.401424,82.64340766,11.396968,1
764,2.425454735,10.38884735,81.041984,72.65488327,15.830324,1
636,2.141011625,5.677028259,78.029143,70.78946696,12.900770,1
819,2.325768939,4.472757062,113.017449,77.55191156,1.949675,0
461,3.758028027,4.04493279,86.763410,67.84091467,1.497308,0
1075,2.291578816,6.753403085,105.030744,88.25323925,14.324477,1
412,3.857309129,8.340090555,64.445763,87.58877404,12.932451,1
701,3.094505229,8.524427143,76.952657,77.52770485,14.473936,1
835,2.54319808,5.80323649,91.132690,83.61983287,13.719698,1
293,2.758090865,7.187317083,53.122457,70.16436697,14.666609,1
583,3.136554547,7.113050661,72.477275,77.80085176,13.056523,1
1264,3.66135158,8.157742322,116.932489,73.3226219,9.869696,1
576,3.721638129,5.453007848,91.936228,77.35930223,1.923853,0
417,2.466321336,9.02370011,60.801574,68.94795718,11.441100,1
835,1.018225187,10.2809064,84.464157,85.55874461,10.434979,1
528,2.560951639,6.205860559,70.093598,82.92972119,10.591343,1
711,2.004838902,6.801830753,82.869630,87.44520137,11.842325,1
617,2.863990067,7.193808298,74.691046,81.15675898,9.620661,1
552,2.792528428,4.856712706,69.811228,74.17642595,15.470384,1
800,2.765139584,5.099515446,115.550241,79.29691218,1.686853,0
632,2.399930656,16.78691855,76.117718,84.62113502,14.575342,1
617,3.477119429,2.440380533,77.048283,73.61675904,9.221675,1
595,3.43256396,11.02717044,96.483186,83.68646781,2.028979,0
503,2.079224706,4.587899558,69.760834,80.41947214,14.904890,1
970,4.347205064,3.743747413,127.049342,87.99243781,1.831477,0
942,5.735980671,6.017206595,127.760562,71.82638903,2.264340,0
411,2.565521172,6.151400013,61.295256,82.61591968,10.277409,1
1114,4.12410955,6.02314996,101.973465,81.81689605,11.785852,1
898,2.873924262,8.774798313,118.851489,83.01625027,1.739214,0
823,3.139223334,10.61133234,88.861058,71.09794903,9.167147,1
1187,3.839741561,16.90682571,113.890235,80.25042917,15.006057,1
706,2.117073528,4.865864415,104.992604,87.09947277,1.841743,0
995,4.685973202,8.69713596,126.486679,73.57732873,1.773490,0
900,2.950568722,5.612963401,124.430050,73.2099913,2.104203,0
854,4.791303099,7.658102663,91.529775,79.98793239,15.109140,1
673,2.396766629,4.122080652,81.315042,75.67304878,12.941629,1
554,2.306515589,9.34525279,68.564385,80.36764896,10.112007,1
890,2.774397317,10.01297409,117.239860,84.5196051,1.654556,0
1229,2.28894431,3.561332343,142.677848,73.98211974,2.148720,0
1190,4.150626009,13.06459504,149.046205,72.93911205,2.151803,0
578,3.79830634,4.688832268,73.695867,81.20181621,13.415797,1
632,2.636906465,6.127868924,99.226094,82.31816488,1.909343,0
2191,3.312476064,4.919263732,229.828926,83.41860136,2.830438,0
355,1.706908961,4.388974021,57.336848,89.23591982,15.541747,1
716,3.703865869,5.749670252,79.200536,70.51416181,15.741849,1
468,3.055062314,6.469762354,64.157487,67.51178042,15.145505,1
668,2.765585594,18.72016806,104.493645,78.82889212,2.029308,0
523,2.475586029,7.769451408,66.170665,70.0762298,8.891181,1
567,2.827436589,7.506748084,74.270894,76.87657783,11.858978,1
717,2.958360223,4.524103288,78.740731,80.60471157,9.169842,1
1000,3.315279132,2.009737541,135.338063,82.12740815,2.219358,0
741,4.300235308,7.654136682,111.437428,85.78948993,2.114378,0
654,4.24364421,4.488758104,97.869627,82.90147377,1.550626,0
715,2.475400192,2.423854503,80.533488,79.08121989,10.503010,1
820,1.982082327,8.118114426,119.385227,87.37403055,1.628281,0
838,2.465974148,4.409657904,111.409795,75.23803839,1.961421,0
537,5.06511561,5.87301628,92.082426,67.76947733,1.540151,0
861,4.083794329,6.00328264,87.810359,89.49083706,9.054206,1
647,4.723826806,7.574268732,78.624851,74.62343534,11.178066,1
1443,2.375405457,4.17659098,167.112653,79.36073566,2.442709,0
879,3.039941985,1.762921355,93.458830,75.81380982,14.878979,1
676,3.671702312,4.306195736,79.940675,92.3526005,12.208091,1
648,2.925293783,5.213084471,98.959043,68.16903333,1.944861,0
1207,3.083580937,6.540250891,140.113017,76.79046312,2.124269,0
1178,4.071404235,6.367798732,105.540027,70.86233509,12.116195,1
1186,3.625771646,7.057449419,146.994707,68.31896432,2.278369,0
794,4.468242575,6.522886622,107.870617,68.83236064,1.786575,0
601,3.933595047,9.000074472,69.925990,74.78599964,13.439870,1
648,2.661483059,4.874774483,102.363230,70.658653,1.838598,0
1035,3.234396192,4.813665766,128.768332,72.50785762,2.077507,0
508,1.981080198,7.14766814,91.559247,80.11972617,1.652657,0
1724,2.4657314,7.158878468,181.803557,84.12294715,2.266808,0
957,2.922171074,4.281124941,96.634153,77.98141005,14.854489,1
545,2.87918495,7.144176716,67.646395,87.37506857,11.102081,1
437,4.103621629,2.987676055,62.125138,74.85110812,15.006316,1
1246,2.555428589,3.702818891,143.132610,73.44879281,1.831428,0
576,2.436291182,5.826030367,74.264751,85.20399755,9.931431,1
716,2.473179476,12.81010365,79.061560,75.89294284,11.004150,1
889,4.526343353,6.506942668,120.994212,79.38012428,1.749104,0
1000,1.95623522,4.979083922,128.755745,85.97683129,1.849254,0
384,2.416467175,3.037000966,63.192588,74.4015811,10.934759,1
859,1.918407344,5.265522169,119.293323,72.43474542,2.020210,0
647,3.854063801,5.376221422,80.077806,88.07545444,15.764270,1
874,3.496308755,6.353081217,91.659546,83.48764647,9.812870,1
434,2.824292152,4.464757766,80.763777,72.89934397,1.631524,0
1051,2.587410111,7.667397034,104.849183,69.50834959,11.353401,1
721,3.301765366,6.682803137,83.537909,84.82903878,14.744174,1
558,4.783630821,5.217459968,92.563028,78.95063583,1.740842,0
819,2.535005315,6.064108084,88.211267,80.88110524,9.567411,1
917,4.949187021,3.762745802,89.709898,83.05069722,13.553852,1
691,2.553561196,2.572244639,103.736526,71.60376048,1.666765,0
536,1.753892724,7.943102059,70.541594,73.02081292,10.674213,1
540,3.178051687,9.412358815,66.607178,66.76776334,8.148131,1
816,3.778389874,12.06510091,120.691602,69.42901767,1.641208,0
406,3.642530507,7.165682146,63.377480,78.9118282,14.689012,1
584,4.035432198,6.274961781,74.490525,75.29223219,15.519605,1
712,2.006045581,5.233118649,76.568652,83.44818475,9.828298,1
897,4.63710305,7.451282485,116.616912,82.82596962,2.059587,0
697,2.566766874,6.003071704,103.612190,75.59787709,1.924605,0
1014,3.907004465,6.195027905,95.053328,77.4441939,13.572101,1
685,2.986664592,8.714305401,108.466686,84.29066762,1.585910,0
984,2.218660327,6.682940828,123.781487,70.3055752,1.899679,0
946,4.652486153,3.863066946,131.050273,64.58149398,2.253403,0
772,2.00148043,4.943112806,85.920466,82.69574228,12.796171,1
525,2.615066705,5.352468972,66.617248,86.56975648,8.706857,1
766,4.1046255,5.894858587,87.053777,92.34999478,8.322008,1
1405,2.289409289,4.697287873,157.108676,88.95487804,2.034859,0
730,1.825122543,4.345225656,109.647963,84.67046358,1.713451,0
804,2.103188062,6.78925009,113.803296,75.1132127,2.069151,0
759,2.96055903,8.401736781,79.383608,71.97323512,10.498643,1
595,3.027914801,7.767061172,73.342953,71.99066831,15.122161,1
954,3.724342291,6.15346745,97.107154,82.20964458,11.166048,1
935,2.548486372,3.314988371,96.887197,88.54949845,9.136129,1
593,3.248104458,6.798222017,73.413249,77.57305385,15.711308,1
572,2.366755394,5.71322517,72.445906,83.10791195,13.880401,1
708,2.283909024,15.98033294,81.457014,88.68187225,10.229134,1
1016,4.14845628,4.783201473,134.287518,69.48813675,1.927612,0
769,3.112656994,7.250425958,83.409305,73.16322133,8.436999,1
456,2.190241827,6.121580395,65.063120,78.63520164,10.898725,1
562,4.201825896,4.101036769,73.108095,84.93243153,8.775906,1
928,3.021718472,5.538550603,94.937451,87.36911144,11.555342,1
653,2.405567735,7.188683297,78.753693,69.09301115,12.808727,1
847,2.772559669,5.064907664,91.734645,67.91885508,14.887288,1
672,3.787151946,4.118806574,79.131153,81.08302228,12.287415,1
634,4.343186453,4.328396689,97.606430,73.62443424,1.824496,0
695,3.63076025,5.033422883,80.939467,76.05801999,13.115248,1
887,2.755392437,6.323620103,94.644418,67.38631088,8.760373,1
411,3.942370532,6.0775791,64.460368,89.37432819,15.260075,1
728,2.529154975,4.048485459,113.481417,78.25512036,1.986212,0
1523,2.540417945,5.518075039,165.363389,76.2536055,1.992655,0
918,4.664584535,10.38352193,95.814417,72.25979974,11.063309,1
735,2.766188881,5.159959832,80.311005,73.64865778,13.395478,1
590,2.726080372,8.262444287,70.485225,78.80621131,12.152849,1
675,3.141451756,6.206747725,74.751331,76.91602651,13.923872,1
623,2.906134537,6.149465561,74.740696,75.02959065,11.462019,1
453,5.416906905,4.828646908,67.255486,73.82274554,12.381309,1
508,3.40580637,6.609966903,88.858255,78.88088795,1.845174,0
615,3.963868631,4.461234717,95.312553,73.03283435,1.793864,0
627,4.217392119,6.907149235,77.994518,88.62936285,9.937131,1
961,1.264996627,6.910787425,91.164532,92.03931827,14.812886,1
914,2.047387317,6.698896496,89.076437,91.49977162,13.737204,1
459,2.052528795,9.939996843,63.904482,81.26389955,11.841185,1
944,2.766003817,5.495653158,130.271105,79.136358,1.970856,0
733,2.892470917,8.157739017,80.738669,80.64126262,11.201860,1
976,4.785743537,14.50859584,95.219359,77.38907822,13.676847,1
554,2.130164198,6.643437148,93.423205,76.65447054,1.731909,0
681,3.025218229,4.988785836,80.218372,83.85432462,9.354033,1
927,2.875069107,4.13324137,126.681501,85.27803837,1.787334,0
574,2.857147005,12.44546266,69.335818,81.13279733,10.724691,1
1036,2.615350899,7.212464934,102.334059,76.35344176,8.807849,1
536,2.418929608,4.059167519,94.881589,80.12623457,1.531793,0
870,5.106630655,9.066322533,92.188393,82.96249552,12.554180,1
915,2.513985145,5.917109359,122.109257,79.89450838,2.156130,0
1033,0.684268769,2.262728196,126.844926,76.5575601,2.221883,0
752,3.41805478,6.338584239,81.455482,78.28927617,9.113220,1
430,2.431703349,5.244714155,85.983482,85.28916317,1.456335,0
596,2.990213412,7.559009425,72.380174,71.84483218,10.790416,1
1090,4.514541702,6.685787618,139.040521,80.62402526,2.176027,0
538,4.259996635,7.694207979,71.935728,81.18079834,14.999080,1
702,2.760564536,2.630819582,102.943875,73.19794237,1.904551,0
1205,4.693127934,4.859712028,139.378750,85.36679667,1.883754,0
679,0.883760392,5.310315433,99.444597,74.10419074,1.911871,0
463,3.109449009,7.312215679,64.361082,77.44584001,13.717227,1
545,2.55125764,7.302800929,67.937618,75.41512688,12.083834,1
736,4.806597645,8.494963506,104.817825,67.8230068,2.120001,0
489,3.81997989,5.814483064,69.576149,76.91601458,9.904929,1
857,2.529385093,4.96103495,122.466911,84.78344879,1.800290,0
531,2.311120949,5.961368328,70.583792,73.44799886,14.522430,1
925,3.246374961,5.384960739,95.749171,75.18715728,12.478932,1
504,2.05565653,5.475028267,65.581498,84.25698067,13.716852,1
692,2.851029895,7.518381561,75.440149,76.13610349,9.776602,1
610,2.740986267,12.88477401,74.342011,87.58111623,11.232870,1
1390,5.325198892,5.565985742,155.100953,84.70211432,2.201684,0
623,4.240410306,8.099911673,78.214257,69.80834624,8.631725,1
651,2.157944201,6.059127448,102.772030,82.26715949,1.767251,0
466,5.298166464,6.815532761,66.956846,87.19484357,8.227682,1
816,4.479651947,5.72808886,85.605796,85.65693882,11.380157,1
522,3.94360057,8.71008446,65.752607,77.53117802,10.064353,1
753,3.98400446,5.707764849,80.941594,79.99333313,8.949714,1
697,3.177547658,4.322197335,110.351025,73.1417045,1.773277,0
765,2.322184369,7.768215994,114.114317,85.20408004,1.766851,0
519,5.225650092,8.357601126,69.462779,69.34406582,14.428774,1
756,4.255412381,4.741917192,81.952585,83.74761581,8.039177,1
967,2.867857568,12.00901201,129.317262,82.1169819,1.881617,0
495,2.916072032,5.295716461,64.548764,82.92151716,12.640490,1
825,4.278824585,4.190734877,86.615488,85.01271451,10.467149,1
491,2.883946428,6.243481895,64.022546,81.06015251,15.553673,1
1729,2.453546461,5.753656409,197.278400,79.16451285,2.257993,0
826,3.155622299,5.460861082,115.824596,76.86180451,2.142663,0
818,4.592727367,8.832196983,90.304206,83.93689182,13.011257,1
77,2.709672882,5.724482212,44.171779,76.31983813,12.709723,1
785,4.055982736,7.141314002,81.485019,81.4053339,15.742243,1
604,2.958023732,7.557572723,71.370773,69.00632777,14.297521,1
568,4.604538357,6.559951035,99.266017,84.41845673,1.513934,0
504,2.171171375,6.410808049,67.528262,82.91259072,10.694742,1
430,5.004451209,10.72109466,61.286840,77.56234398,15.071293,1
748,3.19713221,7.187874414,85.838326,76.96504127,12.143870,1
953,4.849173182,5.461409219,91.682175,89.79421037,9.098438,1
835,2.47090221,4.752518631,89.312436,74.94902487,13.219890,1
516,2.080839144,7.914242331,93.529051,75.80254334,1.531187,0
686,2.845882179,7.772938487,100.970000,68.75067324,1.658410,0
463,3.877102901,4.456978362,64.064055,86.10510126,12.530217,1
1038,5.091286894,7.259548492,133.712165,83.24156758,1.784238,0
893,2.403580848,4.398103904,120.687232,82.32797392,2.015947,0
565,2.866656044,6.01271083,71.935877,77.7233598,10.334855,1
449,1.764193104,6.541986859,61.255981,81.11700885,14.554772,1
403,1.963640474,5.337192015,81.194935,85.97668372,1.583180,0
557,2.60625962,7.785302438,73.628569,77.72099549,14.557092,1
986,4.999316333,5.259014695,92.696471,68.47054044,8.960136,1
727,5.206692666,6.520374417,81.234433,85.59809972,11.855357,1
738,4.03700648,5.51174423,79.874482,70.40620288,13.565580,1
1183,2.831181453,9.12720553,146.809562,72.84538527,2.224978,0
1155,3.956376535,7.072879686,139.458319,78.45606516,2.271589,0
373,2.695790407,5.612856862,62.658720,71.88077753,12.648841,1
643,3.269944661,7.63188957,78.060323,81.94343027,10.411109,1
928,2.717024766,6.812118506,118.121511,84.80427098,2.044411,0
326,3.437109818,5.990603993,55.051074,82.00423207,14.507112,1
537,3.243790979,10.1770417,68.969398,74.56281898,11.726739,1
461,1.923133743,6.811785293,64.649116,87.16618963,14.714267,1
449,3.010122579,11.29889868,88.372458,76.58213068,1.451758,0
936,3.368351453,5.636977659,89.787087,79.67678303,14.349798,1
767,2.293300477,1.907431451,79.787391,88.29494816,12.513618,1
585,4.355449977,4.11370714,70.348563,77.52025016,12.569987,1
730,3.542341449,9.457910689,84.148664,79.00947921,12.009449,1
734,3.906195803,7.569994321,105.110695,85.81074641,1.594471,0
864,3.055256979,8.636162956,89.116302,72.52266264,14.989541,1
518,2.654790652,8.274631161,71.774003,80.40205411,14.585234,1
539,2.990570627,5.297053166,70.969281,71.1535119,12.980124,1
497,2.548878666,6.554482614,85.810676,74.02303245,1.747078,0
740,2.908134413,5.830199776,78.096482,78.65361779,12.646670,1
1329,4.146629552,4.755088927,118.723322,83.07050776,10.987935,1
881,4.272446935,10.66172603,125.783267,85.69654082,2.014194,0
525,3.457539055,11.00702624,68.356575,68.38864544,11.675348,1
601,2.434255633,11.74705328,100.349219,71.91260445,1.775130,0
767,3.393123189,14.79042771,86.949154,67.07537178,11.427275,1
879,2.162049631,5.688635513,87.651634,82.70334594,8.759380,1
772,5.228372748,13.3844322,80.530214,66.63213575,14.521517,1
553,4.957847122,4.920308314,67.753161,79.47941603,9.518751,1
1176,2.588444974,6.911573869,143.712879,86.54960536,2.309499,0
846,0.262559643,7.645675892,84.262122,76.35377757,12.209040,1
983,3.940925801,11.17355254,93.880275,80.76367379,11.082336,1
611,3.66158773,5.129591544,75.251525,85.42422181,12.548065,1
695,3.464097114,9.840355818,79.204257,69.43812197,8.568405,1
688,3.440501566,7.338293611,101.752800,79.27469852,2.018020,0
1036,3.511635219,15.56340837,131.585544,79.76802508,1.805190,0
735,3.258042028,4.983441799,105.801822,73.23470804,2.054564,0
936,3.708118937,6.07898482,95.836401,69.99886507,9.822498,1
1180,2.765619926,5.409246983,148.616693,72.01978178,1.934368,0
600,3.175911015,5.989572052,77.054149,71.21549144,13.009686,1
1178,2.482006922,3.114308258,147.081658,84.35847917,2.023488,0
477,2.759468999,4.787315726,65.733367,70.28636672,8.491624,1
733,4.531958923,7.368993177,85.358771,82.04176476,9.498606,1
661,2.589186055,8.001568968,74.913038,67.03968622,14.983554,1
856,3.438087178,5.348870749,90.359443,71.47976156,9.499425,1
621,3.533511029,13.59331447,72.780328,70.58284306,12.854299,1
1495,3.276229588,3.714396023,132.828003,75.74300399,10.136269,1
724,2.370686585,3.523010854,113.086385,84.68887138,1.816431,0
927,3.479857422,5.058064266,120.250230,74.3621811,2.102183,0
756,2.795454552,4.141878738,108.690173,76.42680449,1.892361,0
1096,2.655848146,4.646055253,100.270898,80.44826376,15.651947,1
544,2.04929961,4.292368074,71.669073,94.07309357,8.005687,1
1140,5.079731641,4.729854997,140.427566,68.19356996,2.145702,0
994,3.760496412,9.967494866,128.389587,81.58028518,2.284062,0
916,3.687281563,3.584831096,93.633733,71.12005276,13.263073,1
530,1.954964224,4.857561453,67.815349,83.8904181,12.934321,1
1282,2.867943836,7.174578296,114.750447,85.90793234,8.392650,1
1572,3.075017284,11.56318168,126.964549,77.53746718,9.853780,1
1132,3.204051214,5.068595324,105.071126,78.75343276,8.447898,1
494,2.253341102,7.651544411,68.351895,68.54904195,10.518282,1
623,2.580125964,9.121373703,95.162516,72.16854289,1.553468,0
1051,2.493243345,4.123610205,134.575703,76.9877507,2.303322,0
346,1.939344415,12.56111385,59.433613,66.4317456,11.832958,1
508,4.106527633,6.13455428,87.284255,84.8497611,1.777126,0
938,4.257814388,5.077058264,128.704016,77.61055596,2.255537,0
713,3.597686617,4.456874167,102.880283,76.26298306,1.653625,0
1474,3.790757813,6.645365136,172.619766,83.48122924,1.972166,0
645,3.609446688,5.421561229,78.419927,82.45512395,12.908852,1
1003,2.836242514,11.45757063,100.504691,88.57452548,11.234701,1
861,3.721114858,7.218216419,116.402505,73.72302403,2.138586,0
557,4.888647552,6.500734711,70.270479,80.51172248,11.138442,1
643,2.097647382,9.987588705,74.659145,85.82661975,14.490483,1
707,2.503243138,3.797614624,81.171621,82.18264559,13.175992,1
450,2.7132923,3.965928436,65.088624,73.27323218,10.382351,1
1470,6.575457446,8.03725913,174.770358,80.18483892,1.953847,0
1035,4.276131735,4.621611722,126.497635,86.68449735,2.223412,0
870,2.380635962,8.436674519,115.515077,68.71049556,1.902145,0
653,1.884876027,3.501163486,104.080006,80.96149932,1.814752,0
654,2.687707082,3.970765312,102.696166,88.83258765,1.902506,0
845,3.129392457,8.750855589,116.717663,79.78407654,1.627920,0
943,3.664974507,4.745614511,122.796279,70.44808236,1.738696,0
668,2.239738439,9.066175368,77.083259,75.49720901,12.210755,1
570,4.078654218,9.865703046,94.741334,87.59629045,1.508363,0
1576,2.772290939,4.736232965,179.966716,83.61478415,2.414472,0
1112,2.578227847,3.572181238,145.706675,74.77771453,2.096028,0
523,2.971650932,6.760780352,68.217212,88.34669952,12.703469,1
932,3.021408013,8.219475741,92.107356,85.40078549,10.021653,1
989,3.422029363,5.057740403,130.667838,81.24470243,2.222003,0
891,2.763090736,4.209446743,89.560914,85.92031288,10.552975,1
630,2.950962176,10.00604224,73.615548,68.66350059,8.485056,1
811,2.54838518,6.624000996,114.664047,77.85738742,1.726421,0
1106,5.476707269,4.688415355,136.067146,87.83742163,1.981610,0
445,4.162065682,5.541108594,66.038038,79.77737995,9.170624,1
615,2.097732027,6.661721357,74.599354,77.91177705,14.866416,1
540,2.710035638,5.517945311,68.915788,83.70256699,10.949822,1
707,3.343038135,4.387109314,111.218554,84.14802187,1.562502,0
603,2.742546216,5.519710788,73.605882,80.96991377,8.154036,1
711,3.470155097,12.18390676,80.030942,87.76460737,8.549937,1
979,4.6353256,4.012393306,128.327398,83.30169747,1.927189,0
864,4.443720097,6.751359475,124.482177,75.96294742,1.711942,0
739,4.476468959,4.753303238,111.993183,78.28699484,1.963293,0
986,3.200882458,6.088364103,130.633630,81.19521199,1.861751,0
668,5.600348117,6.940807725,76.253503,67.28587285,15.119700,1
683,2.182549353,5.745791017,104.743939,77.57611181,2.004678,0
554,0.385682042,5.417357467,70.478187,80.70851238,10.446377,1
444,2.059755155,5.921008857,67.205504,80.83925508,12.519632,1
660,3.594280751,7.050610917,76.720538,77.12528545,12.198058,1
728,5.285307443,7.367831661,79.043866,80.35066788,15.077931,1
1043,3.968561872,3.975508305,137.775749,81.31317663,1.760985,0
686,5.002681831,0.218263352,102.187416,90.38796991,1.767791,0
613,2.993241372,4.509957865,101.184893,79.88678156,1.634989,0
623,3.365468245,5.69498361,98.392476,83.66342734,1.696115,0
1151,3.855942786,4.760281966,143.999764,68.44607226,2.242954,0
714,3.22567756,6.530696143,102.787195,68.40572064,1.589070,0
488,4.112070256,6.50270472,67.402810,70.90834029,15.636181,1
542,2.447335066,5.620067821,71.159580,74.45914372,13.320755,1
554,4.745939043,6.118728984,72.581431,79.52161423,10.772744,1
729,2.397944801,7.927886046,112.054746,68.29813091,1.692586,0
760,3.651633301,6.399687807,113.088555,84.74206251,1.581303,0
635,3.003156572,10.07976547,72.505386,72.06395838,13.655792,1
1101,2.616887497,10.59882063,107.364861,68.7530534,12.512655,1
474,2.138716316,5.628017119,63.373200,75.42311854,12.896013,1
433,4.8264299,11.16486389,60.586828,81.69559935,14.050875,1
577,4.193487541,4.174895409,98.838979,69.85794917,1.697933,0
795,2.456513051,4.476936399,88.303555,75.27314266,12.297767,1
1439,2.700082034,13.06191102,120.285434,70.70437878,8.423648,1
717,5.583906278,3.730788063,79.442591,77.25869615,14.833450,1
721,4.000980299,4.799991152,77.660778,83.98501515,10.314167,1
903,2.273917221,4.567221329,89.739541,73.58349235,12.441524,1
574,2.548589626,2.058479219,71.394575,85.31973156,12.308612,1
591,3.622387724,10.3560629,95.949438,87.47367407,1.723952,0
397,5.155545538,4.818252144,58.272022,74.60821539,11.522421,1
784,2.756167747,5.100545591,86.667463,77.82390289,8.610480,1
624,2.872862078,4.249249245,104.221016,69.1844021,1.575694,0
976,3.39895702,4.262822449,125.358761,73.16137196,1.718049,0
884,2.905289867,4.925908245,126.008052,81.3216981,1.878897,0
484,3.945872877,6.544096702,66.772559,88.49893492,14.414943,1
922,3.028136917,7.138049074,127.464387,76.25106852,2.050536,0
1050,1.861885519,8.126565823,104.812082,84.71840063,8.941622,1
1246,3.485917157,7.180352594,111.952500,87.19602523,11.961486,1
704,2.19951719,4.743800316,83.012133,86.8439445,9.689764,1
871,3.803645943,5.966246991,93.422439,87.10975313,15.062036,1
521,3.701492926,7.131018789,71.565637,78.06231963,15.734198,1
726,2.542559171,6.797359633,83.014658,71.80213855,14.526294,1
1400,5.875433089,4.593164533,156.003623,74.60777072,2.456118,0
693,3.304406284,11.77487168,81.021968,72.95558633,15.291355,1
528,3.337474206,6.422719667,67.307687,80.85985157,7.900394,1
924,4.895638011,12.00085624,125.130853,77.08695461,1.853979,0
526,4.470764794,14.20305696,68.368698,76.8198173,9.682324,1
1077,4.147730586,7.639341242,105.868689,80.63517307,9.914001,1
953,3.606891492,9.338396509,99.256514,68.44610032,12.714346,1
799,4.07933138,5.561038519,87.322155,70.60036097,9.511012,1
524,1.868909392,5.641258145,71.162198,90.34638388,7.964649,1
609,2.980101678,8.669566399,77.082606,86.52029494,9.904301,1
560,3.625395385,6.846376478,95.932944,67.61621457,1.496620,0
558,3.338825283,10.5915957,68.812997,75.4780788,13.376678,1
1016,3.894606883,3.063006809,135.957524,73.02254502,2.197884,0
689,3.915068819,5.424280685,76.841879,87.52032958,11.998081,1
409,3.916356529,5.922400717,64.687563,79.04191622,14.482636,1
483,3.349178675,7.629210277,65.905308,88.49331725,12.953641,1
711,4.144996903,0.280569436,103.612204,80.38761871,2.079033,0
1023,2.917935997,9.005321605,131.449658,93.87062064,1.803685,0
780,3.120567072,5.467369828,111.790929,69.86520075,1.887607,0
693,3.85836044,7.228748318,79.720577,75.69648623,11.947848,1
702,1.742632684,7.881258652,102.224127,78.79923358,1.906295,0
805,3.172668929,12.01836433,109.987451,76.9474803,2.167446,0
1070,2.815975023,5.916063389,132.433744,92.2841291,2.116089,0
815,4.070803075,7.539689782,111.051357,92.86297813,1.911748,0
601,2.559113733,5.486646878,71.448519,75.10321849,10.343756,1
476,1.175037021,6.522007754,86.645352,73.64690604,1.599296,0
678,3.816999936,4.427798714,99.623682,71.83058937,2.040043,0
1004,2.487068601,6.506698282,101.093577,88.51243989,13.517078,1
565,2.877404031,6.242546945,73.002013,78.16967763,7.905017,1
1110,1.782940854,6.422478109,107.766060,88.89199626,11.484162,1
874,5.090963265,2.78121502,87.489709,79.444129,11.778297,1
851,0.196882284,5.739394954,114.784151,78.10255188,2.179968,0
551,3.273094056,5.555852439,69.456302,70.70756691,10.079900,1
1561,4.617836202,9.740163049,137.636632,84.68278352,13.052867,1
716,4.168051998,8.575380064,82.936399,78.73876153,9.594074,1
1391,3.117776074,8.852479213,161.715729,80.45330729,2.460236,0
670,4.174974229,7.471746096,78.131498,82.57692955,15.771335,1
1389,2.296363157,5.680919893,122.754527,85.15993598,15.657266,1
868,3.874818548,10.8026083,93.474384,75.91830652,12.383428,1
557,3.354291105,5.389545837,69.291370,74.71184717,8.605922,1
886,2.927887075,2.861635221,120.486164,79.56276411,2.201812,0
800,2.916834506,4.270555519,89.229531,77.77840281,13.077342,1
539,2.756341985,3.963830246,67.050130,86.06853085,10.851346,1
537,4.477129579,8.435016444,70.785017,78.58187368,9.512639,1
557,2.154987509,9.898538889,74.388650,89.47123581,10.920353,1
1413,2.870316315,5.064663876,125.772708,77.13039266,14.189714,1
767,2.670704346,9.167774375,114.475158,69.17741199,2.156694,0
671,2.577493159,5.124722873,99.061081,78.33593954,1.669400,0
872,4.041599676,7.396800074,90.913806,88.96185468,9.214716,1
413,4.028768572,4.463445336,62.698525,85.37718588,11.513790,1
607,3.288479561,6.895778834,77.461192,76.4910848,15.431767,1
550,2.884126432,4.400354722,70.935129,76.73027543,8.465230,1
867,2.096600714,7.229304591,93.570695,79.55630153,8.544490,1
1015,2.96386188,2.237735996,96.605526,75.74756456,12.431850,1
532,4.875603528,9.233678804,88.124969,87.92821165,1.788354,0
1394,2.427041238,7.196823569,156.474214,81.86284682,2.059946,0
537,2.761614452,4.635207987,72.447340,75.96455159,8.934077,1
1237,2.074923284,7.725899819,155.322245,70.4401743,2.321721,0
877,2.878906916,4.829057585,94.531839,83.61329669,12.842699,1
1000,4.16444474,7.576471111,128.703048,85.65982397,2.111260,0
496,1.874389346,7.724722874,87.783665,75.11678322,2.025328,0
1391,5.080091283,4.739243447,116.967287,78.24615429,15.856503,1
999,6.659097272,4.593081796,93.441649,76.90933658,8.574414,1
930,2.998510179,7.054668025,96.251435,79.89581356,8.716823,1
916,0.242826592,5.252080286,119.108433,86.22297079,1.875535,0
618,4.766080286,5.572511756,76.560429,87.36788882,10.509003,1
742,3.95122392,5.589692716,81.576916,71.52605685,11.334612,1
1307,4.477664225,7.179101758,162.088470,73.55288805,2.186712,0
1613,1.76519379,9.02579158,185.191225,78.31608481,2.557571,0
424,4.858045445,6.705140612,64.680276,76.22600726,8.465845,1
801,4.56760065,4.997040915,88.605565,83.58870535,13.540916,1
1068,3.704242939,8.208503267,137.478639,85.64798208,1.884888,0
1065,2.661402383,6.108944898,104.719478,79.83311722,15.958466,1
783,4.497768162,4.25267586,110.913988,81.98447119,1.789290,0
677,2.660844408,5.689062169,101.974625,78.65402297,2.110753,0
1025,3.615211358,7.024916424,131.675226,89.23328604,1.859938,0
762,4.359697538,1.240667218,106.137149,76.83281728,2.100956,0
890,4.747486762,11.19600678,118.285947,79.72410522,2.094478,0
520,4.233657911,2.376546317,68.251369,85.78685223,8.589279,1
907,4.758131731,6.350904666,122.621692,65.34923186,2.221951,0
1197,5.801737297,5.386256467,140.622961,74.91193181,2.073478,0
576,5.372600046,6.010187046,74.483796,71.17042832,8.399714,1
1015,4.766861578,8.268515583,97.761955,74.65963767,10.790076,1
610,3.920826433,8.230870363,95.837457,75.66819168,1.765467,0
1322,2.592830422,5.092140159,151.675416,77.16328707,2.406085,0
681,4.424870688,6.758529796,74.656780,76.1527719,13.060437,1
523,4.037701127,6.639511551,71.635229,90.30814983,14.116437,1
881,4.508584397,1.823706738,117.467030,86.22380009,1.971778,0
414,2.410246243,8.355377607,61.616470,71.33439058,13.481608,1
495,1.8203248,6.070955484,93.128328,80.44373811,1.759963,0
724,4.526243681,5.502857212,81.065655,72.66757016,13.071938,1
477,2.996197214,6.225418141,63.626189,76.77908974,9.537089,1
477,3.857461201,8.344575934,67.137918,73.788773,15.385760,1
453,3.976429606,4.613030261,64.250651,85.86340955,9.930118,1
464,2.382455362,14.37235108,68.298256,81.3944202,14.771703,1
748,3.64895649,5.649686909,106.045051,69.85330556,2.135603,0
1038,2.387587149,5.533196433,135.499730,73.27510567,2.276364,0
980,3.200859859,11.18009666,134.356387,75.34317137,1.895583,0
776,2.370640654,6.773385291,86.213699,77.37400766,7.999425,1
755,2.968300682,7.503535919,108.022314,76.30028654,2.038766,0
641,2.783708198,6.316195418,106.017033,91.02396634,1.610707,0
693,3.387697748,6.261640983,75.338604,74.73009253,10.335986,1
442,2.694786834,7.294617972,66.250555,74.41278334,15.566918,1
603,1.949145896,6.109234183,71.544716,70.96384032,8.286601,1
627,2.572679125,9.261762202,73.566257,85.90733366,11.429571,1
358,1.765677946,7.418764176,59.477384,77.5834181,10.855568,1
696,3.094163372,8.291815546,82.401935,73.62439552,10.663858,1
531,2.394203777,3.650745962,90.836858,84.01135738,1.671332,0
511,2.549306272,10.77899597,88.408583,67.21973448,1.702883,0
565,3.68301504,6.685509898,91.085730,71.56911743,2.060777,0
583,5.161965213,6.359111082,69.366649,74.14374505,10.660396,1
851,2.369306493,5.968350974,121.803502,77.72216621,1.990486,0
651,2.456176637,4.64448693,98.828525,85.245615,1.645737,0
495,4.217896066,1.584585719,92.525059,78.06838225,1.736501,0
692,3.1245186,4.538501952,106.140484,72.90753818,1.900210,0
486,4.940802006,5.725946251,65.188369,67.56462873,13.949000,1
1421,2.715730349,6.687946345,160.035455,87.41673259,2.014618,0
478,2.902979506,7.976398153,68.268909,91.15476291,13.961638,1
870,4.87796596,4.921829312,123.111801,76.43011298,1.696211,0
1399,3.084787577,5.685908179,120.570311,85.27998424,15.827548,1
1293,3.435343747,5.055432125,115.067434,83.40945385,15.592449,1
837,2.253758346,6.229153154,90.304653,78.81910935,9.949460,1
808,1.991122417,6.125850519,114.489749,87.86718373,1.623556,0
757,2.963685683,4.731725761,83.834539,76.52906552,15.238190,1
623,2.530140608,5.536185402,74.839846,81.86064902,9.182450,1
571,2.114661304,6.441973218,73.127620,86.88726093,8.369387,1
500,4.986831335,5.811700109,64.568532,73.66283774,10.971010,1
457,2.67676238,7.873716193,62.626817,81.67768419,10.081334,1
650,4.469736236,3.852011624,76.739459,82.88326459,9.689085,1
684,1.940274271,8.287894468,78.334050,75.52681624,11.869592,1
793,2.165552442,4.297832977,110.180135,77.23228252,1.982899,0
913,3.964756512,4.636275502,124.855097,76.14552397,2.237061,0
705,5.45361313,6.816560233,108.740989,66.74360152,2.057409,0
693,3.862273792,5.613314392,80.024058,85.29156241,12.074875,1
916,1.952303699,7.012923381,120.093785,80.8434414,2.036107,0
906,5.219005988,5.911580598,93.088703,85.46117545,12.054858,1
744,2.529859455,3.328286196,79.642299,79.05810984,11.246059,1
691,4.553030692,9.368420598,81.290854,93.7847183,12.458890,1
444,2.770990595,5.085241742,64.671775,81.19490971,15.495972,1
845,3.332256879,17.29049968,84.801600,80.62050215,8.273307,1
1272,2.541804739,6.376769087,151.618435,88.11211799,2.410712,0
657,3.780978011,3.851607183,103.394914,67.75461059,1.618396,0
735,3.600737521,1.753670802,112.734563,81.0644829,1.790132,0
668,1.901810666,2.824056243,98.818635,75.77944282,2.106913,0
378,2.714732551,9.066224671,59.857125,84.07258898,11.617322,1
628,4.602951458,4.97421036,74.623017,82.73862752,11.596088,1
750,3.667952331,4.457597974,79.168806,75.68767622,9.113444,1
1032,2.819445333,4.82523566,132.578254,80.83925466,1.773458,0
819,3.041728239,3.585565883,88.959513,74.89908893,11.355258,1
476,3.338989495,7.578493443,68.055279,70.50721379,14.351618,1
927,5.055810981,6.268627408,92.843286,81.70133401,15.028909,1
471,4.007384624,17.02873048,64.109867,85.34447243,14.779832,1
1248,3.212872427,8.139220871,107.386628,86.02299079,13.726964,1
728,2.576702539,6.121639074,78.501660,85.78713895,15.426421,1
846,3.856685419,1.756807834,114.908853,85.16874123,1.832533,0
708,3.291153909,6.792461735,76.392495,70.71970281,10.806831,1
982,1.778990796,1.099391273,129.286500,78.78007107,1.748661,0
1220,2.877543757,12.1796376,115.773313,75.92359623,13.398498,1
934,3.375871511,4.978306776,121.867141,73.02120232,1.894334,0
1183,2.818982776,8.621274762,149.463347,72.36712913,2.375855,0
856,4.764727403,7.982050856,119.539817,71.62373823,1.885048,0
404,2.663352308,9.396973434,63.086873,78.55812987,8.810088,1
426,2.446125088,7.657659896,64.829796,78.98516206,15.340685,1
1407,4.891415587,7.623181408,119.342106,72.0609453,15.659708,1
955,2.604888858,6.864116258,123.525426,86.66220061,2.200857,0
1096,2.225354796,4.530084053,135.893075,83.30762038,1.875869,0
815,4.138818447,5.790478673,111.283960,76.77894049,1.810182,0
530,5.141889118,6.49014541,65.892394,76.74767775,15.263477,1
1264,3.198182058,1.16968933,143.953167,77.03579492,2.283313,0
551,3.774523912,4.783903105,67.155656,79.26048378,9.621902,1
728,2.64530945,1.172429464,80.896485,83.43203703,8.688438,1
990,5.775084978,8.647101579,101.632398,80.19576763,12.509592,1
557,3.547992395,5.785246286,69.765086,83.9543264,13.435497,1
889,5.243417866,1.308305414,124.751340,68.98545059,2.228528,0
755,4.835669623,2.973395764,80.649148,85.5162541,13.339831,1
1047,4.247262099,4.02667262,103.458868,80.33469108,10.792866,1
672,4.169975193,3.952748461,77.752901,80.91193651,11.278620,1
625,1.840246133,3.520867304,98.844915,90.07804751,1.570787,0
660,3.679290822,5.827285825,77.781546,68.5790672,12.480663,1
472,2.063308898,4.060939845,65.844554,76.95848125,15.044434,1
999,3.120914815,7.592592435,124.704900,79.06477276,1.850184,0
584,3.463098388,7.141328256,70.950124,66.07338735,12.887581,1
645,2.862686887,6.011060261,77.558626,91.14581683,8.689792,1
961,4.332142983,4.068593718,130.087747,71.03375597,2.057513,0
925,2.175120918,6.522407926,126.060211,71.14407655,1.704353,0
414,3.693866334,3.496527555,87.076701,78.64505108,1.963667,0
1276,5.481771577,5.348832397,116.462037,77.49076019,15.345705,1
648,2.823250613,7.993921383,74.392780,76.65332086,12.796087,1
1194,4.705356947,4.990944615,109.456492,74.67170708,15.804254,1
408,3.388802126,7.542666857,62.601227,79.72142067,15.660943,1
987,2.844370532,2.817746751,131.088663,77.24854611,2.265059,0
831,1.837292327,6.154573143,119.714653,82.66083187,1.887672,0
613,2.592776244,6.668533386,75.646891,68.98594996,8.691217,1
768,3.360009001,4.828457271,80.707590,67.26331688,13.607769,1
980,3.600476217,4.888926041,97.632468,83.42238061,15.547881,1
425,2.719264297,6.62271677,61.314243,75.2591804,14.781930,1
769,2.717625528,8.623476408,84.137332,88.94462125,13.726258,1
1137,2.626324881,7.985963458,102.740942,77.06376278,8.248962,1
851,4.995420851,3.79134454,84.389209,66.54497657,8.370881,1
625,4.402996056,5.016565674,72.336904,79.51118954,15.679354,1
596,2.540336136,8.021477902,76.476342,78.81273101,8.437429,1
1123,3.542710263,4.174901314,100.719370,82.20608247,10.824110,1
610,2.268042086,6.989644642,74.135932,73.67635505,12.228571,1
552,3.103139501,9.451982239,96.889102,80.82564183,1.781140,0
1106,4.917766943,4.869187359,106.916191,89.50125545,10.754256,1
641,2.302294894,5.148851437,102.918622,77.09638898,2.057159,0
522,3.864178608,8.418645338,87.950406,84.24908496,1.798747,0
520,3.85718107,5.600184721,69.021156,92.93785946,13.206744,1
750,2.675206709,7.571558935,78.492846,77.23455369,11.786918,1
620,3.641469528,9.376229185,77.776864,73.07554818,11.100000,1
985,4.142760858,5.221758214,127.548810,77.37292012,1.871130,0
599,2.384932899,7.369929561,70.853936,81.33825247,9.124727,1
1331,1.826870392,4.230269345,118.509228,76.36677335,12.226753,1
1713,4.601270997,11.47495715,189.902611,76.63347216,2.647581,0
561,2.874089505,8.863903945,72.072229,86.0040449,13.164030,1
774,3.842076864,10.69156747,81.686686,82.71257369,12.659890,1
533,2.503763997,11.87447876,68.335702,79.22325423,14.834943,1
786,3.685643103,6.321633311,87.243478,78.86170496,10.473388,1
932,3.067649381,7.300653067,123.496559,72.45354038,2.260264,0
1046,3.528898061,5.977207641,103.036652,68.21807517,12.929737,1
610,2.322476966,6.55111691,77.052768,87.92167996,15.756685,1
1010,3.985868455,4.656638987,127.467179,81.09805734,2.194081,0
870,3.047755124,9.382659084,85.841935,89.06880365,13.662807,1
756,2.117120644,11.14241856,105.134613,78.80020596,1.823190,0
1201,4.481984162,11.16303003,138.786041,73.86438263,2.235555,0
798,3.245835318,4.691709681,111.099719,87.07278154,1.833743,0
800,2.433565536,6.257404873,109.418387,75.90972712,1.745730,0
952,1.850967882,6.325146315,131.619885,88.87218292,2.079858,0
1013,4.012092767,6.458260081,96.508362,73.43162614,14.510857,1
1308,3.909642534,5.075734254,158.282923,64.79148445,1.949061,0
628,2.576028782,7.923966017,78.215562,81.07402345,12.118422,1
965,5.105006947,10.39253786,93.572898,86.79102662,9.250907,1
1103,3.74081534,7.496849071,131.729395,86.77942993,2.156127,0
830,4.681946021,2.623224258,111.484456,76.46699844,1.691907,0
726,2.62048016,12.98290176,109.223688,75.09900664,1.639694,0
1154,2.53700715,5.789142958,110.601279,73.32608048,9.972083,1
561,4.919465404,13.94880376,72.339118,82.83082224,14.665097,1
827,2.487481567,1.83965501,84.304634,66.65298151,10.725931,1
971,2.162634309,5.288795025,121.902051,83.29732487,1.716707,0
520,3.774516361,5.642450506,65.948691,84.99282879,9.078527,1
667,2.878905137,5.975842387,76.391268,72.73446713,8.335535,1
922,4.160330753,2.70939106,125.133210,70.45717152,1.861424,0
795,2.903889515,8.702965699,89.215468,82.32062051,9.953568,1
381,4.964805025,10.44539172,58.986009,77.86842863,11.870550,1
501,4.706968373,8.39771943,68.363627,88.37305522,13.894077,1
574,3.487180781,4.950219709,68.938694,79.76478974,12.724888,1
620,4.08514602,5.916181451,72.457911,88.31262822,9.496720,1
753,5.67808239,17.93505307,82.782655,88.02118601,11.593015,1
595,2.193474724,6.6870074,71.593804,90.91322438,12.423832,1
1163,3.968650391,4.288223933,137.043916,88.59665165,2.097266,0
768,4.143359087,6.12313402,81.144263,75.66818634,10.415506,1
760,2.000847295,5.798000291,81.149648,65.98658277,12.704470,1
448,4.527674827,13.41128319,61.950406,77.05492303,9.301158,1
794,5.008104702,5.40714371,85.255804,75.791145,8.661059,1
1052,3.335760715,6.07379971,103.339819,73.35951157,8.696512,1
708,3.803716481,6.808660934,79.541116,66.41897062,13.199355,1
659,2.580338968,11.4910399,77.038072,72.95896355,10.017208,1
532,4.832896343,7.767119445,67.404221,71.56006923,14.104171,1
631,3.765412153,6.545310303,79.122426,83.49012679,15.815466,1
776,5.194290053,1.251399326,87.559509,70.7876277,10.923116,1
510,4.108830192,8.657530133,67.698667,75.51691322,8.607916,1
686,2.258917042,4.610803719,77.442372,91.00401721,14.563516,1
919,3.61609765,5.615713285,93.456952,78.00371507,15.177857,1
885,2.068530485,5.71962655,122.429276,80.66159568,1.926729,0
376,2.418556129,7.033204464,61.802460,74.06226638,9.193442,1
452,3.997078372,5.2459335,84.027453,74.78289595,1.763507,0
631,3.78824332,14.02582617,72.706915,71.14441994,10.080501,1
467,2.503885294,4.693086251,91.099604,74.53712004,1.938997,0
367,3.601815275,6.74004355,59.930141,82.10152938,7.977602,1
642,2.212770242,5.483986274,77.488190,81.26684277,12.901667,1
732,5.163690182,5.879079449,81.894860,82.1320094,13.464471,1
1518,4.455011195,3.063991854,173.169662,67.9014118,2.382422,0
691,4.214750532,6.05410729,100.107370,81.14831115,2.090292,0
656,4.399913708,5.432859416,105.865559,78.01036445,1.804954,0
966,5.611779445,15.57755453,132.569184,68.64760929,2.021306,0
1015,3.164222514,9.547320093,100.590698,78.86601174,14.967583,1
1327,5.087356467,5.781094109,153.136455,72.36174151,1.927067,0
450,2.102848246,4.244557694,88.700098,81.80449391,1.879819,0
1251,3.740493251,5.817403683,109.923389,68.2288695,15.134123,1
672,2.997711336,5.764714627,77.359982,78.62412775,10.525697,1
401,3.350147735,16.13107427,60.407049,74.62589574,14.328428,1
747,4.393083673,6.710735921,110.308501,73.77627632,1.913940,0
811,5.268747578,14.83469088,85.504042,81.66416576,13.615302,1
555,2.777080074,8.779156018,96.941273,75.50152915,1.732368,0
759,2.814708778,4.795808993,82.374673,69.08269488,9.546266,1
945,4.563903258,3.840165459,126.883213,84.26183918,2.115579,0
555,2.073370602,5.503395669,67.894077,75.50897318,8.715541,1
656,5.407194461,7.119221721,78.408603,75.38954156,10.276603,1
1277,2.722358989,5.308491605,151.104902,73.52550555,2.365728,0
1094,3.310763379,6.015329752,107.592206,67.4870418,10.715175,1
833,5.130361297,6.103103409,83.645159,65.15583518,13.958282,1
1083,5.208650832,8.058840838,104.390423,79.34026464,9.428806,1
750,2.308416717,4.999007444,85.705369,79.38930069,11.950075,1
742,2.497885769,6.012440562,78.306114,78.28399572,13.992659,1
760,4.518637955,7.398396203,80.077521,85.24092538,14.949483,1
493,2.021307427,6.113167056,65.425490,67.67213654,10.856190,1
960,2.392736978,6.701338578,130.463312,86.75393495,1.970907,0
1209,3.385390519,4.863631747,140.141483,79.73859526,2.069108,0
653,3.282198889,11.05544733,73.821121,72.63359144,10.109044,1
446,2.672331672,7.758873278,81.626929,71.83820622,1.485995,0
1213,1.738052386,6.957437478,114.619282,93.32576154,14.068358,1
498,4.253072616,9.332457406,64.803209,85.65286023,14.927090,1
740,4.847549481,6.795506013,111.873492,80.6502174,1.748025,0
879,2.674197982,5.016267465,90.736935,86.56658911,10.645315,1
580,4.683462755,4.960392543,71.285807,87.37148599,12.661886,1
647,2.603949053,4.936318463,76.137330,72.34524423,13.669785,1
821,4.118057863,6.838184479,111.645049,75.81766369,1.717762,0
804,2.724538826,2.982371327,85.983872,87.04010849,8.476844,1
877,2.184790328,6.556781983,89.869260,73.54047946,10.107904,1
1106,2.362559443,7.931588419,108.313118,88.72267387,8.869231,1
1221,4.36697206,8.805454338,152.941202,84.14223363,1.816250,0
811,2.553736414,5.195216588,120.499961,68.56697114,1.702586,0
1071,2.892663687,5.750278344,139.025103,67.65828089,2.063446,0
1200,3.829212081,1.522135444,149.704086,82.45330993,2.062418,0
887,3.84084007,6.051232379,94.157817,83.9662892,14.355398,1
856,2.447543327,5.973449758,91.270931,73.84044132,9.728248,1
628,3.864148008,4.598943456,76.979650,75.76058166,8.699133,1
780,2.805286636,14.77146288,82.818584,79.0488112,15.101778,1
1120,2.339735957,10.05756791,105.027631,76.45835339,11.462471,1
557,3.741839925,3.698940078,92.845314,85.23571675,1.952450,0
1001,3.161881455,2.841667921,94.341524,87.37095632,10.203373,1
1244,3.943147638,5.018652244,114.843316,75.36255856,9.182486,1
1091,2.992162434,7.050279525,141.121169,89.89202809,2.181833,0
762,3.39591545,9.290477119,79.379600,81.66920298,14.866255,1
1095,2.702396467,10.54119062,100.633031,88.19026208,12.850431,1
637,4.952190555,6.027251788,77.516515,70.92097388,15.399890,1
655,5.240153014,6.576321553,73.277202,84.27726926,15.795409,1
652,4.461505034,3.904761782,80.226727,79.29591568,15.205407,1
447,4.672213757,4.98024825,66.233736,74.95169203,10.092210,1
704,3.628245929,6.208172136,82.788350,82.76762036,11.564522,1
946,4.067539067,4.076292802,97.527925,75.51042838,8.069944,1
487,2.424024433,5.472740367,64.632644,72.04661721,14.372377,1
1009,3.91825598,5.893327092,135.963342,79.28923924,2.266848,0
594,2.323309187,5.83173447,76.072870,72.08994151,14.320416,1
482,3.584099667,5.104509717,63.185700,85.60094784,15.415307,1
581,1.734164806,3.744700064,69.061702,87.49746389,10.230271,1
949,2.357637361,5.717507075,127.744921,87.19981822,2.247511,0
1068,2.578689012,4.262460733,137.854728,88.83393989,2.026775,0
592,4.85759591,5.610891865,70.926534,75.36680212,9.971710,1
430,2.726980432,6.17634808,63.373025,73.45099061,12.059028,1
797,2.208287571,6.446291564,108.807867,79.39841323,1.668993,0
639,4.432318922,6.281004445,102.655607,79.3009843,2.050521,0
1113,3.962889701,5.766116669,142.416657,71.73215557,2.100548,0
1021,5.228912013,11.21558772,99.987510,76.30016366,15.196328,1
948,3.341450684,11.20016405,123.350465,72.59605315,2.103864,0
888,2.538669375,7.373018467,93.343175,68.42469459,11.953471,1
393,2.629091045,4.129341263,60.019121,78.75317101,12.301823,1
803,3.385860512,6.169165398,81.692654,71.5968753,14.216785,1
901,2.818155577,5.29798994,95.392778,79.70129395,15.926312,1
1143,4.523240614,6.508849928,101.742289,79.53821724,14.270410,1
491,4.16573091,6.448849465,63.732577,80.6118766,14.769773,1
770,3.938869478,5.15247515,108.188796,75.46503028,1.843717,0
555,3.095508952,5.184542545,73.714713,80.44991043,14.321643,1
632,3.76566351,4.251041503,75.227898,77.67179177,14.519196,1
948,4.412476818,4.26697848,130.114635,85.66323037,1.735064,0
643,4.080248419,7.12866107,77.131486,80.20979203,9.940179,1
890,2.053390399,4.957024278,121.921834,72.63764254,1.706372,0
1211,4.590453612,7.440789189,147.744847,74.78019063,2.336436,0
1023,3.455459964,6.137927078,132.120989,72.99199683,2.176943,0
795,4.627397139,4.478980469,89.164595,83.25178706,15.029515,1
503,2.708946339,3.526221697,69.868374,79.99602175,8.930689,1
776,2.022143462,4.724423002,84.913732,66.83828385,10.813456,1
980,1.941986139,7.271212592,101.058632,72.28876958,14.562838,1
1161,2.150002123,7.155717211,139.549148,70.45837114,2.252717,0
575,3.553624241,6.714695203,74.833041,81.75443986,10.076130,1
841,3.388750796,8.606893148,87.854894,68.60575394,12.503552,1
719,2.740394578,6.022168442,106.153954,83.6642412,1.930081,0
459,3.029269364,6.880355556,64.119746,76.56502686,11.782293,1
766,5.462266713,4.226147018,106.372638,77.63133859,2.163219,0
873,2.921946987,7.123659004,121.679161,71.81300245,1.704484,0
1016,1.995631069,4.925997217,132.757994,89.13939934,2.160416,0
1411,2.500864576,4.728872127,161.278859,73.55218668,2.271379,0
1116,3.762895028,4.354126378,138.199540,81.7571794,1.860224,0
722,4.692194278,3.605800642,83.008178,69.71706414,11.213594,1
446,3.307253008,5.31408285,61.467706,66.73408761,11.162026,1
1162,3.795060323,1.251698611,111.921469,69.04093491,9.347130,1
867,2.134238594,3.724031346,122.331657,81.66504555,2.188666,0
423,2.98480872,9.494641117,65.186388,71.5609451,8.795414,1
601,2.648944281,16.18190022,71.979475,85.47707516,11.266871,1
512,3.413822435,5.641062188,66.843373,76.73124612,14.774493,1
581,1.867250435,8.375115489,69.361983,86.03033832,8.016531,1
382,3.156862298,6.426385664,58.432007,78.13973697,8.134728,1
838,1.913384341,4.81660743,122.034072,79.03303158,1.924727,0
702,3.980419224,4.936670394,108.074152,77.73462796,1.663135,0
1383,1.980378193,6.72779478,158.425373,74.58624829,2.123897,0
606,2.516178849,5.784915589,75.918336,75.82546907,15.730395,1
1302,3.262003069,6.699762167,149.276006,90.38650321,2.064686,0
1099,2.847421896,8.104603078,142.249176,80.06401054,2.332237,0
769,3.434042977,5.649268549,86.665568,82.42320949,10.446953,1
750,3.784583878,5.116443296,109.520407,81.3814905,2.024226,0
1142,3.814544911,8.569634313,110.497968,77.59759848,12.428505,1
714,2.975754429,17.09087609,84.185350,73.38434165,10.403340,1
634,2.991804137,6.085666765,73.380157,66.38219765,8.494090,1
470,3.591222092,7.147611015,91.130937,73.13733526,1.771689,0
861,2.385422313,3.257420964,123.831969,77.4737923,2.065271,0
721,2.489525477,7.431423901,77.115927,76.04522818,11.693739,1
397,4.906627111,5.844099215,61.429224,85.10961373,13.287325,1
844,3.856238037,3.088970692,118.371421,90.05041028,1.904129,0
521,4.143175341,2.151899447,69.783601,87.96731764,13.766939,1
890,2.181246173,4.673951457,115.708330,69.27870738,1.767519,0
678,2.088896075,7.510776795,78.944417,79.65928704,13.406108,1
676,3.558208877,7.325706502,74.209211,79.23303291,11.810474,1
502,3.55145224,7.434469905,65.871535,68.99783393,15.010460,1
1013,2.311039912,6.841834462,129.529424,81.09396683,1.732476,0
1380,5.140654659,4.036824366,159.693611,85.01341195,2.029916,0
640,3.433809183,4.575582473,77.247354,78.06942953,13.951632,1
801,4.96017915,6.064402154,82.327088,83.61618548,13.956562,1
1028,4.198494903,4.117883218,131.128170,66.32470574,2.083275,0
942,3.407839728,4.415517267,92.807407,83.94804777,9.490854,1
724,2.533631512,2.091088298,82.896416,77.384204,12.563356,1
401,3.224153417,9.119953095,60.122089,67.90560317,13.019997,1
889,5.147012067,5.39619462,86.600262,82.09505436,15.860325,1
504,0.494713631,4.826922576,67.657666,79.12142194,11.087397,1
604,4.037863172,6.068130717,70.179558,75.03809879,10.372709,1
934,2.299809676,4.848481072,97.480376,87.3240298,15.668951,1
833,2.338986216,6.974348607,89.184615,79.85042184,9.173151,1
837,2.545010933,2.790887246,122.229268,75.30411335,2.081451,0
753,3.578621661,7.606723758,84.321957,77.09686002,14.361513,1
825,3.585143,5.337108944,85.111856,83.55169589,12.741085,1
790,2.737793321,7.54186911,84.222593,70.88197898,10.654259,1
700,1.959007999,7.236949519,80.359441,77.78665356,13.651898,1
588,2.769674321,4.308162487,71.077507,87.96221898,13.958011,1
592,2.264444319,10.11299814,76.185802,70.81006472,12.999161,1
757,2.593868121,5.128982162,84.760825,79.3371596,10.077673,1
697,2.939625482,13.05272298,77.797827,89.07452007,9.448756,1
1420,4.076719001,8.949726107,170.341672,92.77624874,2.277727,0
823,2.071509653,3.515791299,90.762187,89.24707661,14.111139,1
634,3.086882573,1.364795774,72.882295,74.95564298,14.969586,1
605,1.286198286,6.658323193,75.198321,76.74372372,9.635537,1
726,4.751341187,10.85541707,106.125588,82.19612109,1.612293,0
1014,1.953584392,7.164890747,127.938184,80.54736147,2.285357,0
534,4.230040669,4.887962906,97.203521,81.66258263,2.017955,0
809,2.994863594,6.779156986,85.513011,82.96859938,13.152025,1
556,2.81254317,7.036612483,72.196282,77.4232738,14.681542,1
715,2.694184165,6.947453,76.509136,69.12065511,15.684917,1
620,2.273815771,5.001799002,95.526226,85.3054607,1.677658,0
808,2.426884779,4.154170443,118.260328,82.41966226,1.866088,0
1154,3.594084128,4.143899648,107.748852,81.07559255,15.122395,1
812,3.932737964,6.094890249,87.259270,90.04266943,10.328366,1
468,2.194237971,3.611104703,68.829816,85.25960924,15.058131,1
474,2.327242337,8.18935139,68.451238,80.74402274,14.350480,1
976,3.403510856,5.733091538,96.903021,70.37597564,13.066461,1
615,2.888034202,6.24000375,77.427657,80.61439479,13.242424,1
751,3.521349139,2.129485351,80.149316,69.69794206,8.740314,1
644,4.111854868,6.121308939,73.119904,70.41480501,8.873377,1
832,4.104174208,4.796132368,113.723758,78.10918934,1.831660,0
816,3.126299099,11.0586131,84.041849,76.29628594,10.810731,1
551,3.453046942,0.404058792,68.715381,80.61802408,8.249850,1
479,3.763739493,6.186749943,68.475495,75.38175611,10.096999,1
996,3.186547178,5.181844748,123.754931,92.89754375,1.834716,0
751,2.2641144,6.474544744,78.773601,84.82546854,14.642887,1
531,4.403536216,3.540653525,70.327140,84.77204007,13.589384,1
1277,5.476089667,6.054230502,118.609712,80.13818987,12.726172,1
523,3.752009813,5.065293722,69.713161,82.66487763,13.291666,1
783,3.577408323,8.898661279,113.793214,74.13834171,1.845292,0
388,3.684501789,8.415967143,61.608379,65.50763425,14.116534,1
988,3.835343197,0.571909576,122.615031,85.34188018,1.862056,0
613,3.872402408,5.302400377,73.828582,80.92081946,14.879803,1
513,2.482436384,5.183278841,64.866211,78.26979114,15.094518,1
758,1.954491512,3.752997894,84.007368,85.06299469,9.062437,1
814,3.591057854,3.706322583,110.528539,89.88570008,1.864241,0
622,3.897182796,4.127809414,76.712117,83.35658002,15.166606,1
584,4.012382766,5.958381168,73.157040,69.52961841,10.618941,1
648,3.544289801,7.597946587,74.323416,68.74409498,9.003239,1
1146,2.191356128,1.600809987,109.568551,88.22691722,11.370249,1
1240,3.895707266,10.38979377,153.009442,87.48308642,2.007829,0
584,2.575541327,4.619378831,74.133984,63.53942949,8.967933,1
928,4.44737082,5.213703686,118.553248,76.78851107,2.106174,0
372,2.66657376,4.349957212,57.840871,84.20327838,8.283009,1
842,2.51023108,5.20734192,84.077777,80.40502026,11.827089,1
866,4.266469313,4.62560235,118.723923,77.5820768,2.159594,0
576,0.49570085,4.554676021,75.448096,68.17268605,13.875248,1
834,3.685473349,7.428454954,88.933144,68.27926469,12.454904,1
821,2.566129769,3.501840301,112.036319,87.84519278,2.206102,0
611,4.008921441,4.65726625,76.604159,81.07453742,8.640146,1
475,2.618627562,15.61449265,64.750634,68.90203951,14.685199,1
599,2.303640654,9.871851004,98.507754,84.60653255,2.095333,0
913,2.915025235,5.080160726,93.604799,68.63016264,14.901031,1
752,1.911456982,5.17874546,79.301850,74.70177946,15.503806,1
597,2.13989588,4.538440465,75.615743,81.83768794,15.492928,1
723,2.543381185,5.985719358,76.937899,82.20553625,12.087543,1
1019,2.431601745,6.639466091,129.443267,71.14468141,2.011389,0
592,4.748434252,7.647446548,95.667889,73.3874445,2.052798,0
1026,3.36873702,9.15476419,96.766192,67.20329219,11.548931,1
864,2.028299648,6.923020604,124.245808,88.84040369,2.108682,0
1315,4.572185898,3.884992742,161.298427,80.00128285,2.372303,0
519,3.869193639,6.277881082,69.336422,84.57432128,13.767032,1
851,3.67571017,8.08276991,88.714413,87.00166627,12.433785,1
580,3.701447222,14.21544205,71.903260,81.51684596,15.056609,1
879,3.16832918,1.964410873,93.684488,74.12774995,9.403712,1
401,1.725009038,4.716785932,84.814974,82.33916298,1.590837,0
377,3.991168506,6.401892858,61.802897,76.68901315,9.577769,1
730,3.119692542,7.609781283,78.228138,70.83950587,9.690624,1
1262,3.794201503,7.315191239,111.106808,73.98577302,13.168122,1
558,2.801588313,8.617736496,68.743986,73.34823527,9.136970,1
398,2.465809704,4.532660807,60.278625,93.77942158,12.704045,1
594,4.257075878,3.606284164,71.764755,85.64043593,13.563445,1
981,4.402885481,7.191569395,93.786350,82.0166502,8.165295,1
1122,2.203980994,1.342776594,144.964496,80.2756225,2.078362,0
842,4.693078433,6.451239928,120.404441,68.34587326,1.658194,0
376,3.528246176,7.485242208,62.925581,74.91562605,9.438567,1
562,3.877744794,4.854558655,97.886878,81.1662907,1.653092,0
846,3.891882783,6.324354019,112.768672,89.35597481,1.851637,0
844,4.20475698,5.983936453,86.723586,92.2210442,10.582720,1
1120,3.526862702,6.590035364,99.925714,76.7508022,11.598822,1
620,2.872799419,4.150499315,96.144596,69.9108345,2.101787,0
815,2.263811184,6.548497729,88.774102,79.91542715,7.997334,1
778,5.294031068,8.276607869,107.775587,71.20127164,1.679086,0
572,2.610926118,7.067963165,74.269775,77.4785745,15.363252,1
625,3.45182088,7.979222028,73.242532,72.50015549,10.208689,1
985,2.312681568,1.866906211,131.173020,69.87648154,2.243350,0
982,3.196286696,4.49838541,95.447585,84.3724302,11.237417,1
1515,2.023511801,4.798883392,173.594785,85.57774829,2.404362,0
618,2.430604461,6.723521199,72.598034,72.7762602,13.326738,1
691,2.311403957,4.906982804,82.509434,81.456789,9.136206,1
965,3.478688967,3.541500491,132.812255,84.28856688,2.181564,0
542,2.533404125,5.641195257,68.402340,84.06499514,9.948983,1
750,4.202358053,4.79100937,85.624686,78.58984927,8.866275,1
696,2.716795421,5.410542654,81.457654,74.86273454,9.539134,1
419,3.772331084,4.728372751,60.066308,73.39030047,10.134430,1
1066,1.716881175,6.109691814,141.094437,78.54754743,1.985397,0
468,4.801892172,12.39896694,66.706967,74.37650807,8.051973,1
988,0.884351767,5.922840354,98.662997,72.12313918,12.256858,1
962,5.562747852,7.59616101,126.765908,86.15575232,2.192078,0
628,0.532703154,7.471276289,95.927517,70.4060901,1.912850,0
856,3.605926478,9.14291051,118.071198,71.85652145,1.837633,0
623,3.998784629,6.043227847,73.477382,68.50190558,15.257290,1
1067,3.534280987,5.551939481,131.430420,80.84926303,1.784191,0
636,4.565684185,8.875443476,76.323927,67.3624599,10.873054,1
1247,4.193235096,6.099368647,115.613492,83.71911365,12.053075,1
573,2.600951224,7.681884252,74.230047,73.40052416,11.125036,1
865,2.675533432,5.280382602,86.239544,76.59529646,12.583753,1
930,2.168819053,6.79676345,95.950811,76.76927201,14.985914,1
812,2.140049086,8.067856963,83.455607,80.83076517,13.837398,1
1017,6.301532003,1.679402276,98.913856,81.64425619,13.305346,1
767,2.648127113,6.395074015,109.163054,80.79834083,1.653833,0
451,2.430460895,4.683832479,84.300247,76.31645558,1.932653,0
575,3.24424519,8.132846689,68.666092,81.90330084,12.283322,1
895,2.308604285,5.742811854,92.245345,81.46931051,13.684861,1
494,3.741788562,4.743916125,63.851688,79.72206266,12.347409,1
754,0.374371704,4.572401618,84.825130,78.58298492,10.793351,1
802,4.266763435,8.983240983,117.735216,75.89927394,1.648548,0
612,4.466522201,7.47121471,77.562575,85.30392387,8.916447,1
1112,2.869438189,5.237632423,134.017289,72.71248908,1.856792,0
700,3.375577221,3.992988587,103.619375,79.53474545,1.932834,0
426,3.376088208,7.07274341,62.104253,83.0599836,7.895248,1
583,2.250773198,4.178575691,97.566928,88.33160217,1.525738,0
414,1.872505509,6.322245174,64.896380,85.10015088,9.316596,1
829,3.273804391,4.581891734,113.344800,74.13745519,2.007209,0
1683,2.986699362,6.596884526,193.368586,72.60584423,2.304135,0
795,3.200726107,1.69967877,113.220703,70.49853872,1.770412,0
419,2.537054937,6.903718611,84.207857,74.80737451,1.656787,0
852,5.324619116,3.743882153,122.257174,85.68744661,1.709636,0
904,4.078148035,7.093166077,118.969741,83.63842472,1.904920,0
624,4.393311082,4.761402086,76.743002,71.26028187,10.003461,1
546,2.231957815,3.555384898,68.451620,74.00760069,10.865211,1
453,2.877943346,4.808492102,65.265487,69.56090949,8.996268,1
823,2.699194449,6.357304208,113.544289,76.2613312,2.093087,0
676,3.321932786,4.571393521,78.052586,81.40700105,8.267916,1
985,2.905970866,4.2347643,134.794299,91.8406114,2.272908,0
1087,1.800841537,5.997389184,138.844282,75.140559,1.807699,0
855,4.242377363,16.19805823,116.628264,85.42620023,1.666887,0
721,5.411266572,10.19323773,81.762880,70.39861521,12.129677,1
1000,2.737609237,7.050306008,134.226080,70.93576487,2.080455,0
585,2.447679212,5.080719171,94.742223,80.89815548,2.012896,0
595,2.308323132,11.89904253,75.525484,69.55380829,9.894840,1
579,2.500167726,6.22824259,71.579778,84.03177895,12.072827,1
805,2.360811182,3.327082866,114.483115,86.04908446,1.781413,0
710,2.595247337,8.96924871,106.954765,81.1556856,2.079938,0
593,4.698167355,2.433866645,69.911706,74.54884353,8.262371,1
581,1.964734259,6.996684039,72.670258,74.64058629,7.803074,1
1119,3.56577325,8.505236092,102.042982,82.57287368,14.823153,1
523,4.474959005,7.703373584,70.850388,80.66441938,10.094212,1
1369,2.101454853,3.783921172,156.732041,75.17874733,2.234597,0
1061,2.202339441,4.737073072,103.906636,87.49650498,15.541002,1
694,2.039794541,4.357652203,79.793344,67.00202448,15.244336,1
616,2.382571607,6.016405415,77.162370,83.84047543,15.801175,1
710,2.460407899,6.182169399,81.805413,82.20837763,14.722190,1
1052,4.147681706,10.18849988,95.832550,84.78884315,15.022976,1
508,3.360851647,5.734339563,71.001831,81.74743965,12.946921,1
784,3.910580188,5.580130441,84.941114,73.65681047,14.343799,1
620,2.224537318,5.18618336,72.998452,76.65122236,12.581204,1
470,2.637711932,4.102231034,68.262713,65.86286384,10.412898,1
1447,4.257188341,8.162100311,160.022978,80.20695563,2.128031,0
1003,4.074410531,11.75558817,127.616691,74.07035342,2.226860,0
782,0.74738793,4.611821614,85.300351,82.69111803,12.857175,1
799,3.135989464,7.740723715,113.063670,80.17084959,1.923077,0
653,4.733254181,9.639072429,100.999114,83.19329051,1.908472,0
1237,2.603328342,6.693387636,144.043524,82.18409882,1.929904,0
639,2.618169644,6.1717834,77.288699,86.93211814,13.655136,1
907,2.682519003,4.185658313,125.179316,76.87135039,2.105088,0
776,2.518025261,5.263035167,88.243733,85.33793457,15.386328,1
470,1.907684461,2.828589356,67.513006,75.15250974,12.601022,1
591,2.385254106,5.302298264,72.432465,72.21877313,9.598144,1
1321,2.27898787,8.126801143,155.894926,78.72427538,1.942725,0
735,2.382593774,5.533941287,84.192350,78.79994042,10.157769,1
921,4.049235828,5.639328808,95.869557,78.63309102,9.962754,1
616,2.849246709,15.18635472,77.296784,72.90499306,11.956915,1
906,3.12347478,4.836099786,123.370505,71.67302021,1.805495,0
591,3.917114163,3.798955208,76.054871,75.52017458,14.320590,1
571,4.879923375,5.857137798,73.763384,72.10210714,15.761084,1
550,2.812339625,4.229975925,69.991232,74.70739685,12.357073,1
765,2.355053167,7.233443894,115.236664,73.0793681,2.163502,0
565,3.43921843,12.03562935,96.462459,89.32258187,1.967328,0
1068,2.804106419,3.920809403,140.486042,66.96280515,1.949876,0
1144,3.169916857,3.522750094,146.328066,82.72148274,2.277057,0
549,3.378695097,5.621408229,69.261344,66.35480169,8.263585,1
741,2.853089801,5.063111387,86.044988,85.17763793,9.520228,1
672,2.571303312,6.836179018,73.997083,84.88608182,11.137646,1
872,3.874741478,4.973083559,118.171789,85.77400711,1.750033,0
1501,4.652193149,2.74187428,163.799706,75.84650644,2.355498,0
779,2.745302793,19.55891794,117.285572,74.89734,1.824385,0
772,2.561523069,9.639424732,87.546782,75.36100518,10.748488,1
1077,5.251763915,9.501511767,106.827837,83.39734572,12.149600,1
813,2.28553037,4.933827588,116.506225,69.05366949,1.968883,0
715,3.243891348,4.63962428,108.605863,79.32324264,1.727471,0
603,3.9634518,6.339433766,72.552492,73.47857286,11.904690,1
681,2.854681145,6.836668529,81.619523,84.40628436,7.933984,1
905,3.611954305,2.502705941,125.478548,85.54885982,2.173184,0
867,4.553310384,6.9444587,91.232606,68.94605507,10.108479,1
645,5.156131646,6.431238458,72.660700,79.57096547,8.547777,1
665,5.360182829,10.68096312,78.493665,67.73797977,14.328481,1
684,5.10267544,6.799397345,100.572282,76.25295435,1.616290,0
1132,2.314987496,6.784613257,145.707469,80.01623102,2.281339,0
996,3.219523704,2.934951885,95.774347,78.18899266,11.480785,1
682,0.586941946,4.201635208,75.408606,80.99907535,10.306613,1
859,2.193878565,6.031276378,124.362488,83.01253723,1.924068,0
723,3.784283546,7.054115022,80.819456,83.57913366,10.191227,1
924,2.297703659,5.987550097,94.643130,76.7872141,13.206004,1
1089,3.450549275,6.678220657,102.470003,71.8899834,9.634445,1
1628,4.635318298,4.873541338,186.592872,79.57759259,2.494234,0
1146,3.105274696,5.770869105,135.173764,76.75036259,2.038622,0
787,2.497371456,6.363422051,84.990538,75.54814482,9.952438,1
604,2.390277999,10.09010613,75.993046,74.22472435,9.241097,1
871,3.629960304,8.678018398,87.961971,81.49770508,13.868747,1
1218,2.667088743,4.415281189,140.999698,79.82205932,2.319940,0
593,2.801011418,5.75794176,76.629646,83.51084826,9.409440,1
423,2.158866325,4.675916427,63.559267,77.40174631,8.594146,1
978,4.249260352,7.006449175,131.150240,74.84216008,2.267217,0
1079,3.084143462,14.96286921,139.051231,80.92548931,2.148848,0
566,4.325373749,6.487007927,71.948702,83.05769378,11.061640,1
1020,2.619167443,18.49833096,94.724729,92.50527972,14.070655,1
978,2.025024995,6.619697193,128.328428,79.8749725,1.691429,0
768,2.732757778,13.64977618,105.997309,81.13005778,1.679071,0
535,4.409451894,5.59977925,69.317081,69.48595522,13.825142,1
697,2.505032278,7.638748722,80.715272,64.37676208,13.156908,1
761,1.977282625,7.282304053,116.299647,87.53386765,1.693034,0
509,2.770416226,5.142827355,70.570914,68.99170454,15.298389,1
871,3.597819106,7.960383215,90.093429,69.48345162,9.340638,1
916,4.962123069,10.67805757,124.116241,73.04965875,1.844180,0
708,2.225989993,1.558855714,103.538879,82.86072938,1.658037,0
543,3.077647292,4.017585788,73.039569,75.81621663,10.170266,1
899,4.453286101,4.76287921,122.358179,80.68576606,1.719564,0
566,2.274840994,5.753201023,99.604878,76.00218106,1.890812,0
690,5.40598474,4.414792675,102.768395,78.97597364,1.927912,0
785,2.883605194,5.651374466,108.254768,83.43162126,1.774736,0
655,4.366834727,10.54843983,78.562144,67.94566751,15.461990,1
954,3.156226031,3.495225749,98.579564,79.94758554,11.821453,1
700,2.197571802,6.467980396,102.208345,83.06076324,1.891989,0
662,2.213077582,5.50726854,107.634312,77.18245782,1.794935,0
446,4.163565801,7.38143837,67.142969,72.07918871,12.472625,1
649,2.477021022,5.283060912,74.627602,68.68459211,8.044317,1
1297,3.575365722,6.934630475,116.054180,76.34022043,15.064507,1
809,3.615721644,4.950209353,87.337038,88.86314819,10.092739,1
1488,2.779455697,6.343006591,162.860693,86.90847421,2.272403,0
870,3.598530884,8.149414113,93.779591,83.25149613,14.309371,1
440,2.908123356,7.183973983,83.201128,78.6492024,2.016366,0
716,2.953810254,7.622418514,79.210825,67.62693258,8.976347,1
1375,3.953121072,3.900038804,155.147918,71.03516376,2.454582,0
604,2.52087308,10.8638766,101.030788,72.47992413,1.959031,0
790,4.288773456,5.111684918,118.343064,78.97449535,1.866329,0
822,2.095269078,6.599315567,88.296952,73.66222054,10.173442,1
785,3.177685953,4.680747645,87.479925,85.69080588,12.382351,1
722,5.658941541,6.287320236,112.044335,81.66148934,1.902986,0
481,3.119371374,7.45882001,68.178366,81.74818198,8.083899,1
615,2.81076586,4.221323309,74.164877,76.64332385,15.047917,1
721,5.588366297,3.722722011,111.583676,85.02043348,1.747369,0
548,2.680608772,7.218202945,71.466164,70.34392091,14.223175,1
859,4.614008936,5.664239084,88.249068,72.1081591,15.060972,1
972,2.966326323,5.034786136,132.042857,84.63540756,1.840644,0
879,3.211083234,3.584065932,121.759294,75.29178304,2.156096,0
609,5.247682738,4.293450749,70.508297,81.64794846,13.475738,1
438,2.320454151,3.202714547,63.934116,80.64973275,12.825657,1
612,1.880315207,6.132122935,75.861247,69.18550072,15.189124,1
520,2.557213193,8.551290418,67.509039,82.902353,8.198507,1
535,2.064310512,6.755120791,91.738495,77.84931104,1.799821,0
912,5.130885288,4.22787165,88.044677,72.93446003,8.467765,1
743,2.298119357,5.64583846,113.919574,83.1461735,1.676587,0
441,1.758548087,8.837164105,65.904724,85.7343793,7.766374,1
1001,3.090562835,5.142664944,127.908686,87.05712366,1.857023,0
923,2.874880151,6.551583376,95.825234,86.42638075,13.342667,1
479,2.513369073,6.186462383,64.396575,81.78315692,11.853029,1
638,2.885245922,2.938065629,74.456682,79.03900535,13.788010,1
1060,0.310807816,6.537003501,135.986041,74.96944672,2.251800,0
799,2.944699721,4.508601784,89.406751,75.99632745,14.181125,1
797,2.462027183,4.283105167,84.879204,68.43532058,12.565354,1
565,2.213742678,7.21980345,68.346916,76.51674362,12.791215,1
382,3.983919119,6.8021302,79.528231,84.37269448,1.916193,0
677,4.751277467,7.937638738,76.478927,78.10787014,13.667722,1
1487,4.721885827,6.810284836,173.540790,72.56645825,1.953810,0
655,4.923522639,5.86156743,79.014852,88.63624691,14.653066,1
559,2.661472233,5.056273078,74.548904,81.72129941,8.621879,1
861,3.274710427,7.840117129,90.833796,79.98350214,10.654242,1
524,2.561490851,11.22186904,70.359482,83.15860593,10.813255,1
835,3.255016954,8.558717211,122.074798,76.27785149,2.077993,0
1155,2.053511026,8.637766687,137.947187,87.79637537,1.839047,0
883,1.190748756,4.536155906,91.851870,70.90868649,8.486288,1
903,4.759627342,2.591616344,124.105238,82.07590142,2.230291,0
1272,2.65585294,7.22987484,146.296644,74.39896192,2.416461,0
640,3.987720802,4.946250705,74.454611,74.34168042,13.708092,1
478,2.322971329,4.650405781,65.033873,70.76068397,12.425055,1
518,4.86285687,3.71893686,66.478234,83.72439214,10.490950,1
372,3.700898757,4.293887781,82.949557,84.8168277,1.942103,0
944,4.723174531,4.848367875,98.456454,69.48603265,14.681326,1
881,2.994370572,5.654832317,91.605303,77.43444083,9.750523,1
662,2.271410352,3.899653306,76.795940,80.76774635,9.713007,1
663,2.244654644,2.923399719,76.437452,76.51287375,14.562539,1
731,3.360732374,4.035484988,107.300525,76.55685845,2.085336,0
478,5.423971106,7.508909038,67.033890,71.68674064,8.244692,1
673,3.920620881,8.217426241,75.439504,75.24042949,13.689050,1
1396,2.430840714,7.519127639,123.779437,74.4182383,14.984662,1
1639,2.458556641,2.498880654,138.015655,83.36730168,16.136854,1
677,2.415978689,8.379633241,78.419634,80.51116447,7.917539,1
921,4.014598146,5.81034769,123.034979,75.76765396,2.057546,0
876,2.651584097,7.795454353,94.515801,80.55247065,14.689292,1
1438,2.368605569,6.318991526,122.594477,74.53841673,8.220890,1
571,2.889738568,4.035903693,69.607160,73.35727505,8.785125,1
475,4.572998944,4.625491887,67.259554,76.59712086,11.475298,1
1223,4.795753145,7.022433402,115.586031,91.11461104,12.658616,1
498,3.052584455,15.40795801,65.946005,70.57873473,9.049543,1
770,5.688362017,5.319689239,81.125239,78.56782985,13.098037,1
798,1.975885212,8.25605073,109.207543,76.08310734,1.698863,0
469,3.37333979,5.752503523,64.423390,68.10481503,15.395011,1
668,2.88064997,4.186789679,108.281991,76.97064169,1.545832,0
1138,4.246382265,3.152484317,147.463950,73.10279433,2.222783,0
1338,3.024144923,6.374847462,157.918729,79.26149711,1.984517,0
383,4.431848357,6.572642106,62.517453,73.23737267,13.405817,1
1131,3.509117705,8.612997418,138.422769,73.91408375,2.060859,0
683,3.331917185,10.71223343,78.466088,63.37416268,12.842120,1
571,5.172239922,7.441905269,68.339739,68.76403625,15.488064,1
1101,1.994024261,4.905164371,132.825982,93.31872655,2.007690,0
396,2.638931962,6.46798201,63.593128,65.43859951,13.122833,1
1167,5.453475482,8.870005326,148.353840,81.96069204,2.326080,0
629,3.442992699,5.461486276,75.706103,79.08143982,11.556936,1
958,5.372927798,0.854322231,123.655432,74.69679667,1.709907,0
985,3.657683422,3.692413659,101.112184,84.1874056,11.282247,1
1399,3.369781034,6.84767866,166.559198,73.67012186,2.290086,0
697,4.776335286,8.077607199,82.097328,74.25124108,15.662374,1
593,2.362149622,6.135191403,72.029008,74.51319051,9.613399,1
916,4.115609459,4.822105054,95.187151,81.3621193,14.217792,1
696,4.231923678,6.737345307,102.735147,84.23301748,1.749772,0
720,3.090871335,8.301599137,78.885470,71.685201,14.808879,1
668,2.367490185,4.399780079,80.113352,75.59454138,10.016049,1
1758,2.573423299,17.70088752,189.316658,86.35782014,2.508357,0
842,3.101625109,2.615819455,119.835070,76.89430867,1.919647,0
580,4.4681243,9.182580668,72.000205,70.98636487,12.551751,1
736,2.194735117,6.62757699,110.301747,73.12546757,1.678021,0
627,4.397187227,1.601088955,76.059988,79.0085742,14.308263,1
1346,2.419811058,4.920838586,162.224701,75.70999036,2.362185,0
508,4.288546964,5.672751783,69.483477,80.35733851,14.841078,1
729,5.14297818,14.28717714,81.590307,63.33464485,15.169598,1
507,2.781098595,5.907943699,71.182464,73.30346279,10.948059,1
848,5.041836347,6.349225426,87.958899,82.49990933,14.076518,1
830,1.996516077,3.574701025,110.978010,75.50410148,1.875979,0
756,2.457874379,5.558236438,82.701176,79.76384237,11.700182,1
790,3.016537558,9.779992603,111.792812,75.2779041,1.664329,0
1008,3.241596376,9.666081823,94.750734,78.1728793,14.447705,1
642,3.228048723,7.40297159,101.165228,86.62596798,2.088818,0
1076,3.127202426,11.42960789,100.183450,78.14104614,13.742773,1
889,4.855263851,4.005809331,124.631949,71.77154604,2.099721,0
791,2.845022586,7.256339372,110.192053,78.06320195,1.641225,0
677,3.015383189,6.889351536,103.843204,85.86177284,2.136645,0
611,3.016457862,8.25354943,71.498280,78.91271992,15.700682,1
403,4.012810662,8.609490544,63.604685,73.14704948,11.233239,1
536,2.542325753,7.481426184,68.764071,67.56283435,13.869159,1
539,2.777933379,12.54166467,66.545213,80.09446418,10.488163,1
547,2.234266011,13.78868419,67.543730,84.10179952,10.428110,1
631,2.56895934,6.309382621,97.944200,74.805432,1.936886,0
577,3.78121352,1.784562465,97.865345,69.23725713,2.010643,0
797,2.945059256,5.816557246,82.159109,73.94463363,15.068451,1
711,4.011237969,5.800924371,107.242811,83.88183505,1.719007,0
920,1.93158338,7.938132904,91.467971,69.89840403,15.697398,1
713,1.919259566,5.932968897,81.046268,81.12227682,11.443908,1
1101,2.447564359,5.83737382,132.843982,85.97653279,2.130140,0
610,5.284286882,6.575936594,77.306616,75.40219395,11.211279,1
534,2.50980337,4.652861381,91.059835,84.13012915,1.833506,0
687,2.796597824,6.937975204,103.213781,79.99639796,2.084027,0
845,2.18104482,11.86204856,119.003224,77.44671026,2.156935,0
731,3.746538261,14.61077139,79.297762,68.82835443,12.534691,1
461,2.493760802,10.64987101,68.007694,84.54145185,12.066019,1
1073,4.590948302,5.817029001,98.805428,73.49675847,14.074640,1
830,3.78816945,5.566219365,86.194695,83.36042155,9.927970,1
784,3.513723683,3.383128767,113.035031,71.27115643,1.673838,0
500,2.888588569,7.57746837,67.461869,75.26953483,9.116353,1
660,3.144420544,4.33246148,100.015028,81.90778426,1.732083,0
881,3.400684385,4.111288108,94.068121,76.40829345,11.045348,1
1038,3.939605554,7.012404467,99.844906,83.5931899,10.063414,1
709,3.181248672,7.343082196,102.525350,79.52450289,2.152718,0
1004,2.339328507,7.421970754,125.052294,81.77445127,1.760883,0
801,4.222239648,9.856231499,88.309511,72.56320559,11.776814,1
661,4.9627568,17.99504481,74.122779,73.91820835,7.880154,1
1263,2.757828645,11.11111912,108.780868,72.79654149,9.720442,1
898,2.917687424,1.680907615,127.106671,79.69495531,2.219828,0
796,1.958934489,9.064291673,83.784026,72.80665128,7.981751,1
1367,5.065403635,8.001656563,118.941106,88.5211447,8.568741,1
496,2.690939773,3.477694533,90.136504,67.49197269,1.809531,0
1172,4.464110557,5.83133014,112.929948,73.17979716,10.189367,1
642,3.420793945,3.099829896,79.792824,68.68587477,10.133646,1
658,3.716804807,2.847858075,102.427518,71.12991398,1.647722,0
562,4.787508121,7.600420707,68.539375,85.08095025,13.993756,1
837,4.668086309,5.689427386,114.231612,90.84912952,1.680981,0
755,4.710360404,5.823886074,81.145771,76.87792726,9.259681,1
1017,2.741787867,6.369482212,125.456509,72.98986018,1.815427,0
626,4.040809654,6.296280956,98.179158,83.51737827,1.979830,0
856,3.693810711,7.75401382,91.208707,68.53994774,15.578786,1
825,3.732988694,8.471008898,84.047630,72.63515689,10.180116,1
694,3.916867977,6.720672457,76.719265,72.13183838,14.200646,1
726,1.230628679,2.592124731,82.393275,90.50951629,13.832778,1
498,1.889264569,12.08634505,66.030023,91.180562,13.712503,1
1280,2.857739545,3.84850706,152.827342,77.08901663,2.245773,0
627,4.219392694,5.266725582,74.256157,80.01933106,7.965945,1
702,3.496002446,6.868949744,81.485091,74.64026563,13.015783,1
805,4.475003961,5.125363052,109.754413,71.04526401,2.087187,0
954,4.477719612,4.965477568,126.791655,78.23187544,1.829182,0
562,2.638931446,4.614790561,70.377062,81.00427164,11.891838,1
812,4.408775679,3.111075346,90.440970,77.70562208,11.496033,1
926,2.403179481,3.523226248,118.415541,83.11602284,1.971321,0
1087,4.473210962,6.527666498,98.136865,77.92499852,14.940509,1
570,3.857509761,8.984548369,73.131281,74.83713268,11.498169,1
1011,2.474118714,6.676626889,125.747638,71.81978327,2.148570,0
532,2.669141767,6.872938557,67.244803,86.42376942,12.799088,1
915,4.783169606,5.174367595,93.281507,75.03438435,9.935629,1
1035,1.885759592,8.410826047,134.820007,73.57671209,1.838405,0
1177,4.570124682,14.18801708,112.581035,69.87673347,10.585240,1
1366,4.149745828,5.54838358,113.560411,78.23179043,13.563380,1
737,3.502415034,7.666262393,106.812003,85.21570758,1.747676,0
668,2.579780374,3.861215559,75.790827,78.92308715,14.145006,1
694,2.798704563,3.657224817,100.289290,74.7011847,1.861363,0
745,2.972651231,6.686105084,106.519299,76.92710292,1.655128,0
751,4.389101919,10.21421511,104.952566,67.64077027,1.971093,0
578,5.278344578,7.333443879,68.888433,69.25059097,12.660961,1
392,2.735794527,7.003601522,58.985065,82.26346329,14.979809,1
696,2.994315877,11.69920749,104.763529,88.18041713,2.119510,0
448,1.809978128,4.913191506,64.915850,70.57197972,13.020691,1
988,4.656344664,8.617087139,134.302378,73.74378394,1.727968,0
589,3.771038157,4.738313522,93.163646,80.82996141,1.885821,0
976,4.838089805,3.848206847,132.899932,77.59984889,2.070512,0
854,4.0247874,7.537269605,119.304230,72.45678406,1.953912,0
838,2.120405916,10.65647221,115.851766,84.70081314,2.028464,0
838,2.764185397,5.422819095,88.762905,87.47675055,11.861787,1
526,4.425978789,6.591823836,66.552093,66.17491165,10.971940,1
659,2.183832223,13.80996039,76.108458,86.79310659,10.138210,1
836,0.148360827,5.62276907,87.339149,74.78693442,12.440722,1
914,3.216386364,5.188843854,95.490100,75.7244893,11.338196,1
739,4.564297548,4.915523836,85.268203,79.22962561,8.317864,1
770,1.861567972,3.744753617,84.562788,80.40789166,14.802282,1
654,5.047961676,10.14476164,73.308992,67.91414751,13.544512,1
839,1.978399916,5.776686094,121.087232,73.23070688,1.744608,0
535,2.722147892,7.556468305,94.591285,76.45892627,1.479109,0
704,4.646957985,1.930691371,105.729450,75.73571426,1.722198,0
440,5.159714123,7.18146059,85.204749,76.48563938,1.460484,0
1128,2.893341438,11.8366805,107.283541,77.26603316,11.216492,1
555,3.683369644,1.794796593,69.709943,84.38146774,12.278559,1
548,2.229283306,11.45165841,95.307237,77.87726964,1.780563,0
388,2.850905376,6.263801715,63.165707,74.96998004,14.685126,1
916,4.08191897,4.945268741,122.842097,76.38257038,2.131718,0
435,2.014931433,7.186192509,60.444956,85.00130187,13.424334,1
587,3.461062427,6.104340695,100.780752,88.3683151,1.646920,0
1023,5.043413113,12.8642805,131.130668,79.17550611,2.234577,0
918,3.679249249,7.516652998,119.672279,78.90848791,2.256921,0
446,2.545717527,4.428304934,67.221434,70.71800887,12.452440,1
663,3.064742717,6.811411012,77.050239,78.31240236,13.446485,1
1256,2.49641366,3.29621576,155.182462,85.61357974,1.926995,0
442,2.189720452,7.442130793,62.860634,86.63778349,10.861384,1
731,2.955016675,7.735618423,80.193615,84.56082193,10.282398,1
1297,3.29499164,4.648868414,147.398454,76.06233116,2.319278,0
751,4.87726497,7.829674518,85.389172,78.9717246,11.931920,1
1219,4.40613399,5.508710234,112.297143,75.67761917,13.098929,1
692,4.127218971,5.47562435,82.337801,75.62409896,10.287894,1
435,4.305653099,7.94392348,61.926017,79.42699428,14.939539,1
435,2.073412564,5.463211555,83.955230,89.64485731,1.478875,0
597,2.667510272,7.111566875,69.852264,74.31796915,8.416975,1
475,2.190595253,5.788436968,68.766277,92.23868387,10.180918,1
507,5.76716588,5.948530567,70.864443,80.9390623,12.943034,1
1355,2.973299316,5.756596089,121.463145,83.19081328,12.936076,1
635,3.739464096,4.728120572,72.002073,78.01053643,8.884259,1
1095,2.65625508,4.381775367,133.931969,72.37001203,1.827850,0
1079,0.429415645,6.254435689,100.043622,77.74906561,11.522753,1
436,3.897132,6.914879163,64.048209,88.81524761,11.153722,1
848,2.853279298,3.8374692,123.072791,66.46533267,2.029092,0
748,3.818371332,6.062346827,80.183246,77.63549041,13.804675,1
814,4.405000717,14.42281725,90.301934,81.77262547,15.322422,1
534,4.51808516,6.018390001,66.763032,89.90150833,12.944018,1
773,0.079414876,7.711044662,85.686237,74.75929157,15.049141,1
920,3.492021071,10.95522384,128.874843,73.82381162,2.128667,0
607,3.21072576,8.619352333,98.423480,77.24474877,1.729816,0
783,2.605729482,3.923338948,109.555136,91.76407372,1.749958,0
508,5.153688436,7.189345748,67.034602,84.9728993,8.490482,1
1127,2.38704335,5.042559712,100.368984,87.71314609,15.608597,1
1136,3.539535308,9.264191655,104.363398,76.29778322,12.110999,1
956,2.710183947,6.438228071,91.195634,75.06964713,13.653517,1
779,3.459734426,7.594161743,80.725027,76.42368116,13.790295,1
747,3.920739602,3.873011659,78.483429,65.82369388,9.415035,1
719,2.869268487,6.449388735,78.253623,78.62954813,12.750044,1
492,2.715544358,8.290523273,63.982322,69.79325955,12.971903,1
686,2.422048579,4.29334036,99.752876,82.34766158,1.800091,0
996,3.249594202,8.400970732,134.727425,70.00665193,1.859749,0
816,2.827568196,4.069327102,120.436790,80.93526777,1.959866,0
660,2.924774367,7.999973474,76.131045,68.49531722,12.113722,1
863,1.229742324,4.013878558,124.085262,75.78082732,1.918468,0
1242,1.875973576,6.013043716,142.536547,80.34280807,1.901355,0
1150,3.498847791,4.03217485,148.169055,75.14330163,1.782504,0
544,2.029867072,7.456831566,70.739313,69.42555011,13.320614,1
444,5.088969507,5.549696847,66.349451,81.36397301,14.845217,1
913,2.135457232,5.544887258,95.050086,76.18776704,13.250274,1
565,3.561973717,4.633838276,68.613655,70.10777505,15.325741,1
866,3.661445143,8.664994142,118.500712,80.81516775,1.782180,0
634,4.430440036,7.067376644,78.822920,80.77428828,9.203575,1
697,2.672634939,6.820645714,108.285909,76.77531414,1.797382,0
652,4.709008042,1.795914448,74.652377,82.8533942,11.559699,1
1255,2.883164907,3.238176426,113.734751,89.25532693,10.381123,1
1802,2.649903366,13.3324673,147.821795,86.73254438,8.688533,1
919,3.931889997,5.420146187,120.970221,81.98512795,1.921550,0
907,5.651967798,8.047248945,88.674047,84.99995524,10.038642,1
619,4.374323329,7.680462775,96.351523,78.05596987,1.925129,0
671,3.04619645,2.084852883,106.097877,78.55975262,1.816036,0
501,4.019993213,5.865284668,66.500796,77.49684624,9.449070,1
393,3.996563546,6.380399148,60.936955,74.93332182,14.927721,1
701,4.654823161,8.066340151,83.462656,73.95967038,8.005638,1
496,2.21647781,5.896318771,93.894662,72.27668867,1.548659,0
1170,3.908566486,5.974111332,141.840091,82.90531417,2.059091,0
952,2.86264709,11.34616611,93.760786,70.43092523,8.810042,1
941,3.831132686,6.59514305,95.238082,68.28776639,13.912193,1
776,3.109176645,0.629104541,112.034565,88.46340927,2.004916,0
752,2.621543066,8.363681624,114.779850,75.93668964,2.151745,0
535,4.149351363,3.911829515,66.348403,63.28792818,8.382282,1
527,3.35278661,2.968112459,70.719987,82.361561,14.039465,1
622,3.567882592,4.017947915,73.569096,79.30663658,11.296576,1
590,3.972340705,9.84048388,75.851543,82.04509794,11.899195,1
706,2.312682393,5.003266103,82.010071,88.70169682,14.848401,1
711,3.553819625,4.073036114,76.265860,79.91309202,15.822871,1
854,4.471925884,4.761572125,90.993142,79.83925092,7.930619,1
709,2.964354439,5.170863309,77.937187,80.25078056,8.707448,1
1230,3.055609026,0.837126281,144.871006,80.86271455,2.150341,0
1315,4.249952267,7.116549211,152.542825,78.18772234,1.928230,0
730,3.64043812,6.791632822,109.789433,76.99969008,2.096553,0
445,2.481776082,3.644914104,66.139660,71.57499938,9.826629,1
1202,3.014248216,9.002648364,148.213809,83.45836046,2.009445,0
1072,3.037466704,4.018586344,141.413792,78.18412145,1.807735,0
539,3.584231313,5.898480079,68.301893,71.76442576,8.300955,1
851,2.928882374,4.970345006,117.259170,73.74316898,1.871907,0
446,3.298320651,9.218975476,62.065707,70.18376511,13.910606,1
1290,1.974752765,5.513343622,113.337442,70.77050199,15.940775,1
651,3.26263093,7.437032963,102.675920,75.46140617,2.039186,0
362,2.733704955,5.631135977,61.704411,80.0704669,10.156930,1
984,2.77443201,5.131200567,135.014902,77.71250656,1.940255,0
482,2.821381931,4.999779069,67.701421,87.41960539,9.547416,1
1219,2.236062935,5.565974885,151.936941,80.86655819,1.811323,0
407,2.434704478,5.243765577,64.145365,82.63174729,8.427900,1
484,1.787698905,4.556442222,64.842656,77.05362858,10.165642,1
619,3.859827128,6.879915198,75.337864,85.83886282,11.131107,1
646,2.157195801,8.454512251,74.110870,86.28989581,12.165618,1
909,4.003845122,5.538227507,127.653621,82.01845159,1.769065,0
1185,3.506896087,6.409914843,141.432372,69.88941868,2.317042,0
652,4.261604398,6.581957228,80.290687,72.62237574,7.980676,1
1209,4.127985149,4.56246107,106.090407,79.00718013,12.914872,1
811,3.989393937,8.120672472,83.210148,86.1592311,10.542304,1
467,2.509867756,12.0475244,63.171325,72.74217375,10.202802,1
710,4.791077614,5.43706251,81.856339,71.30127483,10.474129,1
447,3.678453962,10.11383702,83.467680,81.97261219,1.743977,0
549,3.011029651,6.062969856,69.147315,90.54905993,10.443385,1
863,2.503027814,7.645533692,89.295864,90.79108885,11.340084,1
526,4.014283141,6.686830123,89.778841,74.33548145,1.789738,0
1216,4.556527772,4.898473607,115.231780,81.0625582,14.748759,1
471,2.717835593,9.238718569,66.712045,70.64805225,8.177588,1
689,4.498190469,6.778430975,80.004617,73.57090028,9.204918,1
895,2.20952353,3.466943406,122.311295,83.26807252,1.837697,0
361,2.030473504,4.889354899,59.518093,88.10089892,11.586527,1
1753,2.772937847,12.39743746,188.814307,67.16118995,2.332277,0
688,3.820405679,7.313852196,75.234878,71.5011123,14.751769,1
828,3.244163333,2.019875045,89.336566,69.66348305,8.118895,1
609,5.30282903,5.364378888,98.581094,84.53566473,1.794816,0
762,1.999353803,9.196766279,110.088505,75.78139852,1.604900,0
649,4.27900753,5.300237084,73.880899,73.077737,15.376091,1
802,3.403790333,9.789271647,119.459059,82.6326428,2.152600,0
733,3.574732896,10.32870563,80.667779,82.16861656,14.915940,1
690,3.603645785,12.49572952,81.763583,69.17907283,13.395385,1
585,2.424853716,7.695715734,101.570264,82.63052158,1.910644,0
804,4.359357268,5.002217696,111.562424,80.41326104,1.773536,0
1084,2.710156729,8.386538453,135.566110,83.3956717,2.149059,0
1050,2.581890618,8.289362794,104.814294,80.46539367,9.077492,1
1473,5.298502934,2.403642424,162.589889,73.51661165,2.328390,0
1163,3.553509001,5.067047897,137.230786,82.31339362,2.115828,0
636,5.080250316,6.470249606,75.706148,77.26200885,10.618194,1
605,5.466876947,6.424360743,75.678917,74.90731428,12.194071,1
734,5.447072696,6.844988465,81.410332,70.13609851,12.446511,1
844,2.859222376,5.355133418,123.350867,73.19195662,1.665036,0
709,2.546171784,4.15072719,101.800004,70.27766078,1.625132,0
925,2.960520754,6.748428858,124.622731,81.81216631,2.147488,0
821,4.748495662,5.806730317,121.352253,82.11916933,1.700440,0
877,3.68456834,8.409006593,93.203042,66.05624032,12.619196,1
800,2.343370117,4.648216562,87.515005,77.9582704,15.123988,1
632,2.832461642,17.62840681,78.430112,74.76494347,13.012120,1
959,3.577152955,10.01938095,99.347842,77.19535807,15.298857,1
683,3.086107214,9.225968028,99.621684,76.79324193,2.037834,0
649,2.540839262,4.064971786,104.092591,75.80830942,1.589029,0
1512,2.723169713,9.80225012,174.582617,78.19978677,2.019450,0
770,3.287439511,13.46595036,114.534791,73.61505163,1.822555,0
660,4.057388296,9.61608454,79.005612,74.91064746,11.829220,1
782,4.040201043,8.220900417,107.015016,80.84006699,1.748841,0
1054,5.131314053,6.665939149,138.409360,70.21816296,2.187170,0
557,2.179428113,5.409900358,98.590318,83.91278134,1.481994,0
1333,2.590215557,7.943532404,118.911055,66.55135845,8.482853,1
564,2.905374718,2.452990103,71.668716,79.76890873,9.059212,1
407,2.48074658,4.011369954,61.042403,84.93664198,8.683692,1
992,2.408014908,6.78764587,124.728907,77.1850345,1.895279,0
963,4.882412616,7.262263672,90.993791,77.89970666,8.070866,1
989,3.091826643,7.21121171,95.054735,73.52065994,13.998460,1
509,2.030973435,5.931480172,92.874300,88.9147834,1.521611,0
960,2.826250041,4.796471177,98.311350,79.70485546,9.325012,1
659,4.283357874,5.22603459,75.818002,76.76106292,10.291502,1
761,2.146534469,6.031411224,84.045258,73.39685516,15.652121,1
385,4.241508856,9.315969778,61.532832,84.78078472,14.686186,1
838,1.879510307,5.814375718,84.682225,82.38902654,12.603087,1
366,3.683237787,13.0888004,56.693991,73.07023911,9.802787,1
786,4.090407933,6.254736,88.627416,81.81515918,8.893682,1
636,2.373167524,5.362195384,103.663485,78.44232846,1.755428,0
523,2.867539686,14.85526385,70.525911,81.73758516,9.171714,1
1014,5.212119349,6.863149263,93.453237,80.11270464,14.824226,1
559,3.575274092,3.629712803,68.790337,70.46705013,12.534870,1
994,3.506379274,11.20537328,101.889555,75.98304917,15.647010,1
593,1.871143665,4.374302781,72.836629,84.89286152,9.032880,1
464,3.667687426,6.856740814,66.028783,75.05497621,10.051398,1
680,4.313188661,7.826051361,74.902657,74.38202362,8.527808,1
518,4.689895991,10.47275763,70.734486,78.24939468,13.751876,1
587,3.414580179,7.009809085,74.397808,74.21161158,11.509478,1
748,2.91938746,4.33873307,110.358246,83.53937764,1.574486,0
774,2.830570278,11.68901384,83.455136,72.56283695,8.198833,1
612,3.613140905,6.124748702,76.971168,74.92707965,14.396356,1
812,1.867956647,5.768176569,119.418997,67.15548924,1.675403,0
405,2.695639572,4.442541668,86.349274,81.94799392,1.658333,0
551,2.416833797,9.854365433,95.269741,87.61664525,1.597149,0
853,3.018291889,6.880219815,87.287512,74.19715612,9.124315,1
901,2.961031897,5.375977901,88.815532,78.88529808,11.620384,1
1021,2.765193918,9.940286217,127.576576,78.88983192,2.164170,0
1136,2.691478159,6.414297329,146.615678,88.23997555,2.156620,0
902,4.315070278,9.896734503,95.505217,80.0620836,15.890885,1
506,2.654068078,5.094060388,65.260575,87.39870296,8.924651,1
902,4.256878914,5.985400883,89.426705,72.64798911,12.735914,1
1147,2.582341628,4.206963973,144.135518,90.96086573,1.803787,0
701,5.980836069,6.76736809,79.322129,70.27375277,10.615470,1
698,3.469154154,5.276572964,76.525566,65.58280847,14.502243,1
789,2.126320332,3.84848102,85.593137,81.52004686,9.809731,1
653,2.578781338,5.514004681,78.388816,80.79957649,10.610584,1
810,3.716503416,10.77825976,84.410345,75.69284445,11.024710,1
775,4.427195104,6.825079541,88.161697,70.96918025,15.400451,1
1016,1.583471732,5.535040541,94.109793,73.09401321,14.770600,1
860,2.908874024,10.7209873,117.415816,73.1412949,1.749129,0
649,2.422985962,1.396377178,98.601704,84.70113297,1.595160,0
830,3.743137123,6.902711265,111.262711,83.34838749,1.893597,0
578,2.410821333,5.487606201,71.672083,89.7161914,13.813653,1
442,3.054944806,4.182599615,65.503946,72.63209893,13.829853,1
895,2.280086913,6.078864284,87.450017,76.54054634,8.889477,1
817,3.633899923,7.013946065,86.652563,68.18156143,10.353163,1
625,2.564070302,4.364972568,102.493102,81.40063839,2.084486,0
556,2.658356148,13.7268101,91.003396,69.24400373,1.790303,0
1491,4.369566158,5.194234994,170.950244,72.20580849,2.539219,0
919,5.401859278,4.684311034,93.368035,84.10292059,15.137260,1
1034,3.443153316,18.1002843,100.491947,73.28965203,9.053208,1
705,2.822390375,4.884076856,110.562898,85.66520149,1.893675,0
524,2.708685393,4.785981805,67.194462,65.81168535,15.618619,1
639,4.933940526,5.028868729,103.383823,74.08855474,1.549989,0
571,1.526134818,7.299523148,95.266447,78.74731067,1.963760,0
977,4.098962814,6.885957714,123.637141,70.13018402,1.878310,0
1045,3.387128806,6.474356777,139.505580,78.5104113,2.305931,0
1335,3.105587951,10.27293722,152.690171,79.9257705,2.139111,0
869,3.501495461,5.058909741,94.057712,76.06596592,13.200734,1
645,2.200286932,4.111758249,76.672480,82.93772688,14.287514,1
621,2.484723238,5.73095385,72.520069,77.28834281,10.637192,1
504,4.283336415,9.717827243,70.054366,88.30217056,12.207281,1
952,2.91015844,10.29284005,95.035976,86.06350738,11.893367,1
502,2.315614136,2.14159149,67.120940,87.66724637,10.242732,1
934,4.389349993,10.07384643,126.125692,86.47399629,1.822866,0
1048,4.063373668,5.387180045,95.510009,77.3164414,15.198801,1
554,3.493155064,13.35549411,70.158063,66.35308923,9.567951,1
736,2.519718003,4.284839643,77.837307,77.503126,9.842997,1
733,3.30880335,11.87079003,79.785887,84.31509708,12.552903,1
1010,3.894662812,4.494619274,99.082432,91.30689563,12.374719,1
607,5.563680837,9.538330395,75.247173,78.05162434,14.410167,1
466,3.69271708,7.213516682,68.270342,92.52140331,12.051628,1
722,1.979742377,4.240081612,107.332514,83.72328061,1.617813,0
720,3.230124626,7.16808105,107.161307,76.83581689,1.568638,0
998,2.149429611,9.005664741,99.726548,83.41351224,8.312525,1
605,3.589869656,4.111725288,71.393559,77.46995399,12.082255,1
695,2.760081205,7.999880558,82.159610,73.22685441,8.849446,1
876,4.746697348,3.12877002,116.534296,72.67239556,1.659060,0
553,2.971412128,2.59539431,73.562295,78.36983535,13.590685,1
993,2.159050873,6.488133114,96.608311,79.60516344,8.782006,1
629,4.565178524,7.415677098,77.124612,71.83962579,11.974140,1
771,3.655081186,5.697574896,81.390849,75.78978042,15.445407,1
1597,2.888037552,5.405866357,138.321056,70.99119813,9.466203,1
1308,4.937021516,6.078743469,154.096612,74.64143719,2.034125,0
1004,3.08895216,11.21186735,94.587780,68.21706633,9.118990,1
727,2.823750054,9.105354821,106.810195,76.00278171,1.667890,0
753,2.294234354,8.861244826,85.214818,92.91041188,15.434311,1
845,3.321214188,5.202372147,90.587822,72.81109907,10.441290,1
617,3.461928464,6.336159318,74.732813,67.66260243,11.559695,1
1348,2.405452572,4.61912394,164.079263,74.67106799,2.218041,0
1342,3.696631326,2.864881016,164.078176,91.45622625,2.311359,0
978,4.367017115,8.251203447,122.736145,82.52311168,1.788085,0
627,3.04362959,6.580280053,78.673971,70.32556978,12.951772,1
439,1.919079863,7.452583925,64.122940,89.40204397,10.685003,1
639,2.395446026,15.29154848,72.148256,68.16097154,14.253278,1
1118,2.504890722,4.615589026,103.024298,74.76801153,9.336357,1
970,5.173883251,0.435527221,96.822875,67.87844623,10.492488,1
1168,5.208553693,8.069391257,147.064053,74.63805183,1.820142,0
1357,3.690566574,6.468602731,164.145979,78.71002308,2.151716,0
383,3.587964658,6.244876741,61.508783,83.93444321,8.703382,1
753,2.544467701,6.893980718,112.968126,74.05897332,2.057914,0
819,3.060304856,2.359773031,109.990923,87.94733373,2.207498,0
771,4.264867064,5.675680948,107.593968,82.46852707,1.748551,0
737,3.114548886,10.54587957,82.927652,80.24288639,15.443190,1
599,3.712137596,5.473546689,102.715398,80.88666035,1.800948,0
701,2.552817744,4.297763491,102.598943,73.91138545,1.688830,0
892,2.785576777,6.017582225,92.976360,74.29215491,10.174810,1
713,5.111554782,8.196537283,82.154923,89.82654733,8.620299,1
793,4.358112029,7.827367465,85.317489,68.75605189,15.250276,1
1320,3.382781659,6.779424739,118.117276,78.96310155,14.913201,1
852,3.536849329,7.695176744,92.946141,83.70717273,13.151464,1
900,2.5622525,3.58428196,118.539188,84.84896883,2.249529,0
1074,4.284295479,3.30802754,105.490714,85.55101498,9.447937,1
461,2.115927781,5.40840603,85.740561,73.68396909,1.951832,0
438,4.188997022,7.778551951,64.519272,71.97805043,14.467708,1
657,2.211393036,3.600484439,75.194975,71.23846038,13.414319,1
740,2.365276326,5.841134362,82.007453,87.11298784,8.615024,1
751,5.241501973,6.348413014,84.771683,79.17163058,10.771040,1
1162,4.334450395,6.221455943,104.645143,85.77661676,9.277606,1
786,4.693967159,5.657518839,82.004899,77.09210994,15.182951,1
670,3.019994181,4.784768258,79.264738,71.28185649,12.403027,1
827,3.580818999,6.937670131,87.047413,79.75864051,13.144522,1
960,4.940178377,5.891974674,92.617672,88.48980817,15.356195,1
1230,1.967637443,7.811159191,116.830084,74.96902254,14.689892,1
679,2.326679,6.493522333,76.047872,93.36282067,11.363515,1
1618,3.510080233,6.209504415,185.655469,80.16969248,2.502320,0
478,2.208765335,3.111809909,66.957396,87.77434683,15.579496,1
555,2.39176712,5.99955843,90.117933,74.84279916,1.770132,0
534,2.585163827,6.98763628,67.523827,71.85640979,10.449513,1
1649,4.25784464,8.006562125,177.829670,74.74237909,2.190529,0
865,3.221614979,10.64590758,88.840602,80.14680764,8.186884,1
554,3.630318743,5.295279084,69.524110,73.62384172,13.768209,1
467,3.672375875,4.218625277,65.225416,83.65756026,14.701128,1
1100,2.455938322,4.199992817,138.284665,81.23514939,1.887696,0
1643,4.22495823,5.287678469,141.655732,76.18415893,15.443803,1
1149,4.256786376,11.98833759,139.217265,84.08698216,2.188934,0
744,3.124003746,4.778702752,80.232263,72.49892613,15.484510,1
1408,3.263375068,6.983782173,159.968408,84.57048845,2.294663,0
593,2.286642094,2.975937944,94.245227,83.98409944,1.738164,0
762,4.371894895,4.789459977,84.876473,74.42402149,9.676998,1
599,2.234137342,11.54816727,93.307327,80.0188415,2.075207,0
996,3.48858981,6.673206631,93.494118,79.70216042,13.102703,1
1185,2.509974258,0.173520387,104.817500,70.45584902,15.819772,1
649,2.823564835,5.894532972,72.733772,82.4117716,15.089902,1
580,2.722559982,7.174837858,72.217061,84.76763043,15.355132,1
580,2.192172162,3.719091765,70.249072,86.42911215,8.598909,1
482,4.770425097,13.66696372,67.534988,69.76816631,11.970077,1
737,1.970876938,7.204581113,83.684789,82.50302116,10.035320,1
888,3.67568522,5.202422536,93.203532,85.63597131,13.734925,1
1067,3.560063203,7.199017743,141.416498,82.26388776,1.801360,0
1017,3.012462092,8.602545849,127.141764,81.2724523,1.852739,0
423,5.572009244,6.776067554,62.059724,71.4811542,12.043677,1
1203,2.88759992,12.51245313,109.360460,68.55433082,15.320752,1
620,2.053596805,8.873827887,71.850115,84.19552238,15.769847,1
665,3.764112846,6.455340631,105.088692,79.42535182,1.683677,0
479,2.128118081,4.284681063,91.111549,83.85422531,1.866987,0
1288,2.222612756,4.787105599,157.478966,72.26667931,1.902908,0
1381,2.93648247,15.99522079,123.930393,78.95981091,10.726690,1
662,3.724060055,4.540668901,77.896763,77.3787092,15.668145,1
709,4.959869983,4.832435316,81.244392,72.44731728,10.316988,1
1478,3.676821461,3.574480278,174.724985,81.21945812,2.066287,0
809,1.869707074,6.827792824,116.082971,82.91842694,1.735049,0
595,4.617683205,8.152852057,70.368162,71.12811119,15.650964,1
717,2.287858258,6.647892293,81.151853,78.05193505,9.881995,1
711,4.22125977,10.66520198,80.855240,80.26370998,10.096882,1
779,2.504834223,9.671798198,87.299285,67.2337506,8.686365,1
613,2.245508413,7.847211368,72.629903,74.73541002,13.547565,1
1563,5.204135277,6.620057836,137.835440,74.40627634,12.201529,1
415,4.431096037,8.898729395,61.103314,68.71571822,13.402736,1
1243,1.842339263,3.981805875,145.163296,83.32810282,1.960537,0
825,2.438400241,2.939641082,110.953303,81.6555698,2.010974,0
532,2.45786907,6.207610308,67.985281,82.84445991,13.287709,1
526,3.918613799,11.29443825,70.680989,74.22573263,10.724578,1
433,2.93943991,9.806853099,65.271855,71.19539026,12.629149,1
963,2.298965474,5.4702135,93.392111,64.90320944,12.164498,1
1026,3.085023933,10.03840654,101.132996,73.60157079,10.271400,1
658,2.50654207,5.301844103,80.750974,78.00403672,12.493678,1
659,3.364227247,6.895939964,100.070683,92.53949522,1.586815,0
629,3.200757156,4.883725754,104.662624,77.80529239,1.544940,0
745,3.107017222,2.557230639,105.767679,78.2527468,2.030620,0
1512,2.610305716,5.746956291,134.525483,70.03858378,14.630778,1
552,4.563264742,4.857687507,72.779897,83.65831633,12.945427,1
431,4.333723623,10.04213867,64.661429,70.78623843,10.603535,1
605,2.40671013,5.505932503,76.510256,78.79694485,11.479818,1
637,4.464580874,3.906916088,102.222895,76.55889635,1.731700,0
542,1.588731588,5.310262985,70.579184,71.96902804,8.833161,1
848,2.709331932,6.76106776,88.490263,73.87086045,12.626055,1
1175,2.699998369,6.351226899,111.482676,80.00302764,8.612373,1
672,5.552704725,5.441959485,80.895325,74.57818593,13.741376,1
1137,4.133549728,4.535727857,147.940033,64.63961993,1.797284,0
1294,2.164301431,4.175035716,160.050020,85.17124932,2.197757,0
528,2.987650637,6.745141938,66.891925,74.8813247,12.868029,1
875,4.183493741,5.387338153,88.142933,87.30218473,11.985365,1
423,3.623474601,5.460491269,64.703405,87.07943668,15.663624,1
624,4.692777257,5.338020441,100.500171,75.3973893,1.805541,0
783,4.090575336,5.074680279,107.474675,71.90235832,1.972503,0
450,3.62128029,11.24555463,66.519055,79.19367236,13.807208,1
979,2.295214111,6.927124091,123.590907,83.89036592,1.839254,0
534,2.875454468,7.796776934,72.829573,71.54954592,11.506684,1
498,4.309762268,18.59656914,64.306621,69.67134846,14.858162,1
558,3.220340106,7.108675078,74.135446,79.64493647,14.485537,1
718,3.737180521,5.773216552,81.146595,65.79727422,8.005303,1
784,3.798429312,6.880249268,87.418215,71.38337575,11.933152,1
752,4.55978403,5.313841822,78.862222,90.11274555,9.366201,1
667,3.125523911,5.394130099,102.115270,79.77852543,1.619499,0
1200,3.555673553,2.189219772,138.772836,73.85253738,1.839972,0
652,3.019891287,8.785625614,75.385795,74.72121435,11.656196,1
786,2.723407358,6.905344783,83.937295,71.74122285,15.380735,1
483,2.743330857,7.666945807,65.427189,72.05303164,10.407320,1
1154,3.400141262,6.827412333,106.389219,74.68237263,14.672083,1
757,4.760161925,6.980477268,79.318925,70.00735835,14.226309,1
635,2.797070639,4.490086124,73.767063,67.32708855,9.670720,1
795,4.676970506,7.560444457,108.790032,78.65085924,1.640035,0
594,3.844209785,5.017002148,71.981716,87.80554084,14.702032,1
494,3.224115942,5.419407902,93.260404,75.777564,1.466636,0
617,5.852661833,8.240702771,70.980586,69.23828506,15.237606,1
681,5.468012753,6.316210562,104.624179,74.82231559,1.996110,0
1004,3.400112303,12.69454134,100.761406,87.99954631,12.995100,1
919,2.913800694,7.806312277,95.332101,71.17164309,12.626916,1
763,2.679915581,5.707149252,109.299191,81.38358296,1.915293,0
1047,4.124279214,2.009184064,134.101289,67.86947883,2.235486,0
813,2.322393146,6.7792547,87.015744,78.08228223,10.679147,1
589,3.1620347,4.577273175,75.877155,77.26838232,9.361502,1
822,2.966919456,9.302486883,88.607108,89.47922242,8.631987,1
660,2.096438951,4.237774005,101.786954,77.91704614,2.127759,0
379,4.50487168,5.621581386,60.377018,78.39414965,8.039554,1
604,2.281396897,4.24865962,93.419495,77.92383453,1.739718,0
479,2.200242703,3.764891579,68.000851,83.52815043,12.173281,1
985,2.555085783,2.401619284,122.774406,72.66173759,2.092532,0
1060,2.806662157,6.86346746,138.438182,77.681358,2.215523,0
777,3.702884257,6.426578781,87.502333,80.63662322,12.334127,1
911,1.211780742,6.970691337,127.223245,70.96089121,1.846091,0
734,2.650623981,4.575310321,83.489741,87.05179832,12.319345,1
676,2.534531417,7.868853097,76.912223,79.03118388,14.602361,1
583,2.331887184,5.947066674,75.643787,78.0489238,15.246710,1
471,4.405053173,5.577596479,88.292872,85.82484445,2.034388,0
637,3.284573301,7.215856584,103.770950,75.20591633,2.053135,0
519,5.153973963,7.558646074,65.967208,70.79335029,9.940556,1
596,2.993628537,8.130540092,73.929778,75.57844501,14.999862,1
1106,3.550429955,4.156652345,137.466033,75.06025106,2.154097,0
863,4.053618404,6.081539476,93.052670,73.47751632,13.324731,1
725,1.949969353,5.575727744,80.641685,76.22920241,8.785226,1
1569,2.981513886,2.969676515,168.928960,85.90426223,2.381313,0
562,2.910228471,4.479199363,68.092891,88.45043341,13.593125,1
1075,2.536085594,2.62515251,142.155091,85.26150237,1.805267,0
568,2.43507806,5.910035325,72.807905,76.55691849,14.746382,1
1014,4.983589874,13.57991271,98.345575,78.07972308,9.745736,1
701,2.797517215,16.86144289,82.227451,83.4267389,10.620697,1
632,4.060188945,6.641153313,72.013320,68.72259162,13.619666,1
562,2.430328206,3.996097841,92.311146,85.42572835,1.717777,0
1061,4.767259309,4.373061049,102.280760,64.95042324,8.436100,1
604,3.3427193,5.348740529,74.403634,90.98351484,12.249400,1
643,3.959626634,5.833381401,77.025547,90.65796262,12.378159,1
999,0.126659536,5.106325137,99.701251,92.35369799,8.728642,1
1543,3.874996606,5.96283774,126.243748,78.57820314,13.343050,1
715,4.176602855,4.209701746,105.869889,68.94172792,2.118771,0
1159,2.773971361,5.308805626,148.970273,81.44834735,2.095348,0
555,2.022575141,9.830374397,72.268617,77.06425009,11.760496,1
433,2.267281004,7.845900497,62.291733,79.32261401,10.529350,1
1082,2.211388294,3.868572559,104.463170,78.30125006,14.029095,1
1064,3.996541988,4.175112774,136.313675,74.54625016,2.216976,0
780,2.86783303,4.770536201,113.002414,77.66175843,2.114677,0
851,4.077254492,7.884545018,117.302297,76.36045796,2.002866,0
1276,3.390677626,4.998572714,149.043039,85.52131685,2.425240,0
473,3.444812344,4.807555384,63.056846,72.32719552,10.930596,1
696,5.104752092,4.373626187,103.291827,78.38695832,1.650800,0
614,2.736396939,11.87199778,73.303019,85.72460056,15.603405,1
572,3.981359296,6.781867589,74.271723,84.05740073,15.619423,1
881,3.005439637,5.895611542,92.346884,66.60721982,11.531789,1
1328,2.158250923,6.963900242,119.672711,68.31187434,11.758816,1
1426,2.58537116,7.646333778,121.476972,78.76419942,13.552862,1
1386,2.362551711,8.017234322,122.022236,75.55669813,9.906604,1
560,3.789305234,9.239557952,98.383867,75.28376108,1.627158,0
627,2.168930916,6.297752069,95.560031,85.28574611,1.672826,0
513,3.170217432,8.613168153,67.305852,84.51024493,12.292869,1
796,5.489582881,10.10564685,119.080772,78.61179954,1.669971,0
1283,2.627265769,12.65215449,147.060314,72.41605314,2.168212,0
1122,3.160612207,6.011658735,138.856562,71.60540224,2.145228,0
629,2.051212315,3.790287336,73.194440,86.83888511,15.037381,1
881,4.591507984,4.548771534,87.941649,75.28806355,14.150291,1
560,3.936778681,6.136990233,92.079979,85.5900946,1.614407,0
696,1.816926222,10.95905755,82.787002,80.79007199,8.996887,1
1333,4.715653773,4.163690426,117.502824,86.97269476,12.051617,1
1342,3.594148912,5.58867276,119.484972,71.62840204,15.827815,1
978,3.263222281,5.88712845,134.237180,65.703796,2.109658,0
793,4.736763096,10.07015741,109.512342,68.45863179,2.124155,0
959,2.174341484,2.132372154,126.204769,83.77531,2.141333,0
797,2.441386523,5.729373006,86.956291,66.08302469,10.765119,1
1038,3.881673246,8.208593019,132.347388,76.97549571,1.838167,0
2085,3.048269927,7.317289947,225.511251,76.02366001,2.537955,0
361,1.92315261,10.39449363,60.898244,72.70945132,10.340958,1
1045,2.770235574,6.130379763,129.920265,84.28116606,2.177540,0
586,3.558887943,5.218662379,69.707884,71.9368813,10.304688,1
1223,2.010171328,5.020537929,113.764598,83.38470737,13.138866,1
568,1.969896254,4.389638587,72.079126,87.77552064,12.487296,1
896,3.16211698,5.155403285,88.941672,71.61457556,15.933668,1
782,1.961151236,8.56439345,107.743650,77.37116979,2.080551,0
459,4.015363828,7.477354511,66.761206,78.49565544,15.087037,1
791,2.954529013,6.202332722,118.352460,85.10141558,1.620654,0
409,1.868914031,7.61288206,60.814574,73.76206381,15.318380,1
498,1.955673343,5.550481913,70.137190,68.37009119,13.894527,1
787,3.858317025,4.861520987,107.471042,70.25872443,1.672580,0
1252,2.884950593,9.086708058,157.145260,78.50575639,1.922089,0
658,2.770404267,4.97648189,73.884769,74.76397615,9.588767,1
715,3.235799537,5.499769673,80.799563,74.13871877,15.846181,1
600,2.277360854,5.856012222,70.213026,71.56650778,13.678594,1
953,4.524189544,6.591307372,124.499563,89.38256392,1.755427,0
1056,3.571176214,6.318986619,135.254493,77.28857945,2.200628,0
584,4.04024267,5.998357358,72.500446,81.52048016,9.117282,1
739,2.367100159,5.57249483,83.051272,83.04876762,13.674347,1
892,2.855663143,4.728212512,117.969294,74.96321914,1.794142,0
686,3.666340367,3.777285083,105.524227,75.99342688,2.051288,0
1010,1.657477611,7.006820237,93.510925,82.25961811,14.965309,1
1379,2.836338834,5.097143696,165.673211,76.39193784,2.111839,0
660,4.638858197,5.296065726,101.728898,68.24221455,1.805664,0
767,2.303505181,6.87605405,84.992987,86.27634203,7.896086,1
949,3.433060192,5.299009357,90.983413,79.66896226,12.770908,1
456,4.429817615,4.437723338,63.472421,94.5314724,8.349883,1
1182,5.827862768,6.503652518,113.601012,78.26381753,9.442909,1
717,2.643798112,6.050259303,81.225465,85.59279739,9.964210,1
528,1.738158578,4.02649441,69.281313,76.56128352,13.390278,1
685,2.178532796,9.312637425,77.547347,81.0501635,10.485138,1
538,2.220723661,7.201714391,68.916874,81.80127519,11.264381,1
1066,2.271010326,4.075766315,137.919147,86.7443352,2.286714,0
1020,2.917450732,11.68601482,126.074255,77.55876322,1.900854,0
626,4.073131713,8.223919565,74.213073,84.84316825,12.017774,1
659,6.186512053,5.4440796,79.082270,79.28265952,12.378580,1
506,3.059820932,5.018980518,70.576686,79.51374864,14.588699,1
526,2.25205947,7.533960902,68.399834,82.48388646,9.769894,1
705,1.64203998,4.544144735,82.700905,89.7188566,12.722777,1
416,2.666114657,8.402077864,65.347998,91.50299566,9.121496,1
706,2.26547645,3.707101603,77.940743,78.11088034,14.202738,1
464,4.025963954,7.23635982,65.711649,79.20603313,15.016369,1
555,4.919948367,6.851099708,69.969172,74.58802892,10.753577,1
551,3.47762302,4.602768743,68.204853,73.55065265,11.478952,1
414,2.946196495,5.165320448,61.228319,80.72009882,13.281699,1
724,4.336201027,18.40439266,80.359929,64.52201579,13.563005,1
540,2.325107864,7.124953613,96.833669,93.33369317,2.020861,0
848,4.339102321,9.802549076,89.803676,76.70682339,11.079593,1
1045,1.986128165,6.612420387,96.942752,74.7920861,15.474989,1
946,3.531942518,6.539103024,128.021440,75.65460479,2.046775,0
532,3.460927263,6.186997611,67.264532,85.06927108,14.179302,1
665,4.412620824,5.650659233,75.560717,76.40771412,14.960597,1
778,4.395798479,6.252994088,84.043120,83.34504814,13.750563,1
536,4.140470469,5.82613423,68.915922,76.71475165,9.467416,1
1078,4.112325285,3.802217463,141.319174,75.29497818,2.280124,0
1355,3.557352569,6.338127016,162.670822,93.04641315,1.985955,0
524,3.927207909,8.354051129,72.277054,72.83626693,8.221562,1
888,2.973912862,4.348145495,93.307846,74.83083215,14.793518,1
670,5.280759873,10.43397161,74.507837,66.10520361,9.546503,1
850,2.880956692,5.456577415,121.728154,88.68733618,1.912598,0
870,5.027439368,6.128913553,87.379510,75.48718451,15.642681,1
1149,3.906857754,5.360568717,110.799426,77.36677235,14.935597,1
801,3.009651027,11.14307363,114.400139,77.07768309,1.776068,0
875,2.44090412,7.272069622,89.468614,80.20270661,10.121752,1
1342,2.142516468,6.777507652,117.417867,87.8416057,15.923737,1
846,3.532149762,9.069155078,89.234159,78.86915422,14.733522,1
679,3.079797114,7.776419667,102.307121,77.21792287,1.749278,0
508,4.752301804,7.068264586,68.886607,92.49574113,13.427240,1
983,4.062762175,3.539980941,134.328505,82.24610557,1.970098,0
535,3.693114674,13.81543548,71.450342,68.71854838,14.725216,1
884,2.579970026,5.055187033,94.956507,74.67661749,11.295797,1
856,4.091792459,4.656707359,119.045745,91.45221443,1.935276,0
717,3.770615031,4.73047569,103.674980,82.51376526,1.587997,0
632,4.414195206,4.205140646,76.175028,71.62027123,13.523701,1
142,5.409825964,12.13455611,48.166048,78.49757572,15.351845,1
519,0.837446276,4.980771683,90.659318,78.23946108,1.881068,0
878,2.83002684,4.61446095,114.909482,78.56231282,2.211455,0
669,3.211393851,3.592181146,77.491754,71.4902961,14.030465,1
549,2.787295243,5.794727494,71.958503,67.4380325,15.575011,1
1294,4.461226757,6.811442581,110.583691,85.01906217,9.707022,1
504,3.882175226,7.590201445,68.863671,73.25839349,8.868997,1
554,4.331031318,6.096184622,70.204612,79.27058683,12.626498,1
979,2.36037043,6.952857726,123.956570,79.18958372,1.812561,0
1011,5.192799125,5.573425703,132.569364,85.53686868,1.801051,0
927,3.615636072,5.932757518,95.870980,84.74340072,14.132254,1
789,2.358753209,7.46802028,84.426147,85.1683479,13.796516,1
812,3.040908841,6.703920388,115.273090,86.00042304,1.899638,0
435,2.269319491,7.1028452,63.448861,79.66535902,7.862501,1
1082,2.233985683,3.656706126,130.919569,82.12444108,1.898570,0
785,2.344393691,1.947263978,112.905650,73.71456049,2.142996,0
619,5.672918584,15.73887141,96.465238,87.00022538,1.741869,0
694,2.941218612,7.748607313,80.148424,71.13234352,9.093078,1
539,2.624429393,12.58846705,94.285244,68.67030666,1.504383,0
656,2.088648532,8.443157148,79.534284,76.76562798,15.079532,1
544,2.181868483,5.556172139,68.083446,83.07249431,12.765506,1
744,4.059175483,9.67912372,83.487005,82.09354502,14.343134,1
810,3.815752017,4.645900331,82.462086,74.91207068,11.171074,1
1009,2.989587648,8.194917737,134.918871,70.31916938,1.910429,0
850,4.324846453,4.729527725,90.419048,78.99806797,12.263617,1
1099,2.884013108,9.056238295,133.815326,70.66590009,1.991389,0
605,4.980230959,4.009394739,72.962024,75.31187132,10.647447,1
471,4.834883693,7.12553044,65.557689,76.55245134,12.877474,1
589,4.281426227,5.075305648,69.202390,77.76021805,10.480525,1
1062,5.217070871,3.781690955,128.264831,76.37037529,1.792885,0
1303,2.893904388,10.72965806,119.817182,65.69269644,10.302798,1
654,3.889446798,6.338459494,98.082100,84.51594621,1.878531,0
1321,3.51371693,6.576911678,116.353484,80.79477648,9.674742,1
781,2.093243376,5.555728501,88.244184,73.83550874,12.656150,1
764,2.533396187,6.755261154,80.278637,78.61850068,14.773179,1
730,0.806677764,8.829945116,82.352686,79.77150769,8.460017,1
942,2.481242902,1.924220593,129.369080,89.5584859,1.847212,0
1160,1.937522747,5.513711969,110.040747,74.45792783,11.986209,1
1448,2.344479985,8.355442518,166.129684,87.1203219,2.100234,0
1069,5.432855775,4.55702884,102.270976,75.83968438,13.188240,1
1251,3.868863701,9.566116739,152.788060,75.04593755,2.122912,0
616,4.858363672,4.415122508,102.052364,74.42705757,1.654984,0
963,2.70588335,7.155380363,129.624713,75.41650773,2.269604,0
932,2.951900152,9.356767298,94.796188,88.92066367,8.562104,1
794,3.938692041,6.236452353,118.427976,75.47887751,2.130967,0
626,1.253745621,5.344572623,71.757920,81.27117638,9.379684,1
835,2.124394121,5.155437248,115.612729,73.22535685,1.945543,0
583,4.037266675,8.059303799,72.869350,68.36217864,8.080363,1
1517,3.833833889,12.3224618,131.413385,82.58776034,9.788040,1
496,0.396337422,7.201196479,64.607833,83.70774701,12.973533,1
935,3.081979953,5.636876688,90.216541,75.44639607,10.640581,1
724,3.476535153,3.357638276,112.446387,82.52198051,1.587175,0
670,3.036105543,7.160957911,77.845561,84.20774413,10.685058,1
432,3.776881168,6.754145155,65.803611,84.09661895,12.084798,1
574,1.85012432,5.98153419,72.450116,83.21133837,11.742388,1
708,2.79757624,5.553596832,107.562918,79.23923853,1.726217,0
1468,4.507445897,11.57160608,162.027486,77.18297164,1.981895,0
1001,2.731506612,7.788317328,98.687536,81.05355489,9.585451,1
535,2.666068211,7.280019101,66.994410,83.08148415,10.439143,1
634,4.68069651,6.572907799,75.858901,81.13149643,13.154593,1
668,2.647188236,6.779182153,76.819447,74.62554309,14.019864,1
835,2.468334203,6.094379798,91.086931,80.27099712,9.179795,1
762,3.902440655,5.711929666,86.866540,74.28364929,10.968766,1
993,3.337200721,5.12878861,93.016048,75.93636813,12.658242,1
452,1.648901676,7.706323489,63.875842,65.76610771,8.370917,1
489,2.391037432,8.914555293,69.090426,75.79034123,14.847564,1
513,2.603136525,7.516435111,64.889444,86.15406342,11.507955,1
812,3.701093083,4.478138959,117.237692,70.16922268,1.915048,0
444,2.190553497,5.051812198,66.843222,74.0123122,8.600621,1
1140,2.920673525,8.941944987,102.167275,75.23371011,11.740116,1
1372,3.064139133,5.129341191,124.988905,78.24043843,11.170902,1
547,4.12809349,7.519176302,68.256977,65.22182991,11.455614,1
722,2.36851345,3.174735888,104.238593,77.34675239,2.042335,0
466,2.647765027,4.708556576,63.357964,74.04829738,13.682476,1
1260,4.636462548,3.028389456,111.659621,69.76783302,11.585477,1
1603,3.797821418,7.942447937,182.514330,79.16223569,2.087214,0
587,2.176145935,3.171398177,97.412023,77.46221441,1.614814,0
575,3.536075721,6.736164555,74.771725,86.87926423,10.737348,1
801,4.57853735,7.479624412,114.676152,79.81719853,1.993489,0
529,1.858454053,4.142636762,69.528856,75.23980639,12.739411,1
1391,2.636268124,6.275427133,115.559199,70.7759749,10.695296,1
730,3.674545577,12.62907656,112.412559,73.75268176,1.693734,0
1272,3.79691635,6.709361857,147.646432,83.2835099,2.325826,0
656,1.940335719,4.439177188,107.596557,78.40236603,1.922612,0
620,3.719626712,3.354974504,98.735850,66.80268133,1.629582,0
1374,2.657164625,6.284392698,152.276074,65.36167243,2.318136,0
842,3.334604523,7.98983571,111.925724,69.51632722,1.821066,0
595,4.005038998,0.987844044,69.633975,77.41988395,14.776698,1
1503,4.055145098,7.660618857,133.018507,75.08941531,10.150429,1
711,2.865393176,7.953924404,78.915301,86.14340657,10.117668,1
434,2.02221058,7.296464227,66.302784,80.44095425,14.993452,1
764,4.926402834,7.832377738,82.114799,81.32544523,15.674623,1
902,4.034532396,6.799873856,93.291958,75.54125711,15.814169,1
634,4.338107044,3.758890577,74.270878,81.15854129,10.057284,1
861,2.16613877,4.222637297,117.015841,89.719246,1.637961,0
975,3.64003238,4.643256346,97.101265,78.83833751,9.526000,1
745,3.867068269,5.194429865,112.540526,78.64083109,1.836808,0
1264,2.533666978,3.565872393,145.419325,85.39630066,2.311341,0
776,3.156751711,5.279204967,106.975481,88.68088361,1.887931,0
1663,3.587118647,4.527255748,174.570466,69.15029209,2.383594,0
530,0.980390105,7.17387108,72.424305,81.67267923,12.164305,1
383,4.398303561,4.381971686,58.425933,74.7306584,14.831944,1
1331,6.095187203,8.454640563,119.594600,82.43236121,14.485266,1
826,2.613261326,3.458233246,115.887717,70.61983316,1.615938,0
395,2.660074305,10.08991908,58.228603,74.17561012,9.123840,1
801,3.589941877,7.85634053,118.297388,84.15974368,1.849647,0
728,2.357595399,13.50897593,104.189000,79.38250434,2.123520,0
783,4.30948424,8.378030828,87.410124,69.630833,10.300437,1
850,3.865231515,5.494633106,123.045085,75.74025912,1.716509,0
955,3.848826725,5.390320723,92.733585,82.99188169,15.236309,1
1135,1.972852225,4.967865306,141.501123,79.88187297,2.057833,0
604,4.668359046,4.970559698,96.450325,81.78034696,1.840659,0
922,2.188351288,5.229671878,96.030933,82.68961878,10.447990,1
555,2.866098366,6.786419001,69.540451,70.52617595,7.807319,1
833,3.220815063,2.643888236,86.215643,70.31952062,13.425672,1
455,4.759290152,13.97116025,63.356934,75.81192539,7.925614,1
1364,4.438202908,8.946956931,165.591509,87.38877553,1.885230,0
757,4.507734442,10.83225374,108.750786,82.91238059,2.145423,0
561,3.772854851,6.922092906,91.767707,73.49807592,1.670077,0
686,3.071120412,3.901281862,79.130502,74.59167855,11.898692,1
731,2.412330816,5.115329078,108.051992,73.88354454,1.872555,0
1047,1.945414925,5.484929061,135.572376,73.79017854,2.019739,0
794,3.79457877,5.867011254,86.517383,78.96001231,8.919486,1
734,4.32444457,3.428495564,78.408613,67.48628208,9.706233,1
1116,4.819750279,5.734199212,133.555587,87.22945183,2.112821,0
731,3.191645747,6.062738406,79.664585,86.08986756,11.540603,1
977,4.011249096,2.6038419,99.310946,68.16844867,9.658147,1
916,1.747559747,6.281865942,92.189675,89.48258113,14.312894,1
751,3.52383619,6.491420535,79.076070,83.15813041,9.066131,1
528,4.172764313,2.460889418,72.528094,75.42230607,12.908114,1
619,2.509982042,7.004217675,77.795872,77.3679752,9.623408,1
674,2.657633471,6.240321543,107.570127,89.67541111,1.599846,0
912,4.588557522,5.064824791,127.890630,70.50527296,2.239219,0
656,3.758090219,8.302494887,75.653888,87.4547523,10.145184,1
1065,3.62958484,7.532303272,106.020404,66.86721385,14.184034,1
998,2.548794692,6.235974662,129.712873,74.48577659,1.806817,0
539,2.85046313,8.62563078,67.946973,81.97427107,15.238170,1
659,3.287323027,6.604969848,73.673746,83.24735947,13.490836,1
703,4.351231078,10.5962792,77.134016,78.20580885,11.103347,1
1453,2.965188799,2.350850006,166.874112,72.52551075,2.185414,0
894,4.432610458,6.813874184,88.326914,82.56752169,15.078257,1
807,5.258804818,6.208807249,83.915390,68.14087428,8.085103,1
1159,2.254696347,10.77229774,103.058376,73.54674463,15.346180,1
998,3.938437509,8.051991839,125.766058,74.4688815,2.127953,0
549,2.373162782,6.280015209,68.883851,67.10266451,15.688981,1
682,2.504294909,7.425292473,101.569074,80.05601775,1.911001,0
797,3.934156865,4.942002046,114.936336,72.06049362,2.139480,0
838,3.424644951,6.715884753,83.836579,70.72255204,15.675143,1
909,1.902371013,5.652577907,91.493615,73.73373418,10.408409,1
1000,1.953009969,4.976898828,132.225777,73.98409198,2.011577,0
741,5.267422488,9.674423623,78.326110,78.20750756,8.482302,1
1469,3.360293491,4.832713369,125.220480,74.3794712,14.883429,1
926,3.61343644,12.2434073,96.691332,88.45638942,9.638400,1
755,4.257185957,8.958621401,108.599327,78.0076409,2.108974,0
491,2.343207323,5.792095439,68.218545,71.45087702,10.814912,1
886,3.769635735,7.347551141,94.772705,71.07190754,14.823210,1
392,4.151855184,12.18144055,62.013702,69.24293765,12.082164,1
1205,4.04703535,13.88367401,152.380254,71.43454245,2.343823,0
795,4.733948331,4.326007457,113.416211,78.75493148,2.143799,0
979,3.371163432,5.51376697,130.279201,76.27904185,1.737007,0
657,2.85932063,4.103355848,77.070844,76.08559439,14.808735,1
453,1.854408524,14.58835406,63.449998,75.12922687,8.982103,1
666,2.058662917,2.236146421,74.985744,79.12553764,9.809660,1
655,4.396724311,5.758103704,76.467410,84.2982003,7.966792,1
665,1.576922504,6.984390505,75.206060,71.59812542,14.208230,1
503,3.812021251,7.087296927,68.136712,84.94804004,12.620016,1
542,5.086293931,7.384268964,67.261948,71.35381116,11.471512,1
739,3.535458618,5.915657484,113.834754,81.97742638,1.846139,0
538,2.205268194,5.256706752,70.652479,86.80156845,14.741623,1
838,2.406093594,4.893505282,87.878452,79.87419875,11.260781,1
1047,4.658674991,5.562364828,104.395529,80.41426,9.920386,1
842,2.451881504,9.52922687,84.753384,85.84979124,10.383750,1
714,2.037724711,6.040177713,106.956643,73.48954673,1.988654,0
549,2.840743897,7.228008419,67.389915,70.2756863,8.633797,1
569,4.32872661,11.85652172,68.189846,77.28305871,8.644515,1
633,3.96771059,8.28265852,77.540933,75.19207695,14.980712,1
613,3.099013954,8.228368561,77.541514,88.11900654,14.444749,1
412,3.053376119,4.36654156,78.837651,89.79459079,1.654189,0
1047,3.386786631,5.842954974,139.126962,79.3184743,1.889473,0
431,4.286093345,4.971444575,62.988327,80.52661672,10.941212,1
752,4.243405773,3.028921874,111.761150,83.65438671,1.844661,0
715,2.546913535,6.488244357,107.366491,76.21076711,1.672713,0
569,3.823841322,9.147874557,75.015558,82.81533128,7.935623,1
792,2.794996634,8.309182199,110.288277,84.4311122,1.902293,0
859,4.319016763,4.905669032,113.593840,84.65016713,1.832162,0
866,2.445341427,14.89758939,90.979475,83.69193932,14.250439,1
764,4.172956106,3.994741314,81.899812,86.28071295,8.265825,1
581,3.346338717,7.098357594,74.175251,85.3977034,14.277528,1
684,2.914611393,6.149582358,108.226165,82.13161186,2.054561,0
926,3.745700061,5.198570943,122.315636,76.94046438,1.702529,0
603,3.959371269,4.912685064,93.716574,78.40737695,1.932533,0
1209,0.876145485,0.761545166,144.461019,79.39780841,1.880091,0
1305,2.454245631,4.139110373,161.304815,76.42763968,1.952362,0
524,1.975912327,6.345550134,90.447525,73.00012146,1.877220,0
902,2.296379756,14.13185565,120.678466,83.21237218,1.985336,0
359,1.866295505,4.020442935,59.470017,81.53993216,9.589903,1
805,2.258197819,4.617645613,88.790276,81.26034236,8.581033,1
850,4.407899469,5.081583842,118.390291,83.31016017,1.635140,0
768,1.824641377,7.674013491,82.759555,76.48549995,12.571183,1
828,3.974890143,5.67350535,90.660596,81.33494076,15.292454,1
1053,2.691373358,4.673427651,131.775995,87.99681434,2.086259,0
632,2.14858409,4.534232249,75.641544,81.84145568,10.887410,1
774,3.179234282,6.30305003,87.122013,72.15490214,11.816972,1
903,2.376603734,5.643647572,89.960914,74.68568252,8.826096,1
654,4.364301811,5.394481424,78.876427,67.1072666,8.148886,1
679,3.3567369,6.251323916,77.117921,74.80395969,9.492841,1
534,2.152025558,7.572848916,67.455565,82.89871571,8.762539,1
929,2.955658728,7.513132844,89.995932,83.66295826,10.493599,1
611,2.388089657,2.975794248,72.881409,83.39240361,12.773011,1
635,3.025603641,5.835146554,105.782365,83.06282526,1.983030,0
690,4.591595113,9.030569981,81.705509,73.62277901,13.132247,1
667,2.503400468,6.063999086,102.136812,92.878094,1.850283,0
544,2.225681931,6.579937807,95.255254,77.46891541,1.763671,0
548,2.97130578,4.861086183,67.583633,82.65231531,8.255875,1
872,4.908632683,6.965158753,114.974428,73.80382209,1.816072,0
539,2.584313306,7.811089594,69.643890,70.82294013,11.492795,1
838,3.824930106,4.059773736,86.939506,74.00082773,10.215849,1
725,3.192119561,7.892599554,112.259907,86.70094245,2.055168,0
1656,2.271249826,8.630568482,138.154212,73.21575822,12.377668,1
419,2.216135401,4.267577383,61.013751,75.90054089,7.763780,1
775,3.205430739,7.580755494,82.958667,71.21230331,13.171697,1
1345,1.886226015,9.742207496,160.090253,72.96732217,2.056822,0
669,3.550200223,7.334035731,78.812703,79.50201191,11.486793,1
846,2.61204011,5.31974308,119.983906,80.25661025,1.994020,0
750,5.499660283,13.05281217,84.498281,74.88549475,12.658295,1
883,2.560432429,5.920421905,126.334440,81.01646253,1.886822,0
813,2.776082172,6.992621253,120.686719,79.86000532,1.983538,0
803,3.70284669,4.997084677,116.774979,86.84821554,1.892513,0
731,3.474908663,7.348450076,78.527726,79.77829892,11.739458,1
998,3.826714349,5.608350466,94.807361,82.5464226,11.126864,1
931,4.116602055,6.254251021,97.447610,72.56057967,15.435236,1
741,3.685316792,6.691546842,80.655148,67.78098761,11.941215,1
946,4.948062414,6.773741014,94.126497,77.31694344,14.725026,1
496,2.714257622,6.77725727,66.423263,85.73009872,11.034474,1
872,4.811943954,3.247426484,86.819967,66.78102086,9.609870,1
676,2.708441202,12.46941771,106.024808,70.39057305,1.824972,0
811,2.740817853,5.646508118,109.698807,85.43089097,1.891068,0
927,3.86046202,7.208917343,128.851380,84.67469872,1.852129,0
929,2.48248216,4.474499322,92.888071,78.64403936,15.790598,1
456,4.785677979,5.279985372,64.558837,77.48937205,11.254341,1
558,4.285547076,6.46878836,73.339875,81.27733326,7.920365,1
1115,4.154098848,7.174585523,139.932990,89.73856558,2.192020,0
819,4.400376227,4.515654341,111.481043,74.71179751,1.843278,0
934,3.176650369,6.767321789,89.048417,70.93404344,14.677769,1
662,3.07252771,6.618104112,105.570900,81.35028471,1.898377,0
1122,4.112823396,8.032991561,145.571710,72.77879353,1.998058,0
761,4.536253948,10.22614879,107.362177,79.52836371,1.606917,0
847,4.153177735,9.80527393,88.872704,72.29117723,8.633585,1
513,2.835047511,8.181119741,66.230478,66.97707376,15.067869,1
521,2.886708288,6.870942545,71.805737,82.82533446,14.763403,1
873,3.682352808,0.720287572,89.796800,82.71247017,13.883936,1
679,3.426454131,4.73974744,99.233785,83.71509033,1.835539,0
900,4.5559628,4.965613199,90.228633,73.57704145,10.368349,1
598,1.1663033,8.209485195,71.902473,72.89761524,9.872218,1
710,3.283767309,6.375545916,110.478380,66.59040496,2.011176,0
869,3.737048657,5.919921308,91.329087,71.14809286,13.717835,1
538,4.201961701,5.790457337,67.476527,78.06000105,8.358597,1
896,2.194180132,6.87155395,88.067761,86.37292478,12.688885,1
553,5.151328601,2.14585381,68.000155,70.32471916,13.769748,1
463,3.220488691,8.1761591,67.266610,74.76792035,8.176962,1
616,5.429928659,14.9628577,76.627578,75.22836176,15.754812,1
775,4.134663131,4.819680605,88.195802,77.98527304,12.693263,1
1405,2.656383491,2.89637323,169.342021,73.26861157,2.022521,0
815,3.25241634,5.446731741,88.810063,74.36437049,9.856198,1
878,3.237023221,3.559801905,90.006503,84.79681965,11.193169,1
506,3.681478339,3.462003733,69.499125,84.08288842,11.470355,1
1036,3.751779381,7.033231878,137.760005,75.29218057,1.831332,0
615,2.94749447,7.54789308,73.874521,76.44623096,14.379683,1
1103,2.886446054,5.217977546,135.861658,85.25700296,1.804805,0
939,3.836724143,2.713572365,123.008827,83.99973769,1.942428,0
858,3.680864432,3.093663604,85.852705,89.48854107,10.664073,1
803,2.483496661,6.708314985,114.585121,76.78001387,2.138052,0
450,2.897558911,4.470048902,65.808810,73.52581022,10.721502,1
623,4.50888905,4.665446943,98.920310,71.77675972,1.745062,0
739,2.296940824,7.00702012,80.465890,65.28682252,11.320239,1
828,3.983452676,6.861190808,117.497049,74.35890768,1.822544,0
700,2.341413079,5.581902403,76.950841,80.79461039,12.976725,1
1358,4.335952912,5.232570652,117.524335,86.30358033,12.933481,1
950,2.488532772,7.787692251,122.951004,73.92098016,1.719842,0
804,5.63513363,7.237063583,82.693633,72.68282518,14.809498,1
856,2.959446997,10.47046469,117.339330,82.35167425,1.895157,0
815,1.816446189,4.208749216,115.114773,88.01337839,2.044857,0
899,3.961771576,6.358314073,118.198412,69.23597111,1.892947,0
1057,2.020149927,7.335626109,137.303745,70.68640133,1.951449,0
633,3.706861178,5.774559353,97.561219,78.21944883,1.806666,0
636,4.872198824,8.48040005,99.373865,70.52058072,1.906713,0
603,5.57492996,8.250491221,76.805800,83.45679333,15.662958,1
621,3.341212575,6.462316225,73.175298,81.88947998,15.556360,1
703,5.209031561,3.525349382,83.226274,89.30875989,14.397270,1
669,3.695951112,9.00075455,74.055174,78.46634433,8.113588,1
725,2.842276964,11.95244226,82.170029,69.234317,15.508154,1
1313,1.957896791,4.915641602,155.570343,80.14642055,1.884398,0
856,2.494734424,5.926591164,90.056337,72.53330266,14.912131,1
832,2.377969718,8.749429901,86.422767,83.44710408,15.774055,1
1093,2.147384835,8.236703019,134.451646,73.95722289,1.917630,0
670,5.194005617,6.61383415,77.148558,88.63344818,10.393691,1
590,3.745015512,7.92752726,72.401899,70.97361177,15.470571,1
705,2.054663474,3.758152733,104.635131,93.17586759,1.600445,0
741,2.280385592,6.869056868,109.411133,85.92763964,1.781269,0
733,2.749052941,4.718414775,105.558822,80.41680751,1.837732,0
733,3.161184559,3.408953158,106.939569,86.82095256,1.892717,0
772,1.813558367,7.969610911,81.861014,73.86900716,9.648358,1
1025,5.040081734,9.139648218,95.743323,87.25521894,10.124596,1
1213,2.066463645,3.897349136,149.353468,83.11724126,1.827685,0
1355,2.091476453,10.81469139,156.140050,66.01195656,2.256175,0
467,3.854109997,8.282645265,67.444375,76.26611312,13.092413,1
450,2.99540461,4.948005902,62.372522,84.6988235,11.337838,1
701,2.538212076,7.602349144,78.683413,86.64298315,13.996278,1
779,2.897515867,7.332963271,106.770400,83.634485,2.065494,0
1218,3.19442862,8.38601179,111.843236,75.47923325,10.662836,1
936,4.191253334,4.704809986,94.737294,83.21257362,12.297041,1
749,3.231946099,3.83349485,85.555507,76.53390719,8.272451,1
1376,3.094746491,4.060027848,118.430850,90.10065286,15.130974,1
826,4.772676069,6.251811122,85.763332,66.22690036,13.841899,1
668,3.216464519,4.483153942,76.265574,74.28636274,8.081006,1
518,2.166044125,5.537284609,70.639969,82.07094135,9.368558,1
1361,2.011602963,5.062784432,124.785578,72.79797845,11.429513,1
868,2.95293553,5.403450733,92.945932,83.6082331,12.929389,1
534,2.087385561,6.621157856,69.559318,80.32029952,9.931315,1
1163,4.471249766,11.23116472,145.026789,71.95516117,2.167784,0
1366,2.575344252,5.780744399,165.365757,72.85699654,1.970107,0
543,3.682208955,9.85093977,67.779473,72.85360473,15.658372,1
768,2.981184973,5.87121804,79.855079,74.00601953,9.699095,1
815,4.992592178,3.70829466,86.189108,80.09750054,10.281670,1
460,2.800528267,3.502946725,64.659144,80.28896453,12.778755,1
772,4.760844576,9.230854349,82.609189,77.09861582,10.467144,1
1193,2.881091417,4.403866743,148.560174,83.04587798,1.859700,0
933,2.208059824,5.661434804,94.712873,68.06043251,8.368905,1
889,2.883460287,7.035838379,121.978178,73.39214703,2.184141,0
488,3.578051778,2.74858191,65.844496,93.66828349,12.937480,1
857,3.02029692,8.101693798,122.332699,84.20858689,1.729408,0
627,2.942468696,14.30072654,75.475906,72.9812732,9.016523,1
617,2.260673345,7.883904615,71.697259,73.49633597,14.207391,1
668,2.265682546,6.264854329,102.487413,71.077335,1.736980,0
777,3.735323026,5.133252998,107.042245,78.0848061,1.778846,0
633,2.157361688,15.12360613,74.018753,75.55521208,10.568472,1
495,4.040672155,4.053726702,88.738672,72.35483276,1.583688,0
808,2.185529965,4.160326169,85.019362,76.9965025,11.865613,1
778,2.295601044,4.974129405,87.755847,71.2427404,14.777849,1
944,3.590119725,6.623888837,93.572703,76.93846493,8.709614,1
858,4.619929979,8.039780222,88.833297,82.10091863,8.934898,1
1106,2.17560559,10.02655187,102.316011,84.80849882,15.770837,1
1085,3.809048435,12.94994416,133.779523,77.83405083,1.906145,0
718,2.019564114,5.341604902,83.164191,84.4194695,11.023508,1
783,4.423045947,7.737454332,112.082471,71.97066307,1.659448,0
774,4.846792995,8.881653372,82.535512,77.0590012,13.410118,1
607,4.054638022,3.653461241,95.214667,81.98015554,1.770269,0
1034,5.183792679,3.406986794,137.155521,89.22410206,2.069286,0
1123,2.209600442,5.535388957,100.088748,83.67489862,8.587611,1
655,2.710978382,5.943574985,74.367607,72.75379512,15.586201,1
974,3.906024546,4.784099683,94.227432,77.68151062,13.831280,1
692,4.026913729,4.559424642,109.785999,74.63054945,1.892692,0
1305,4.444805235,5.83400239,156.596183,78.37542153,2.061153,0
1014,3.927753731,9.4849805,100.047609,85.61765833,9.605633,1
1006,2.786311672,10.69284141,102.498894,72.20031651,13.121654,1
617,4.866272199,4.585301981,74.785446,70.53463612,11.845014,1
639,4.618165096,7.84031237,76.483757,75.11584114,15.026843,1
1029,2.528493127,8.954362302,132.750134,76.62333628,2.144945,0
711,2.679535865,8.016327427,76.611021,83.75507555,14.409278,1
509,2.086059916,4.923286104,91.376737,69.8776632,2.003830,0
555,3.775529123,5.821323712,73.910050,70.43330932,10.998736,1
1104,3.924181388,7.442168654,99.545590,65.9858253,15.522720,1
817,2.021827256,6.564331091,116.928462,88.41891173,1.681756,0
1238,2.767399375,5.264225607,114.730104,68.42408749,16.082708,1
614,2.999913803,4.561724568,101.013493,85.01963392,1.691243,0
1499,3.083166966,6.530456608,167.476016,74.56120639,2.515529,0
1266,2.358972399,3.591274608,111.730025,82.56797001,8.380435,1
547,2.516645478,6.80983417,95.282088,83.65368787,1.557249,0
682,2.981280623,5.171496697,78.278016,74.32427248,14.347011,1
714,4.605333173,5.884323168,112.116598,90.76266272,2.081925,0
660,2.499249314,4.819286297,80.541758,84.29837649,11.856218,1
839,2.264427102,7.557772272,85.003054,70.13598236,12.385825,1
782,3.830238553,3.502596402,107.080834,85.49380361,1.620169,0
826,4.17188704,5.341571217,111.837530,78.0632979,1.617547,0
783,3.177479851,8.020671024,114.846087,67.90712486,2.145086,0
574,2.069126813,8.025248382,73.878480,72.75283116,13.748959,1
1073,2.068834319,17.69823031,100.280716,77.60420536,10.062273,1
396,2.864456026,5.987102129,58.326086,89.62646241,12.134419,1
1309,0.474949939,8.604389245,118.468973,69.18137444,10.512444,1
839,4.74043642,7.080884655,91.491155,70.4400071,14.336129,1
1453,3.835135061,9.4991445,164.864701,83.2778883,2.407720,0
665,2.297892537,8.382452408,100.751237,82.73091949,2.012643,0
489,2.778089008,5.437664328,66.420906,78.60322175,10.446039,1
1159,3.263504313,9.701630723,107.344328,86.03174554,11.938866,1
604,4.800363342,6.123218617,73.134370,75.41432367,9.630394,1
742,2.697544338,1.90964536,79.380429,71.61259434,9.090368,1
666,2.931391666,8.26407132,75.081017,72.04816415,12.659631,1
739,3.529189693,8.570059655,78.916947,68.48631391,12.919253,1
869,4.854002568,9.171470087,90.835687,82.3908428,11.832981,1
811,4.964163592,4.053895084,119.999302,82.21298084,2.090832,0
609,2.255357113,8.513709255,76.991970,87.59426771,13.946359,1
649,4.014151431,8.529781299,72.873215,80.18416989,15.373278,1
508,2.157138168,7.648297523,67.533602,78.67468658,9.126743,1
540,2.231852035,4.067975476,68.434277,77.77906519,15.220550,1
707,1.866821211,5.970305971,104.407411,86.34314866,2.110889,0
582,2.738958296,6.138394169,69.467693,73.00188554,9.020385,1
523,3.528346577,8.289615883,91.476435,79.76665969,1.738150,0
786,3.450635904,4.97207279,110.245823,74.02571055,1.862214,0
991,2.639529424,14.52046699,93.591771,68.06397301,11.836424,1
525,3.964369336,8.413363468,69.586559,75.97817354,14.367065,1
791,5.588732993,5.260341657,80.977551,76.23245227,13.561479,1
623,4.254785688,4.24093606,72.476250,81.74611238,15.060279,1
1004,4.251457352,4.025412039,128.482773,81.58170026,1.922028,0
843,2.918406518,15.82361849,91.850944,79.66640581,8.825832,1
532,4.840679718,6.548381141,97.065164,80.137787,2.018867,0
1099,4.207038774,4.321003164,131.303271,81.48598973,1.924892,0
587,2.385097807,2.609545144,69.762213,70.87395141,8.344106,1
1433,2.269071949,5.002865448,170.598206,75.48742381,2.045807,0
1582,4.634464891,4.70852729,135.825259,81.43739325,15.680733,1
903,3.723697134,6.053633529,88.210572,85.27260361,8.374761,1
689,2.837064244,3.521820948,101.249071,74.8697931,1.615223,0
950,2.346116074,4.773609487,123.361427,87.67665255,1.988271,0
522,2.554473268,5.25512386,71.752955,68.37670536,12.792842,1
395,2.418650104,4.976541911,62.203814,86.84067164,12.569386,1
863,2.927154681,9.281064537,88.607533,69.52528789,9.209429,1
629,5.010560947,5.032707004,71.887866,72.60013174,13.253568,1
940,3.752650887,7.580011865,127.592493,76.22949081,1.921719,0
1036,3.266031106,7.351652423,101.744885,79.95828847,15.655368,1
390,2.836780694,5.551927955,59.048179,80.5336569,11.044231,1
816,2.431565144,4.686424217,83.808455,81.23766996,14.023750,1
649,1.757340275,0.671118274,73.564877,77.75162377,7.923244,1
969,5.024437604,5.644114465,124.665624,76.97064646,2.140265,0
812,2.853792168,6.090989446,84.713687,90.72459251,13.274048,1
1061,1.93031876,4.811943661,128.812996,84.50767625,2.202266,0
942,2.783373021,7.345927997,125.258746,72.83479406,2.144342,0
924,4.887004818,5.691941475,121.499383,74.26390945,1.763149,0
594,3.786519803,5.179326211,76.717679,89.38430107,13.516754,1
794,4.349072426,4.048816851,111.460286,83.06280198,2.126100,0
871,2.691724928,4.588797525,122.968432,83.58953465,1.979672,0
607,3.070129882,5.297654093,76.638348,72.19066008,14.399667,1
760,2.717739041,8.150849226,84.640456,74.52545995,12.619229,1
390,2.610845546,4.945466856,63.310071,70.85070586,9.325897,1
753,2.229491155,8.254421829,84.458136,74.97783255,14.051008,1
1159,2.180436222,4.207225212,106.728180,91.18134417,14.462527,1
1370,3.084259848,8.587309739,161.651410,84.8343529,1.964070,0
547,4.365253573,6.900295934,70.789886,79.24987269,13.366592,1
563,2.65224177,6.248872858,71.023226,83.75382628,9.662462,1
706,4.947451785,10.16023051,76.856122,71.05029646,12.005031,1
1159,5.487616866,6.002417676,111.860045,76.2175297,15.671494,1
510,2.774654087,7.085516026,68.099864,68.4883114,10.398817,1
1056,3.107051464,5.73885711,104.793771,74.33042207,10.557056,1
483,2.056544631,7.083211535,66.149850,69.51775801,8.196615,1
924,2.658340838,5.40825314,129.462368,76.55934438,2.196828,0
865,3.637711879,7.131354555,117.219275,78.90281262,2.067238,0
563,4.795439464,7.62411736,70.110995,71.5168824,8.818461,1
868,3.945356561,8.350786424,121.682316,80.58477605,1.651148,0
480,3.318197343,13.61420633,67.093036,83.53791795,10.333507,1
833,2.142326558,8.305309657,111.519900,77.67553314,2.145608,0
606,2.464929233,4.185803743,77.060263,80.94802536,10.361094,1
718,4.146451935,9.221970101,81.269350,76.47109443,15.486662,1
719,2.694982054,3.781255827,110.362555,75.85256709,1.969990,0
948,2.597528211,4.399043513,92.326020,77.53867227,13.597603,1
751,2.315060903,4.985776579,82.708192,86.57850281,15.476963,1
664,5.712007791,8.068809412,74.635916,88.83545484,10.077324,1
816,2.655077939,5.122956034,85.473624,79.89582324,14.650332,1
646,2.72919754,6.269825797,97.585988,80.32593851,2.044401,0
622,4.177664397,5.776142738,98.523812,83.96223166,1.979664,0
854,3.701387056,10.27598283,89.121519,70.13915142,14.329308,1
521,3.073264899,5.494637043,70.512123,84.6680419,11.971941,1
547,3.531798751,6.65092283,70.675018,78.73609209,14.375348,1
943,5.063587265,2.387251668,95.949648,75.80182009,12.349677,1
870,2.994812508,8.226049248,93.608847,81.74013337,12.060979,1
541,3.608153935,14.82745244,89.091958,82.28987453,1.577558,0
600,4.222194221,5.752004792,96.814077,74.29109108,1.884635,0
1100,4.493431584,2.6612534,137.949764,73.92068053,2.235775,0
506,4.027753991,7.68086847,64.637808,68.09248443,12.994501,1
959,3.0516908,3.862391535,132.530325,73.20050769,2.034922,0
1036,4.413840034,6.860621227,97.604056,80.61333053,11.841228,1
446,2.538523695,7.984408337,65.356754,76.63722139,13.344145,1
922,3.466616458,9.301826253,90.870001,65.11429965,15.719954,1
941,4.517573854,6.153299141,122.948150,76.80304116,2.099946,0
651,4.051047256,6.534118523,98.684057,83.67740895,1.722446,0
804,3.619258428,7.391870141,81.597113,81.81632036,9.888782,1
502,4.284058979,5.824583504,65.261553,88.41194631,11.828628,1
487,4.080767517,6.563899292,65.597347,84.88374599,12.743029,1
694,2.703624539,6.538368546,77.468052,75.81663128,9.537063,1
591,3.812649335,3.734290281,71.990200,70.66907363,8.795764,1
746,4.474742574,5.55992263,112.546207,76.25067828,2.057380,0
992,4.816473983,6.23807491,129.414403,73.42935203,1.751500,0
1346,3.537351399,5.784471199,122.536014,76.77829411,9.401279,1
641,2.873059978,8.621253193,75.739815,71.94138969,12.717673,1
417,2.316335731,6.956494628,62.174677,68.63924787,12.361883,1
783,3.166184165,3.478181919,84.345786,76.59200116,8.598467,1
821,2.219305216,7.794301606,112.274519,89.63001974,2.024476,0
583,3.139155037,14.91939344,69.281153,76.81651863,9.067453,1
992,3.812496337,8.002028074,101.503567,81.51730844,8.423359,1
1373,2.474151861,8.949861149,162.905527,90.97022029,2.320235,0
1398,4.826571267,3.942889777,123.261793,91.11211978,14.818615,1
669,2.935390335,12.80995594,75.069114,74.1686621,8.575022,1
592,3.200134701,7.491192016,75.787758,70.53128808,15.459139,1
616,2.027548773,5.703059574,102.951202,82.17158418,2.007481,0
604,2.662204241,6.235382017,99.422835,89.40669432,1.991430,0
721,3.461302675,15.28807084,78.432701,83.69737239,11.571348,1
567,5.034260524,5.890661075,92.303018,66.29477251,1.810010,0
1264,3.295581976,5.857842188,114.995007,74.98262906,8.272838,1
531,3.69868181,7.395303686,72.613235,71.97374572,14.935582,1
917,2.808604349,4.436085195,118.850465,76.25384761,1.875058,0
608,2.941388984,6.625067863,75.318481,75.97713552,13.866619,1
1358,3.554528578,13.21709593,120.499438,90.50281009,10.483024,1
782,2.962117614,6.39462547,81.147641,71.56747791,10.199321,1
510,2.032303936,7.275327681,68.274391,84.62844551,14.817849,1
729,2.4462153,11.79683407,103.055755,76.37625864,1.959094,0
853,3.136550359,1.207902552,116.764510,85.92565673,2.120977,0
748,2.753083469,5.715725479,80.427480,79.10691274,7.928644,1
620,3.501369891,6.664428341,98.044830,68.81421262,1.779151,0
567,2.051494705,3.361260708,94.465851,69.89570966,1.624142,0
1119,3.355812921,5.638987366,105.275038,70.16274541,11.855768,1
940,4.23657236,6.785608114,125.473045,80.02247115,2.032769,0
893,1.848612157,7.236628854,116.770527,69.99758802,1.654425,0
468,4.575782575,4.213051193,64.309707,77.80614862,14.077174,1
479,4.58398658,4.705976592,68.314049,73.88375607,14.869356,1
1223,4.102128217,5.65741539,116.423835,75.21818661,9.105354,1
1405,5.048385063,7.171938849,121.024465,79.38823102,12.052065,1
952,0.151722048,10.14505409,96.827057,73.79423693,10.886807,1
444,2.414877481,7.014859633,63.094537,81.69566164,9.001148,1
711,3.030602932,8.77531637,79.222279,86.13202085,12.996315,1
662,3.461983262,5.72981489,101.354032,72.26923341,1.906725,0
814,3.683447136,6.41195563,86.391507,86.13871919,10.721999,1
706,4.436448009,6.654988369,77.843573,66.87106632,13.272248,1
1400,5.026597672,6.052394459,123.364900,83.5292656,12.979423,1
572,4.638369972,7.870610278,70.737632,85.79155981,9.160731,1
662,4.198472271,5.259351,100.285297,86.46286082,2.033818,0
575,2.789660246,8.161787156,95.171008,68.42012729,1.639335,0
1032,2.622277084,3.598253788,100.693182,75.42604717,13.436969,1
1409,3.042844241,6.074713431,158.201293,73.69139124,2.426907,0
543,3.929593297,4.102122271,72.627455,77.89015614,15.563974,1
905,3.980691201,5.122327349,92.338865,79.10283545,14.276159,1
497,4.243483812,8.132630869,67.401503,79.0222452,14.563531,1
687,2.792900618,6.863239461,74.919674,85.84608298,9.313168,1
568,2.868571636,6.735102093,94.072819,87.69304547,1.723597,0
549,3.395020313,16.51413799,70.642495,80.51684695,12.818204,1
437,2.538415079,6.988084209,65.568439,77.29154483,11.729793,1
555,4.055397941,6.169407833,68.445749,68.3471346,8.726062,1
655,4.058542035,5.216857649,104.734503,78.48237891,1.974073,0
590,4.064424083,4.323959636,76.147264,78.52125023,8.410392,1
388,2.431679379,7.976661086,59.052929,71.79062435,13.834322,1
416,4.320120181,6.294239662,61.076749,70.00755753,12.145712,1
702,0.803581855,4.285206068,109.730239,79.09572266,1.734963,0
479,2.75831021,4.880911813,66.004933,83.28996781,8.799153,1
1031,3.456356571,5.484722608,136.608152,71.94102778,2.156716,0
752,2.652884545,7.149417527,82.710878,72.63765881,11.685660,1
964,3.007727651,7.121125567,131.165959,83.19324814,2.239580,0
566,4.063794013,4.438963609,97.992389,75.01567973,1.757655,0
864,3.265051604,3.891605672,88.998554,77.45752647,14.238599,1
627,4.978613694,7.071436241,101.622011,85.3503656,1.695073,0
1016,3.083826443,7.40684252,129.979354,76.9467412,1.733957,0
501,3.888844545,5.557273273,64.766395,71.2346455,12.536196,1
663,2.594421199,5.225854852,106.008159,82.51482124,1.665405,0
1345,4.964371265,7.929235025,151.822527,77.83689516,1.964797,0
493,4.987390974,5.488729272,69.422991,79.19338943,13.563429,1
742,2.420068859,11.66479922,80.349655,88.54301782,9.112280,1
818,2.703402978,6.124634889,114.041771,75.73714084,1.950566,0
720,5.547737531,5.05075555,111.694264,71.00386875,1.935488,0
621,4.430691786,9.945979303,103.574300,75.24289129,1.714555,0
1156,4.144302355,5.198321777,106.403483,75.2835762,8.407144,1
552,2.1159384,4.458593043,67.340344,79.35446757,15.302423,1
696,1.858200531,1.310096659,81.845125,84.98734522,13.040779,1
1498,2.500590692,8.23066188,167.069933,74.6525418,2.207757,0
523,2.661584354,8.779937379,72.301679,74.0711036,12.898937,1
541,2.11156254,1.958661052,67.547625,72.186329,8.957221,1
1367,4.40677012,6.31802953,119.945732,80.28492487,11.260712,1
951,2.236479045,3.740391397,120.409942,76.53481392,1.926953,0
445,2.486671513,7.479579807,62.233402,78.75995926,8.980607,1
836,4.962716799,5.858906755,116.115045,66.08243106,1.929286,0
547,2.302282831,4.60181559,67.033862,70.74148054,12.875323,1
894,1.845548137,4.30267458,118.195593,83.6908348,2.070107,0
933,2.899594202,8.188180538,128.476942,74.9384693,2.143939,0
1004,3.354443693,4.37835109,95.697233,71.68376628,10.782212,1
817,3.927435111,6.508548629,89.683288,74.14827812,10.875615,1
1225,2.030876521,7.592607561,114.312810,83.99447351,15.602848,1
720,2.857714105,4.421742785,110.027537,67.63888612,2.086045,0
907,2.205801013,4.203304403,95.935056,85.96666259,13.248390,1
437,2.299012097,7.102507905,63.975088,81.64282175,12.714795,1
759,3.498613858,6.158060307,82.323225,72.80520702,10.168792,1
661,2.155631263,10.93132786,102.128273,75.75785138,1.952545,0
847,4.232853782,4.487787423,89.122570,70.6833905,12.796294,1
691,3.79042094,5.526546147,75.515298,77.14814735,14.988789,1
829,3.639262823,6.156309695,116.577190,72.47352429,2.090522,0
609,3.208477639,5.92893754,73.047568,76.54470067,8.061610,1
580,3.923450237,5.271099494,73.837012,74.78108586,10.688229,1
427,2.618576166,10.28132436,61.191297,73.53879057,14.242451,1
729,4.491335224,6.372321652,104.022305,76.84248885,1.780442,0
837,3.499285037,5.389177698,112.399537,89.31959012,2.104923,0
1345,2.33624861,6.136102572,162.858135,68.51800897,2.118812,0
1383,2.270346982,8.695238554,164.688404,87.5807476,2.459288,0
889,3.714593498,5.509794516,117.004269,80.54023306,2.077759,0
669,3.808541458,6.621261305,103.235862,82.17888654,1.715625,0
996,4.750357211,13.86776843,102.003809,80.51828546,11.009781,1
735,2.024381035,6.424285092,112.159221,92.27157406,1.589359,0
819,2.750351636,3.156032864,84.585786,74.14279512,15.509381,1
589,2.21793368,11.66722284,69.996751,79.34549477,7.821300,1
642,5.201807931,5.858721642,102.199513,69.258407,2.065564,0
961,4.097132919,10.5320567,123.788975,78.77617975,2.136372,0
1611,5.305420794,5.822208544,139.934750,72.3934635,9.315081,1
701,2.299324798,6.26422272,106.486015,80.64318774,1.643173,0
1097,3.809539901,7.88620443,99.026592,79.04586078,16.024409,1
551,2.995126937,6.252091918,69.190914,78.57151967,15.375030,1
1235,2.367840724,7.623085976,144.015979,78.16118422,2.075886,0
457,2.563146322,3.727168884,61.912870,86.12070528,15.526659,1
919,3.339887151,6.242401209,90.173850,88.07438387,9.187203,1
853,2.734084258,5.654993614,119.458950,81.83887521,2.052904,0
1260,2.069469929,6.428875785,108.083342,73.61501684,11.767310,1
643,5.374711308,6.533040555,76.925461,76.60859467,12.437474,1
754,3.840549972,6.982956253,86.489367,76.65435748,14.526247,1
861,2.376847358,8.507502968,87.274769,75.20227062,15.229818,1
1023,3.028768248,18.34510535,98.506267,77.14585402,11.244896,1
693,2.798753845,9.920670229,78.844783,81.10495305,14.151067,1
571,2.538042477,5.814133967,71.808470,77.16663806,10.560172,1
491,2.840359464,3.934240595,87.908499,88.84544231,1.585721,0
681,3.056524332,6.458629807,76.255154,72.18635818,8.948994,1
430,2.518882277,10.99146808,66.040943,71.55566801,9.436494,1
490,3.150068783,8.161035534,89.094779,87.03776144,2.012078,0
505,2.904714365,6.246291069,68.712863,79.50707113,11.756508,1
551,3.302248846,4.996311317,70.908588,83.68164829,13.161052,1
514,2.474806389,13.78686634,94.260748,78.83430528,1.676086,0
519,4.011620282,8.666400256,66.014504,65.82026672,13.638468,1
339,5.27400584,6.489208418,59.458939,80.78755324,10.360658,1
774,2.860261827,7.4883489,85.827796,72.43704422,8.642217,1
768,2.61159771,7.281911133,86.568858,79.03464691,12.338932,1
950,3.212452222,7.26810345,95.645070,88.0405993,10.437669,1
809,4.111239203,7.297054105,83.530433,78.93173167,8.833753,1
703,5.058311517,3.458543036,77.002892,73.40467513,14.872744,1
579,3.316357426,3.676939993,69.780927,77.22529256,15.618695,1
766,3.140138505,3.949418778,86.049942,75.66674125,12.311482,1
678,4.210407248,7.78128755,102.603346,70.171338,1.905152,0
981,3.844740092,7.827415272,122.108001,68.69155528,2.154428,0
727,4.190618445,7.895550581,81.590818,81.63474172,11.459958,1
1696,4.36970172,5.347151716,178.955671,75.49298173,2.348276,0
562,2.352617437,9.587946182,97.117794,80.43336952,1.903673,0
604,2.91690732,3.773928622,76.692134,80.0782309,8.539326,1
514,2.4199804,6.484752464,66.614695,83.15027874,12.276740,1
793,1.743879271,3.911552241,115.501106,84.17960415,1.688124,0
717,2.398522108,14.00198999,109.471450,82.24335818,1.605903,0
706,4.017797875,6.128531743,80.948162,81.83811437,10.070678,1
1385,2.856924439,5.272285313,125.023964,85.38164882,13.157610,1
551,4.137658002,7.283255411,93.208180,76.24606216,1.871934,0
549,2.019272961,4.902730151,72.924477,74.81025488,9.310662,1
811,2.92593228,7.821596159,86.456041,77.89066099,8.915670,1
1126,2.148108388,3.422696977,139.386332,81.58904554,2.151276,0
601,4.531286765,10.73903719,70.883938,90.10014339,14.675164,1
560,4.899979447,6.7273674,93.363029,85.62175824,1.883417,0
747,2.301026665,6.491457283,78.961676,82.89214025,15.662177,1
980,4.01978722,7.739933651,95.457334,81.05560415,15.946780,1
791,3.939635618,6.450641228,86.597507,65.06889819,14.331448,1
879,3.268326923,6.949301604,93.319902,87.32368641,15.610332,1
610,4.497759072,9.97742777,77.083991,70.15447657,13.650748,1
1387,4.552490259,11.35447043,154.688392,81.35354368,2.458524,0
463,2.861510236,5.498762745,65.137100,71.94730193,9.107370,1
615,2.68830604,10.20058233,71.016837,75.65401985,8.100640,1
665,2.450047825,4.75539493,101.377890,89.3744606,1.590051,0
890,2.614992112,4.800929874,120.083606,81.42457493,1.990921,0
901,2.51266052,5.070587315,122.506360,82.70676637,2.087785,0
954,2.839208279,7.841927142,93.867788,76.55883266,10.327165,1
1396,2.443779725,3.658970049,155.059447,72.97966118,2.050141,0
543,4.620978645,6.237915454,92.127343,66.15454844,1.789730,0
990,3.661906912,4.217166539,133.023597,79.4035175,2.138064,0
1086,2.516158989,10.5587463,137.858233,80.20182927,2.180840,0
763,2.13069248,6.639441341,113.617440,86.87786093,2.007417,0
1185,3.953726305,4.745544577,107.279195,67.80543559,12.891920,1
816,4.815893798,7.793788987,86.577580,74.21504548,15.803437,1
666,2.353205209,5.832254929,81.179696,83.00752442,12.007098,1
458,2.151708217,9.664900149,87.579948,74.51004558,1.476733,0
457,2.637192361,6.020753023,64.922643,75.39422726,9.968326,1
1356,4.825147238,7.549311266,124.307588,76.83777959,9.151317,1
1001,3.253413641,10.71693833,128.561688,77.70768985,2.181420,0
411,2.364465447,8.901889979,63.031164,87.19307219,9.896520,1
499,3.004558573,7.097337102,68.103022,76.58455769,11.819949,1
754,3.586769346,7.611463558,86.428078,71.54715678,10.276245,1
767,2.412175238,4.288653037,87.450042,75.3847257,15.355817,1
549,3.194731073,7.217278142,69.972946,70.10514577,13.162754,1
660,4.044732046,3.888768121,79.049808,72.20338401,13.617935,1
749,4.182874682,8.334360954,81.759792,79.23342841,14.570407,1
1400,3.627284331,6.595786123,167.125815,75.4870706,2.126893,0
824,4.319868878,5.09173396,119.333284,73.27622168,2.168440,0
1085,5.37942104,10.63330279,101.704446,80.04679842,12.554913,1
475,4.212089671,3.201296604,68.378162,81.70119823,10.429286,1
996,3.260140538,4.788726482,94.477725,79.59595722,8.534781,1
707,1.81586512,11.79802457,101.321653,89.48743235,1.620313,0
702,3.954715442,10.31875567,80.089497,72.98075587,14.628996,1
832,2.500418258,13.42342782,89.448841,76.01434642,11.919271,1
1289,3.498501608,3.531106884,114.747133,78.18438425,10.487039,1
418,3.233637024,6.637373089,63.879217,81.78994587,14.536922,1
566,5.287637323,8.779262551,70.953026,75.46899946,12.895044,1
639,4.62365725,12.53400605,73.307943,71.99612046,8.722303,1
550,4.345177205,6.461880012,72.356193,68.77356026,12.129291,1
721,2.524895927,4.06323643,81.543292,76.82837594,15.249265,1
721,3.089581893,6.101026945,84.344990,75.5427384,13.928461,1
1146,5.43388339,5.757161251,143.468379,81.18408803,2.202158,0
705,3.488817248,2.827105324,108.486969,80.23243349,2.137598,0
715,3.075012992,10.51303983,84.160545,77.02940841,14.318718,1
524,2.253874024,6.135811025,71.606150,73.99473257,9.829154,1
472,2.399260044,9.065976919,67.587638,70.95669143,12.608294,1
876,5.055936123,4.843709117,117.741698,84.22871333,1.828177,0
437,3.25678846,7.528996928,62.596498,76.57179786,8.837000,1
974,2.406434854,8.351376665,134.196051,82.39839793,1.848383,0
416,3.29047655,7.26162916,59.969151,74.58285283,13.972096,1
1091,2.681259846,3.872631856,141.186989,84.38950821,2.032313,0
881,4.007460527,15.11873477,94.690341,82.95204431,15.514050,1
576,2.141937872,6.280228189,72.586748,74.31559124,13.041306,1
637,3.79686141,7.102688412,76.681721,71.17436888,15.809114,1
757,5.0242972,6.213922855,112.333548,78.81490066,2.019874,0
681,1.966271166,2.253286874,75.348412,83.255389,12.734629,1
462,3.783131695,5.071108679,83.772022,82.39659205,1.499139,0
734,2.460639049,3.226295741,110.461382,81.03162665,1.993742,0
402,3.458592153,4.90475336,59.950791,87.48279633,15.252809,1
640,2.450913346,4.893344374,76.149079,88.60312162,14.668016,1
554,2.356305313,7.498510599,69.928258,77.7997457,13.139959,1
666,4.40902534,7.171996983,74.916252,82.59852437,13.394735,1
482,4.115978492,8.067329468,69.286760,88.72942832,11.573400,1
625,2.466921634,7.750863476,78.138446,73.35744225,9.574306,1
913,4.565929393,5.183831432,119.977594,86.37169711,1.758394,0
574,2.34890389,2.270991706,96.357271,81.48411273,1.759093,0
931,4.986910038,4.481236075,88.778281,75.46847848,12.738144,1
388,3.959447905,6.059146379,59.969697,75.26641038,9.849215,1
438,2.754174211,8.137905992,61.029950,79.54650061,13.559900,1
921,2.977280175,5.526119379,119.742576,79.81582659,2.182107,0
338,1.968143044,3.652745674,56.590692,83.46274794,10.472255,1
854,4.6074499,6.828818301,117.496826,71.27035183,1.858954,0
707,2.592533341,8.759986116,77.543489,70.54167448,13.980359,1
1043,4.924989407,9.156696901,137.971977,72.56138428,1.750400,0
524,2.478502255,7.304576875,68.478355,76.61752588,9.352039,1
530,1.968553174,4.633427932,68.203100,90.67719018,15.761582,1
406,1.993785585,7.234830003,61.246043,81.66262387,14.958858,1
376,2.293694112,7.113197983,82.023262,85.34415317,1.419698,0
1089,3.690478169,6.678259259,143.412100,66.90907593,2.314554,0
1621,3.975351075,3.342588654,181.548633,71.79632562,2.142463,0
567,4.945561698,11.09550432,74.957002,69.9263162,15.676553,1
562,2.536882451,5.151546728,97.539736,73.95009756,1.727201,0
457,2.339426451,5.731706422,64.429374,78.59815928,15.655796,1
1315,2.89576874,8.697511978,120.178923,72.07216493,13.211215,1
925,3.627445078,4.513433692,123.107093,86.71295042,1.943184,0
697,5.77819112,5.953751021,82.875458,79.90070083,11.045302,1
752,2.227662888,7.4442089,83.503365,80.69319227,10.215329,1
552,2.76137526,1.370998485,97.149913,87.87969724,1.607697,0
916,2.331835634,6.329489495,121.062688,84.35683965,1.962385,0
660,3.53548929,11.28297629,100.387626,85.42810234,1.637366,0
829,4.076903393,7.481433756,119.114915,71.34764979,2.031190,0
531,2.964560509,6.145174051,72.315584,89.23724961,10.059721,1
504,3.420732588,4.796584135,93.669226,78.05822239,1.523827,0
704,4.480883724,6.122630326,103.387492,77.1431518,1.632479,0
1179,5.159249984,3.894343442,144.922701,70.93853611,1.803209,0
417,4.625203864,4.925090975,64.593815,85.06660084,15.164817,1
885,3.777872008,6.778658027,86.862886,88.77762403,8.270556,1
677,3.27399691,4.741664861,81.333659,76.22504863,12.956954,1
752,4.926090237,5.754852195,113.664717,82.41469574,1.672052,0
1192,2.35578765,5.988823977,104.851934,73.9283462,11.315037,1
1210,3.444254627,8.722715173,111.884826,70.7018185,10.085640,1
857,1.961509301,6.952512915,115.976503,79.80950362,2.218428,0
1165,2.59422866,6.971408407,108.623348,84.11685311,13.775991,1
950,3.004948058,13.11044077,129.038849,87.24483141,2.001428,0
663,3.188467851,8.71740599,75.978979,73.97198358,9.962154,1
1221,3.989225938,6.679230535,152.724770,75.66981801,1.907737,0
1088,4.379280291,5.643066723,142.441744,73.82656266,1.802747,0
704,2.5477223,6.255567975,107.631363,73.69749314,1.765387,0
573,3.422601747,4.266568953,99.215314,80.18105785,1.897311,0
630,3.935453765,9.652624447,77.614394,80.89502542,14.078725,1
672,3.636506953,10.29832111,102.322306,70.41613985,1.639852,0
619,2.023338724,3.685534594,102.716436,70.8075022,2.019897,0
1242,2.940193286,10.16430784,110.985157,77.77419587,11.590525,1
993,4.589631185,5.981373028,132.798019,73.19463809,2.111449,0
843,3.856511359,1.370802761,112.795960,83.79382525,1.811802,0
853,3.00425711,7.292977264,119.866589,74.67447916,1.755167,0
1180,2.439516656,5.976814549,143.723677,79.94944367,1.864104,0
1316,3.695792596,7.30789437,113.256797,77.05131547,13.117321,1
526,2.386183086,4.444958405,71.268645,89.97172922,14.874186,1
674,2.983177529,5.827114398,75.434313,69.39288884,11.441773,1
650,2.997577204,5.764933376,75.641300,72.34595682,8.513922,1
784,4.645940703,3.758347833,82.563591,76.84529376,11.936045,1
929,3.247579109,4.873213398,127.945642,77.94471129,2.115079,0
489,2.330998465,4.966147146,67.081283,76.845172,14.536403,1
884,4.594451542,9.582269902,122.823256,90.81890003,2.180620,0
494,1.940434488,9.427911877,66.930024,88.37962899,8.895671,1
824,2.739280637,2.75717815,121.317263,77.73225622,2.135253,0
722,2.048730397,3.04563446,107.998424,86.52865973,1.680553,0
1000,2.583662902,9.909981725,99.678018,81.8392806,10.948781,1
1157,2.049471168,6.205684772,136.358509,81.86038474,2.264358,0
813,2.921475852,5.851868912,83.237823,73.37350412,11.764448,1
537,4.892735385,8.109176711,68.592095,77.48125092,9.154152,1
838,3.100877443,5.703170873,85.048345,74.89840047,11.061376,1
906,3.780613103,6.095593002,89.606420,82.72632582,15.550139,1
697,4.687148275,6.026641041,80.948984,82.64459886,14.451792,1
1025,3.231549875,6.209457359,101.423158,82.17597614,14.218932,1
1092,3.266663904,5.419589188,103.517430,84.86430296,14.514221,1
753,3.197919721,15.52044745,84.527238,78.16890143,10.588857,1
581,4.611077722,5.814586179,74.809695,74.72754264,10.001646,1
705,2.899376353,6.185717989,101.370167,72.13440651,1.615061,0
882,4.392965199,5.038490913,91.583943,72.31872525,14.976665,1
772,3.071266453,3.295086725,114.980629,84.11460368,2.067361,0
878,4.459100592,3.903002497,87.864597,91.03230307,10.871919,1
1030,4.01922979,5.36688805,131.907938,78.76574432,2.234680,0
711,2.095086489,3.871028605,110.610816,82.23763867,2.024623,0
443,4.550511901,6.558749125,85.606331,79.31880983,1.645166,0
667,2.46132461,5.361071088,76.332855,89.02614593,9.329940,1
642,3.069270572,3.392579018,96.589574,77.37505424,1.889316,0
1000,3.11685743,3.842331536,99.740216,82.73039543,8.080492,1
618,1.988148404,6.396675849,100.313256,77.4964466,1.689813,0
1159,3.94845257,4.067100671,145.169849,89.84258675,1.830705,0
940,3.550355429,9.828826692,131.114461,85.5234058,2.156430,0
455,3.677606615,1.688317868,64.966789,75.2321657,8.333147,1
1091,4.958479744,5.022005122,140.515404,80.32297074,1.845683,0
753,3.581275378,10.77540787,110.131935,82.64307353,1.888816,0
1277,4.355234539,8.026331517,116.933590,73.44281099,10.507205,1
492,4.954712737,8.11150818,70.060251,76.41817683,11.947318,1
785,4.631654809,5.939771475,113.773635,82.31598784,1.721514,0
777,3.335959543,10.62667015,86.265131,80.72278955,9.252465,1
553,3.419309052,8.018720975,74.016296,89.81473855,13.989532,1
522,3.792891231,5.646070935,89.384208,80.45315285,1.784413,0
585,3.483969501,10.89510621,74.139378,80.93225792,12.794481,1
525,5.165195144,5.148526002,68.078341,81.23039384,15.175725,1
555,4.193010928,6.665044579,72.481932,68.9833824,12.552083,1
599,4.176449613,6.166925827,101.157779,77.69186883,1.601701,0
1059,2.874623227,5.365026266,134.778086,85.10996441,1.816988,0
817,3.211817901,3.615898912,88.451011,69.8226272,8.428975,1
481,5.496574991,7.001834875,65.486829,80.24392778,8.408851,1
563,3.39612656,5.167091159,71.729721,70.78580695,11.978714,1
774,5.269862943,5.47995419,117.146639,78.38036035,1.945654,0
723,3.726585895,4.315852705,82.352656,67.0192265,8.758894,1
720,2.575742784,6.885599551,108.788699,93.30931589,1.856505,0
750,4.136531271,12.23884783,84.920997,70.3843292,13.456817,1
438,2.127512267,15.64553366,88.096214,79.66882072,1.499801,0
1281,4.093606867,4.66227032,145.353816,80.09425938,2.016059,0
807,2.647628059,5.939960959,89.645736,92.79002472,8.207083,1
1076,4.974323599,7.301865612,101.817929,67.95035713,9.638133,1
1136,3.185263171,6.019692183,110.692029,82.66689617,10.190776,1
386,2.248991223,11.07348821,62.943353,86.44469317,10.380534,1
612,4.423982658,4.138575869,75.543387,69.95274653,9.341562,1
1368,4.486985582,7.12390587,115.281737,82.64696219,15.448033,1
1459,4.498895126,5.902018267,131.090224,74.4491843,8.935559,1
982,2.288363652,4.107054759,130.944292,78.84767572,1.898572,0
475,4.349391485,4.432169619,66.316790,77.26661487,14.994959,1
650,2.821995735,7.197912509,101.347046,75.98507079,1.864779,0
510,3.035508389,6.708982637,65.892407,79.42755478,12.527696,1
775,3.910337369,6.541415887,84.673053,82.9715224,14.600589,1
776,5.132012302,5.913810384,81.397597,80.29414013,9.843581,1
537,2.103535405,5.740737672,68.663630,82.06560619,10.177640,1
812,2.838576665,9.361612082,116.178284,74.23942107,2.189251,0
763,1.880444906,2.406324584,106.386101,83.18494367,1.994349,0
1221,3.707226455,7.743501242,111.332612,74.55764822,12.324769,1
1014,4.317007929,9.773086772,97.064788,84.48694888,14.350284,1
560,4.699816497,6.727837318,72.263453,73.76718042,8.520139,1
651,2.018504765,3.125024627,106.896784,76.72828102,1.896929,0
1409,2.430004215,9.594976412,124.959787,70.58954364,8.449925,1
1267,3.342855121,8.26017208,107.924700,79.39837564,8.208061,1
966,1.756300907,5.358000196,132.274605,71.32899903,2.129849,0
938,2.085377592,5.397363068,130.709496,82.48659906,1.866078,0
1033,2.723115225,6.117998822,96.610162,80.30336971,13.204475,1
574,3.932699447,7.1934896,68.805960,70.25316231,10.109432,1
966,5.388390504,6.275141661,92.302755,74.64411642,14.104598,1
799,3.786665137,6.018546291,119.166667,76.38266773,1.763792,0
661,2.435270031,7.914654291,75.736827,75.42019159,9.071625,1
1044,2.65177978,6.115367366,101.008932,69.37978057,14.162425,1
840,2.488903982,5.569276853,91.897072,80.27093729,9.977251,1
680,5.097480116,8.610483162,75.232474,86.37931564,9.563411,1
491,5.306275989,9.221414334,67.720081,73.49487881,8.612997,1
773,5.132629258,6.823926699,114.742412,88.50107718,2.144115,0
1682,2.478167078,7.791165961,188.309175,80.15025303,2.273448,0
354,2.217372818,5.782351752,58.043057,82.34725451,8.719344,1
763,3.903325635,2.786898444,86.909817,80.14517493,7.954107,1
835,2.853709868,12.16361837,84.119588,71.2861382,8.625568,1
686,3.875215372,7.677669403,81.601805,68.29514589,12.522936,1
711,4.878795911,8.185799498,81.459623,73.70464035,12.372678,1
1084,4.675822257,5.529101799,132.205241,83.35281396,2.146491,0
1149,4.026815374,4.837284714,108.864926,83.48554349,8.480332,1
556,4.628425524,16.84842394,94.999252,80.56144521,2.009344,0
601,4.160284804,6.15274671,95.134870,81.36837227,1.617300,0
1059,2.109676847,5.682559762,135.036568,92.23017769,2.187865,0
892,3.697380019,6.039904454,92.030794,77.60951204,12.634792,1
797,4.649963586,12.36936659,109.436857,80.09918249,1.614015,0
1505,5.049988331,6.953149531,123.122848,74.26896266,11.596202,1
489,2.651830815,4.283486224,88.095183,86.95491257,1.697584,0
831,2.340085568,5.784162607,112.451650,78.55336092,1.765152,0
960,3.134796259,12.79553484,95.408830,72.32285995,8.936688,1
727,2.307286568,5.001186547,106.223028,81.49782095,1.957888,0
400,4.803762427,4.039674162,64.385616,88.09023197,13.088165,1
1097,2.403336348,7.16485567,102.399238,85.31038598,8.160073,1
682,1.876650322,6.251282186,81.873065,78.37473041,9.692662,1
653,2.603938382,11.17830424,76.961142,74.55865931,12.201659,1
1137,5.785083745,14.42198563,101.794923,74.23086327,9.200869,1
554,4.558723581,5.033936224,96.637072,79.55500937,1.806912,0
1005,3.290844964,11.02121201,96.838214,68.12083987,11.995099,1
1430,2.682190733,7.978655899,122.942532,82.49545621,15.515507,1
1108,2.997912974,7.538685137,99.444725,72.53824309,13.807044,1
728,2.268978643,4.769895353,112.251378,72.48001839,1.761403,0
892,3.713598025,6.728743539,127.091703,82.88292485,1.684272,0
656,3.0219618,4.477484426,77.338167,74.6051852,15.502641,1
1006,5.784903129,9.739655158,95.808604,74.18114363,10.674065,1
472,2.538352549,4.768480476,64.677349,77.54013406,13.444674,1
653,2.417051699,10.72919922,73.606525,66.67468462,13.735288,1
818,3.966873537,2.797681341,88.771215,77.53208868,11.411325,1
956,2.785957266,4.178750296,128.338234,77.00491358,2.198739,0
743,3.39050581,12.80931821,78.771551,85.04333003,8.790872,1
1287,2.60789406,5.182790207,111.577086,82.92529332,9.727180,1
650,2.161905085,7.057915915,78.025587,83.88721117,8.653649,1
704,2.643427623,6.451724601,78.890782,77.91562265,11.564507,1
940,2.934939687,4.668500185,128.580756,75.562662,2.137951,0
757,2.374867122,6.154547183,105.611133,71.89717437,1.834903,0
934,3.780505947,6.937541795,119.770887,74.58541843,1.856311,0
460,4.634068638,5.570998727,67.694654,75.35469708,7.947834,1
658,2.50222075,3.366303446,74.781847,83.57158358,12.042161,1
900,5.528922347,4.418190012,93.776751,80.40378193,14.474807,1
459,2.675786593,5.412711292,62.999385,88.25090847,10.204262,1
1027,1.820329233,3.281680138,98.133498,76.894686,8.448436,1
493,2.903134929,3.339129296,92.471117,82.56227995,1.833562,0
976,2.354659945,6.906256224,121.697612,80.9734192,1.744091,0
561,5.032525632,7.279273134,72.887434,83.66980865,15.644751,1
1037,3.699849434,0.648874136,126.933252,80.09873032,1.759384,0
730,3.384230622,4.501740091,78.597589,87.55848452,12.908474,1
714,2.814501754,4.877859239,79.242572,85.10305454,11.287933,1
911,4.228376278,6.869679008,122.510538,75.06740079,1.765790,0
565,2.874321866,14.47957576,74.817479,79.31081993,9.458158,1
954,2.157679132,4.683652146,130.923660,81.12500065,2.053471,0
936,4.30549588,4.9563285,93.314332,93.89081552,11.852019,1
832,2.125223248,6.94554432,88.023840,78.72362995,11.474965,1
1198,4.178146637,6.274379909,148.612236,77.14909013,2.370211,0
1325,4.86389972,5.157382564,153.174119,69.77900328,2.062086,0
604,3.578812321,3.735994317,76.068329,83.76922437,10.085566,1
525,1.91299319,6.721693975,67.339158,73.74519453,15.141558,1
746,0.527103952,5.98378582,81.414508,68.38488723,11.046098,1
837,4.951588706,6.137763128,89.110090,88.79774036,13.851621,1
452,4.275944462,2.867100376,65.279146,83.93398676,8.741859,1
689,4.206003756,2.360959762,81.428250,74.2971868,9.007359,1
585,3.957809742,14.61044734,71.609809,83.56683196,14.305578,1
544,4.793318788,5.091567262,98.074806,79.22645515,1.643483,0
934,2.236613178,8.520663294,130.465226,84.34351311,1.743466,0
1346,2.227767947,7.683457189,158.214153,82.53992009,2.225739,0
1147,2.011758953,4.877451234,140.539955,76.1905798,1.903907,0
563,3.226487087,1.567822839,74.035991,71.90576023,12.490328,1
668,4.476137816,6.002230086,78.523137,87.23686444,12.243846,1
420,4.747235372,13.09967775,59.836980,73.01770278,9.814462,1
792,4.943103043,6.1445404,114.950930,68.95849789,2.014964,0
975,2.99323248,5.716143867,92.044257,76.26903811,9.345258,1
1063,3.910606019,5.148560856,134.357339,82.7319087,1.789618,0
1335,4.270783637,4.824242707,118.961073,85.57588266,15.991071,1
897,3.296502643,7.349044044,90.274547,85.07069346,11.881576,1
1323,3.046171938,3.608337086,152.572171,87.42775752,2.235640,0
709,2.284346888,4.128059505,77.691308,68.78786815,12.717038,1
852,4.524751437,4.595755986,87.553055,92.02162811,7.961547,1
850,3.498806684,8.498507047,113.000353,76.85772732,1.931184,0
471,2.273041389,1.732374066,68.610444,87.611261,14.417437,1
511,3.036506021,6.461073116,68.057110,80.91006428,9.817013,1
845,4.23620318,2.851222109,86.093201,78.73079259,9.031328,1
409,2.424147483,2.743157386,60.295693,89.52320769,10.349047,1
781,3.998970869,3.866428153,80.761028,70.39191743,13.554496,1
1106,4.665155915,7.987441685,143.816200,83.70108963,2.337039,0
580,4.784129788,5.389441275,70.645233,85.24345423,9.719463,1
787,4.833184685,3.715019411,107.897410,73.90275976,1.768660,0
571,4.159189881,7.754329957,70.608127,79.01254436,13.980275,1
1208,3.715236475,7.717531368,106.173556,69.17706412,9.753222,1
549,3.415281527,4.921314406,68.816594,84.90166732,14.533430,1
580,4.452803216,1.395834602,69.152482,87.24821873,15.616511,1
506,2.363711685,8.037096328,65.321444,84.9329079,12.552160,1
950,3.659495141,11.72007923,120.873252,83.64419108,1.871161,0
582,2.578728035,5.378269197,75.017288,89.45969299,8.386603,1
516,1.972438383,6.405479852,95.633346,84.03780341,1.949380,0
543,3.479026645,12.04167994,67.663058,75.99808845,15.184946,1
553,4.018606078,6.581039218,93.602308,76.41023539,1.662582,0
892,2.303704267,12.29772043,121.822499,82.03707345,2.231143,0
546,4.619982957,9.379885256,67.943683,78.41628319,8.085423,1
553,3.318821747,5.178718791,72.289599,71.52427706,11.979257,1
567,2.244577938,9.71432552,69.723222,77.24341505,11.861015,1
725,4.70101606,8.616771823,111.434772,78.41736785,1.723843,0
424,2.34466773,10.30137936,65.587126,89.04011492,10.327636,1
1269,2.424689529,0.83684434,116.299386,77.32532366,12.006620,1
645,2.981638895,5.415824035,74.579671,82.76835455,13.721490,1
629,2.67997775,4.913686813,74.893394,85.62920901,13.192958,1
552,5.31864599,3.98855983,69.426393,73.85236119,8.005859,1
322,3.312505899,7.165318684,59.489179,66.84312272,11.680902,1
853,3.610839926,9.021396231,113.740417,82.28686707,1.653166,0
1080,4.621923364,7.906922136,136.938953,88.71057444,1.983138,0
808,3.555273629,10.66021496,113.187783,74.37685819,1.676603,0
406,1.960742445,6.667935577,60.388298,73.09646519,15.211732,1
443,2.628596373,6.531508985,67.112935,89.508966,9.554207,1
480,4.398935668,7.553360272,63.980069,74.75243248,9.999136,1
785,2.360492956,4.345225767,115.808100,72.27182174,1.809000,0
844,2.430857262,4.237974442,89.186893,86.85639853,8.937299,1
518,3.356698969,5.673927541,90.176713,74.78956006,1.749133,0
1215,4.368087499,6.062382126,153.687610,79.35226,2.081189,0
584,6.826921011,8.455273693,75.146337,76.51703847,11.182793,1
754,2.220767066,6.121567784,84.748663,68.67160391,15.475954,1
526,2.837817954,7.129377218,72.012921,74.08203483,14.036220,1
689,3.56082529,15.77178767,79.171192,86.44829202,11.553232,1
1625,2.726551435,9.332690292,140.061262,71.91225096,9.822177,1
976,2.246504768,7.987535345,128.546033,72.75173366,1.921189,0
1162,2.822622014,7.133174756,101.936455,70.12330781,15.199459,1
821,5.190569836,6.564384021,90.787561,66.60288706,14.101376,1
685,4.138124247,7.067738204,77.308118,75.37976086,12.163458,1
884,2.812786743,11.35460709,119.749324,77.35459606,1.717696,0
403,2.623912812,4.34994243,60.410906,74.1240299,10.757864,1
1259,3.53355965,6.277160868,146.760138,82.7060549,1.914543,0
542,4.254908285,8.099125506,71.371296,82.56585805,9.998320,1
1234,3.299613038,5.844859861,111.834662,72.99887471,14.970686,1
921,5.386983674,7.957503122,96.108348,66.95619771,9.887557,1
857,4.751073529,12.9566009,89.561652,85.35447617,13.746156,1
664,2.011651111,2.252531727,76.190429,67.9690842,10.441456,1
825,4.119940474,4.13513745,89.744948,75.6584191,15.628198,1
1502,2.610491141,2.585858347,131.608243,75.5992498,9.404085,1
689,2.250577206,6.564770589,79.683622,80.23887303,13.866192,1
1053,4.292322936,9.691309883,98.299199,81.92731986,14.848785,1
1034,2.357869232,1.5845327,131.482279,80.8921038,2.205820,0
689,2.590701826,4.297606369,77.923241,87.35743283,10.196016,1
487,3.088208876,4.096579229,68.530307,81.79457545,11.862549,1
510,3.965642704,6.241268924,69.596333,70.79978155,14.199726,1
511,4.145238271,15.34962468,66.123781,69.87136829,12.902435,1
1287,4.14575106,4.237786145,116.713791,82.9251783,8.678475,1
494,5.058203401,8.341653283,64.673790,81.40557419,9.325799,1
931,2.651611573,3.250891787,91.110731,85.2828677,13.013801,1
770,2.534334394,5.637399528,83.520456,81.59372731,15.680750,1
742,2.18068562,5.744496404,84.996709,90.05889851,8.510539,1
1018,4.569935174,4.831048278,128.117014,72.83419818,2.300563,0
1317,1.929854089,4.554418568,159.272157,79.22851885,2.390295,0
631,2.675984957,4.405193319,76.582827,68.50392777,14.908285,1
814,3.266709277,7.747184865,86.228949,74.24514928,9.444678,1
680,2.896154178,6.128255924,77.501397,75.42146135,8.953096,1
579,3.853994356,1.531842851,99.401393,74.98458055,1.910847,0
1388,2.895511764,6.124105968,116.485201,70.6146913,9.376792,1
1032,2.743544067,8.270690131,126.018309,70.36320683,2.211672,0
758,3.155062455,6.204105619,114.842631,76.07697178,1.755836,0
587,3.000196735,5.751540637,75.467771,83.82455664,14.871992,1
1093,3.043491372,4.495615455,138.842102,81.42624614,1.992722,0
1231,2.314284459,4.270055477,148.532528,76.59820377,1.955444,0
728,4.282491453,7.246882197,81.570201,72.80483614,11.564516,1
825,2.968192737,6.450687469,88.264924,88.97470934,9.789110,1
539,2.596259363,8.562522465,69.173427,75.09478245,13.157855,1
1138,5.014950235,5.853283976,109.082953,71.13869005,8.079067,1
1033,5.004989202,7.140891521,127.728146,82.03610865,2.292298,0
603,1.755482315,6.881240453,72.653788,90.50888562,13.599850,1
823,3.439051585,5.658787154,119.157976,83.67334383,1.830884,0
519,3.356650915,8.001753149,67.859005,78.34595478,13.876217,1
1448,2.315208439,6.833427116,158.480887,79.91855139,2.001436,0
635,5.629545803,7.066925869,73.797498,74.84260923,14.683021,1
723,3.729268136,5.26221487,108.726303,73.90104113,1.854147,0
443,2.513207825,10.57330865,61.133985,73.45100184,9.027912,1
1330,4.074117452,11.20544316,153.419766,76.12113294,2.339401,0
739,2.848846733,6.07308756,81.958426,86.7463989,14.642266,1
848,3.650124535,5.526458844,122.976120,90.88289165,1.707095,0
1070,4.243570146,8.285288761,139.521180,77.21850038,2.192218,0
804,4.257403928,6.873748476,86.123815,76.16357211,9.028020,1
769,4.831326476,7.148101645,82.629791,72.84843986,15.855241,1
485,4.572176608,4.828104486,69.057504,87.70456023,9.814238,1
844,2.130257709,17.77776441,121.962752,85.02147824,2.119686,0
1259,2.697584135,9.368445074,154.764804,78.20388086,2.200768,0
777,2.320776749,0.834977283,86.681895,70.42016177,13.755158,1
827,3.616283048,5.013415887,87.397479,79.94081594,14.392579,1
812,4.049198175,5.285120273,116.255123,77.2191253,2.062225,0
696,5.005686718,5.304703311,81.122355,80.86103604,11.622896,1
449,2.917051582,10.13989456,66.071774,70.6177891,8.242814,1
1037,3.140753978,4.480116735,132.772673,72.38502129,1.835906,0
669,2.453496973,10.83620617,106.843877,76.9442174,2.084176,0
453,3.51575552,7.099434953,61.709826,71.94247147,13.777688,1
491,2.993694392,1.849213766,92.044957,81.96867444,1.483925,0
688,3.249065272,9.32106826,78.503380,69.48150013,8.880976,1
630,5.394470803,6.395031665,101.962938,71.2996527,2.023592,0
1052,2.887843313,5.323554092,132.101044,75.35553984,2.021748,0
462,2.475941072,9.607907247,67.336391,84.33020677,8.866077,1
406,2.936676762,6.800314321,64.594883,84.24390999,12.785312,1
842,3.973499013,5.893345116,89.201366,81.23873702,9.574072,1
683,5.406167244,10.89710208,75.102771,69.17010543,15.271486,1
656,2.116056655,4.419603188,97.516938,83.77098228,1.533521,0
708,3.179142172,4.442145912,83.914456,82.84981863,11.795285,1
894,3.043698216,8.127751399,93.527414,74.20736242,14.637691,1
891,2.538577668,7.323520369,127.199717,75.29610963,1.726921,0
787,3.054726039,4.679975109,84.251064,81.87452795,15.134409,1
822,2.833393096,8.839277032,111.877916,77.93122204,1.870953,0
801,3.641361469,5.27906917,81.912568,83.0963652,13.875914,1
610,2.360217637,9.929329894,102.236205,69.9362644,1.859591,0
794,2.323536419,4.233109565,84.222857,83.00068272,13.683864,1
1455,2.626372616,6.958367681,158.087761,83.02554535,2.432482,0
589,4.830294651,5.83754404,71.809935,87.0921937,8.277778,1
917,3.833969997,8.877870204,121.425005,87.96292372,2.116104,0
497,3.625841289,3.271060261,69.093332,74.7724798,8.770957,1
744,2.114449847,4.941776552,108.142643,75.10584021,1.881134,0
739,2.03278304,7.046479759,77.751889,89.69281736,10.181009,1
984,3.206440075,4.707161091,134.492067,82.03803012,2.105988,0
620,4.052646673,11.63634509,78.142957,68.04620317,13.101641,1
850,3.704088848,3.809909865,90.740530,69.70457082,13.160285,1
895,3.743430699,4.018061497,122.899622,86.8713096,2.046022,0
833,4.512386701,5.047437283,112.531607,84.61243189,1.934118,0
571,2.15744025,5.579992639,73.594134,79.60654632,14.872178,1
721,3.304545501,5.782606894,78.923302,79.38485872,8.219543,1
599,3.821001494,8.738251593,71.963155,78.45991994,8.206073,1
724,2.880196873,1.19410526,80.389063,75.88778807,8.909260,1
965,3.219264526,9.391117575,129.982897,82.77994338,1.684957,0
1055,3.505945998,6.898733193,100.530784,73.65122534,11.273689,1
856,3.209714014,3.649617422,89.743363,81.53563222,15.900604,1
606,2.812252248,8.139948019,76.325896,72.92193641,11.229485,1
709,1.74532844,3.014179409,81.741821,94.00692827,14.934097,1
700,2.823225199,5.612067885,102.896876,69.90372208,1.920723,0
489,2.134818427,5.674161982,64.628639,74.6955732,14.566675,1
632,2.325286227,6.04067698,75.978190,85.86638391,15.559663,1
1020,3.125901759,6.005674905,95.711183,73.87656453,10.427319,1
541,3.09904625,6.215315641,91.323570,78.8401456,1.842866,0
787,2.654976025,5.743799823,87.175908,85.16315666,15.766916,1
916,3.100351209,5.555670701,90.908651,79.20651875,12.290565,1
396,3.915318321,7.996675362,80.425026,74.79707535,1.492394,0
518,3.95519867,1.530169536,69.171410,68.05895796,14.891185,1
660,2.568964134,5.569188868,101.542961,77.47247779,1.743227,0
1119,1.652989576,6.998899335,139.693885,73.63290676,2.012594,0
569,3.944100593,4.631262635,72.093502,79.5639484,11.664207,1
1067,4.271277897,9.98910222,130.905379,79.93032693,1.920660,0
645,3.886103994,11.86876561,75.734272,77.65004125,10.755672,1
494,3.273017134,7.32666225,69.904051,80.00829967,10.496760,1
722,2.148746885,4.905491755,81.011944,68.09609787,8.448259,1
1126,2.860312991,7.256424094,140.420426,77.78238167,2.205635,0
853,4.576415054,4.034171222,87.239865,75.73064815,11.141417,1
860,2.59920121,5.488111196,114.502709,80.6445561,1.916260,0
1358,2.794562688,8.349103667,157.109683,77.04997698,2.277924,0
518,4.658404911,4.454481594,70.599242,81.16464753,9.486232,1
603,3.187082674,6.245484606,73.984839,73.39548161,11.695237,1
1255,4.875325398,7.572380931,107.373030,79.59863462,11.345300,1
933,3.461756571,4.255746139,118.852700,79.69125746,2.195808,0
653,3.881973305,8.980157227,105.697623,79.5062943,1.806650,0
550,4.798035102,4.378461777,68.628313,81.3303851,9.508658,1
902,4.758438719,16.47267134,118.584761,83.31126159,2.217972,0
956,4.400612143,6.472308151,122.889664,69.53397699,2.191582,0
924,2.768431763,7.054433956,97.127014,77.87742296,12.401927,1
883,4.924577114,6.530344707,116.578485,70.61009538,1.937571,0
478,2.25237578,4.230198746,66.108826,69.99937118,15.165486,1
517,4.004329647,9.608189436,66.650879,67.40028436,11.802127,1
497,3.930574136,7.509560931,67.801724,72.50916328,14.624133,1
699,4.252697574,5.26755221,104.804593,82.65091145,1.564312,0
684,2.673344471,4.927375792,79.774333,86.33734527,13.756458,1
1156,3.002386237,6.650123068,149.508938,80.62950715,1.857546,0
634,2.558161298,5.412969718,97.430148,79.28784156,1.659208,0
398,2.312080704,6.255842284,60.662510,81.6134238,10.785612,1
705,2.864586472,4.030662426,78.476181,84.57700724,12.938925,1
606,2.895441253,15.8399891,93.575232,74.39104545,1.718633,0
732,2.58345263,4.695531607,108.829822,83.36396177,1.781979,0
731,2.844381641,5.186787625,78.610340,85.47017427,11.101854,1
858,3.952874985,5.551564103,123.384976,80.62206298,1.777611,0
681,2.034453771,4.549622509,80.171796,74.71529509,8.470047,1
572,4.58989364,7.726806033,72.255315,68.040039,14.314839,1
652,1.922356474,5.892354325,106.882275,75.94307629,1.548332,0
722,4.13461296,8.677188852,83.745170,72.89574343,13.673064,1
534,2.053118835,4.141743218,67.999109,71.64200183,12.229256,1
406,3.455598659,16.15459912,60.109750,71.59772143,13.026773,1
552,3.507428674,4.891495436,73.246403,73.2198312,8.650562,1
515,2.828906095,6.580827922,71.306413,76.83764577,13.842822,1
707,3.962842996,4.811551358,103.766973,77.57748299,1.589613,0
708,3.974809524,7.129675059,110.691527,69.71278748,2.001020,0
1004,2.760753208,4.205235075,133.277676,77.81599049,1.838590,0
856,5.032239756,6.93264496,121.857728,72.53413476,1.936457,0
770,1.927513108,4.187474067,107.982477,80.29277548,1.686711,0
710,4.854617252,8.223274059,111.669116,72.29603574,1.679848,0
1036,4.621115509,6.478552168,132.813303,76.60467992,1.915057,0
1265,3.941502521,10.12725377,158.040418,72.78257474,2.396012,0
640,4.686800902,5.793502478,75.260299,80.83977732,11.600760,1
894,4.439967095,5.953172907,120.645465,70.28471037,2.085749,0
1141,2.491773246,3.642948886,143.687415,83.38444169,2.127641,0
605,4.275715413,3.373436429,72.739891,82.98159431,10.659668,1
793,2.796270018,8.293700294,81.008079,73.83043196,12.716152,1
799,4.155237059,5.804168007,82.345216,70.94276115,8.873966,1
1062,3.461272088,7.955024368,131.774333,75.87637262,1.749819,0
476,1.86972656,5.459226494,63.816260,83.26055976,8.509732,1
679,3.778751139,5.967420659,80.249721,78.02385595,10.835335,1
1043,2.751453771,5.115484529,135.953469,73.34888501,2.094943,0
873,2.482686916,4.01571213,85.947862,74.07523101,15.402394,1
428,4.015312266,4.387232694,80.615056,90.81352924,1.724497,0
799,3.674440764,6.745950862,108.545519,71.18467954,1.798889,0
822,4.735052942,3.570197337,119.036995,83.38450257,1.645603,0
1058,4.219675106,3.206288057,139.692272,76.07869434,2.127795,0
518,4.551551835,7.198324077,89.700883,86.65615931,1.820791,0
1123,4.180104058,4.799729484,100.554089,76.53480466,11.642098,1
676,3.209574518,6.393171258,105.089964,77.65775236,1.610032,0
929,4.542158276,5.247393512,119.117494,78.54736634,2.046639,0
384,1.780746687,11.89193981,58.515559,88.36238153,8.254518,1
980,3.631768414,7.707060036,127.900785,81.43274992,1.888885,0
883,2.422598152,4.509413451,94.661066,78.84232829,15.821923,1
520,3.126686734,3.223550652,70.921708,82.66307793,15.173084,1
623,2.958669806,6.113735172,74.425629,81.98572608,13.208621,1
616,4.428794968,5.175949281,99.759472,87.28599213,1.650885,0
1047,1.808632677,9.986380916,100.457898,74.82716653,10.985207,1
997,2.223997798,6.33239426,124.215396,77.02823404,1.834829,0
963,4.684175757,18.91680795,99.631327,68.70290733,14.238512,1
1008,2.313566679,2.066152089,136.293937,86.90820432,2.240185,0
885,3.101107857,5.636507936,91.282757,72.48657309,13.460672,1
449,3.956200986,1.329914812,63.860601,83.33786586,8.508201,1
1527,2.245156327,8.491618123,127.392353,78.33594557,9.594599,1
189,3.234348618,7.550692211,47.147736,77.79943121,11.040555,1
634,3.960689877,6.472472233,76.024176,74.79536457,12.268302,1
694,3.286426914,5.944093433,81.516220,69.68765833,8.739504,1
393,3.047444407,6.793919928,63.843577,75.10742726,10.435097,1
838,2.27172625,7.877659828,90.391267,76.91578061,15.175812,1
693,3.74272562,5.371875751,102.379382,75.34380877,1.574936,0
940,5.436204974,5.036528615,127.380851,77.65910446,1.724145,0
724,3.35560435,3.259426585,104.325292,75.32090633,1.863841,0
415,1.70194368,7.851241416,60.523987,72.82579131,9.758803,1
854,2.495699127,6.928571038,119.603252,79.97244578,2.205302,0
937,2.497086591,7.505504694,121.264702,72.45835961,2.149179,0
434,4.45980125,7.574376969,60.888420,75.24056303,12.195162,1
860,3.652125222,3.558105873,114.535486,79.82519219,2.166391,0
1673,3.550135231,3.171918703,140.103079,81.12115814,10.002573,1
835,3.72544721,8.599529348,87.558356,86.06985727,12.472564,1
510,3.139657577,9.164041748,69.765012,76.91407151,10.747000,1
760,4.581250016,7.937958772,83.653341,87.43143886,15.398820,1
1144,2.038097829,6.693626674,101.864773,79.08675489,11.279592,1
512,2.503028123,6.384516498,87.921382,69.17384119,1.674877,0
345,1.985560292,8.95260822,59.209270,69.69879717,12.608510,1
643,3.880049775,7.233314039,73.155181,78.88544421,15.065196,1
737,3.132660846,7.90140405,80.733069,84.4744421,14.627696,1
1500,2.194158172,14.62578583,170.228300,81.09858898,2.315602,0
860,5.038024406,6.184968343,92.793288,81.11507265,8.230432,1
771,3.525258399,6.83385767,85.504376,76.59045759,9.152160,1
886,1.959196775,8.712487646,125.989622,73.41943245,1.719897,0
1299,3.10783854,5.691172959,120.823719,81.04803471,10.479356,1
933,4.342108468,5.474671541,96.015597,78.93130749,9.573633,1
933,4.078408463,5.670736536,91.458626,75.45514296,9.116929,1
768,2.964858184,5.398928719,86.950412,93.73494479,10.219808,1
792,3.865396577,7.12003195,84.585564,78.07581955,13.774218,1
377,3.75556805,5.405853495,59.239969,75.08373311,13.308186,1
700,4.135793771,9.993023836,78.007944,76.08790217,13.736325,1
537,4.190380952,5.888466018,92.524694,85.95784668,1.938967,0
673,2.427752363,11.43839674,104.228763,86.06776215,1.693215,0
730,2.471940888,6.640023394,78.924183,82.90408398,15.388723,1
1287,3.238140426,5.730146675,149.591861,85.72957971,2.314817,0
675,4.132961186,7.653943936,102.126205,77.49144361,2.036283,0
567,3.880677771,5.604071706,74.273998,82.76467041,14.346331,1
445,5.00960903,16.40004102,66.524412,67.9805956,11.792028,1
631,4.397757738,5.278890557,71.749831,82.55318406,11.793677,1
971,2.95826715,7.171856136,126.911895,78.26728579,1.793184,0
459,2.360940984,8.118233522,67.231336,78.58390589,9.338051,1
545,4.977741113,16.36512746,70.802994,81.0132786,11.412079,1
937,4.350071577,5.051502519,124.227885,85.84134342,1.687562,0
1217,5.073479431,8.632455726,106.381016,91.29099648,11.032407,1
788,2.93577268,5.524147059,83.825772,85.16192169,9.256705,1
451,2.57597981,9.877693357,90.045811,76.52962941,1.880142,0
939,3.062210331,6.073032453,96.018772,88.09210378,13.867197,1
516,3.891797313,5.988591001,66.231800,77.26302163,13.809626,1
1079,3.693757821,9.426638479,106.158760,75.58889397,10.527634,1
1212,2.311931518,13.03769794,114.229515,82.32103179,9.757211,1
934,3.365874548,6.094149724,92.379594,74.91932562,11.923415,1
630,2.127567013,3.706368442,78.774040,88.23178415,9.144864,1
753,2.239493886,3.576093806,80.918200,69.12166621,11.220568,1
1016,3.160714682,4.383644349,103.169753,85.83463835,12.933656,1
499,1.786701209,4.813484658,65.622960,83.85227186,11.700192,1
475,2.560386808,6.38656646,65.690360,76.08547151,10.611294,1
1002,2.53531116,4.319270146,102.434343,74.78796852,10.711891,1
832,2.546356178,13.38409959,83.796858,74.66066756,8.412470,1
574,2.448145017,6.566129176,73.329425,87.82577444,14.993534,1
533,0.228871448,5.380378943,68.609539,78.47033461,8.845117,1
892,4.653877112,4.097676521,115.787217,83.99779294,1.750163,0
1332,5.176745492,6.645048231,153.721957,77.67219534,1.973637,0
818,2.460629564,5.768186452,110.161348,80.45114133,2.060787,0
1015,3.133084888,6.076775223,93.885162,79.98145548,13.799611,1
531,3.896884613,4.76512936,70.711100,84.46240776,12.974153,1
649,4.44084827,14.88128632,72.883940,70.07718983,12.332423,1
442,2.646545977,7.773680557,65.653362,79.24124879,8.283629,1
372,4.379190678,4.307281735,60.907850,85.17295729,7.747316,1
621,3.126618882,3.752416399,76.757176,82.28163684,13.784269,1
591,4.869288101,7.860033003,76.188890,66.66709751,13.104634,1
870,2.474723291,7.622655477,113.944366,74.99886599,1.717568,0
733,2.376016993,4.77373327,103.305360,84.94150779,2.147022,0
1055,5.540240119,4.785538143,140.813660,86.39102174,2.007423,0
518,3.198667609,5.621664457,67.280049,82.40893443,7.882516,1
822,2.169361357,5.922094944,115.172151,90.984701,2.141564,0
1097,1.843020133,9.240111181,140.970064,85.75841207,2.020233,0
652,1.016996919,13.70282688,75.678211,74.77768142,12.579200,1
514,3.541638206,5.792818006,69.889156,88.75269463,9.365459,1
765,2.807111311,3.968954396,81.940399,86.5375929,11.607493,1
669,3.149273968,4.813867187,76.998766,72.57143067,11.038278,1
954,4.026268259,3.930679017,132.413160,81.49932721,1.738788,0
835,2.619652682,6.812743875,88.100777,83.42752079,13.839565,1
386,3.667311689,11.0797514,57.675043,65.38378738,12.516146,1
956,2.081544139,4.666259575,131.910885,79.43480476,2.168560,0
731,3.226394917,10.18180622,80.321700,82.95203112,10.027583,1
754,4.12157059,4.43490472,84.909454,75.88588764,13.293273,1
422,3.163973148,8.150724063,64.576107,73.01645266,9.020388,1
773,3.119467231,6.708122865,81.484494,77.21564483,11.201395,1
1011,5.192186093,4.389587475,125.291955,81.47522304,1.896455,0
722,2.277806966,11.14178087,81.103610,81.8782048,8.602215,1
991,3.534619292,9.82950355,94.296649,77.74951139,12.673248,1
778,4.226256521,6.894746637,87.487189,82.59769002,10.715850,1
1233,1.69845623,3.332888927,144.189251,83.57727756,1.903284,0
746,3.107685334,5.57716929,81.589906,72.23778972,12.731048,1
582,2.189554358,8.184348145,70.024733,74.97969931,15.462664,1
879,2.809540804,4.646065334,90.128399,76.21431912,12.757554,1
1433,5.181845441,6.402249027,158.306604,80.5242778,1.948574,0
587,1.847834991,3.894621384,71.437204,75.57585303,8.302371,1
747,1.722408414,8.206797531,78.852051,82.75583066,9.281200,1
865,3.786986123,8.253090346,86.955008,69.21972969,11.539447,1
684,4.599216884,2.414380478,79.143644,71.20959491,12.836839,1
1259,3.539744497,4.69435336,146.222644,83.56101257,2.345743,0
549,4.077641257,7.1845498,67.365059,92.42343971,12.497303,1
1191,4.160868429,12.53126455,114.328870,74.66116216,9.593704,1
691,3.096338195,6.561214948,77.450787,79.87395608,8.604845,1
1204,3.401066285,6.446008889,108.218479,74.84031436,11.582244,1
697,1.861795823,6.641426983,101.693693,86.4215026,1.737594,0
638,3.281056052,4.930357929,78.207042,81.58209513,13.839427,1
854,4.24401965,4.926447648,122.367217,83.47121288,2.024684,0
725,4.384538677,4.745427391,77.096440,72.48672346,10.993104,1
459,1.904203197,6.251307575,62.387574,84.09479595,10.822894,1
670,2.492499635,7.122014737,78.795679,77.18424715,10.386918,1
751,3.013342408,4.4743471,85.425811,77.80312699,12.179024,1
678,3.180024016,7.177674509,99.582485,78.81545431,2.089174,0
706,3.58876716,1.80236392,108.354550,86.78216919,1.783392,0
646,4.410900152,4.813357869,77.369003,77.23560153,14.541167,1
450,2.215066066,5.949268106,61.494057,73.41599463,8.031325,1
575,2.572753254,12.4394631,98.561987,75.40798415,2.068645,0
743,3.786983451,6.780319651,80.287628,81.11985219,13.050996,1
723,2.994447407,7.83207672,79.359077,64.54398486,12.327873,1
1121,1.830729001,7.354271381,135.795679,75.04437547,2.136850,0
715,2.381918419,4.003551498,78.465705,76.36657697,11.124817,1
609,4.48970535,8.167304586,95.388997,80.60259597,2.074263,0
997,2.259169327,6.985785839,130.453770,72.04409117,1.828925,0
1251,3.584184456,1.04136733,114.932375,72.67294151,13.198000,1
411,4.622645904,5.546360429,62.979386,86.99822621,9.490251,1
567,4.291798553,12.01745784,71.403876,80.39626053,7.863618,1
663,2.393848187,4.787941541,99.871692,68.30108675,1.892957,0
664,2.482591962,9.226663467,106.206360,82.62094932,1.804851,0
758,3.363718295,12.1944388,115.829403,66.13711189,1.784975,0
540,2.391632884,4.379837122,66.766336,77.04405997,10.170773,1
842,2.940253006,5.160081976,89.487828,69.20055936,12.389238,1
863,2.909810273,5.537173699,85.154945,86.39817064,11.752613,1
874,4.529201322,8.707161728,93.704959,79.16063579,9.287330,1
499,3.843346145,5.845723857,69.612901,77.96101345,15.221126,1
536,2.344934346,6.002237714,94.320502,85.36277475,1.526309,0
519,4.132982893,4.23270005,66.174386,78.65607398,10.196064,1
648,3.279764706,6.929857689,103.242833,72.93523097,2.005492,0
1107,2.06600712,10.60354594,141.201476,86.00981295,2.265920,0
628,4.66188001,5.908429099,97.709114,84.21640293,1.609050,0
582,2.934802487,4.127015886,93.142941,83.33182905,1.503771,0
704,5.26409907,2.487614889,80.200051,89.36158462,14.794496,1
1443,2.295309478,16.9306201,166.937196,75.804136,2.263745,0
814,2.58213481,5.51206922,117.969363,84.19260582,2.196917,0
720,3.924156747,8.380638912,82.626430,80.574479,15.787104,1
725,3.295884702,6.932236454,82.104693,79.20049708,8.102598,1
583,2.547916592,6.343223176,72.242151,80.98819168,11.475159,1
1149,3.941100555,4.289266718,148.117023,77.97677359,2.023593,0
1282,2.728100095,5.769021642,118.891669,75.15706526,13.294358,1
486,3.084427037,6.639648628,66.655915,78.4604614,8.151848,1
905,2.30947156,6.400908939,92.340333,75.99187994,14.572243,1
724,3.246459859,4.565804726,80.813694,77.56983837,13.313480,1
854,4.288756094,11.52432386,118.403226,80.16701326,1.673452,0
629,2.885798743,4.555053959,95.531067,76.13350029,1.931368,0
1323,3.170576141,9.330868574,116.685857,82.66491691,13.514048,1
867,1.772074972,4.910830388,124.043733,72.21392584,1.760993,0
443,4.378833572,4.246365262,60.970289,85.0407793,13.228139,1
912,4.095689467,8.035428835,92.698332,75.97079516,11.041259,1
557,2.638732567,10.88401752,90.218111,81.57447997,1.729384,0
463,2.337895833,4.955333777,68.375019,67.9356778,14.310761,1
1279,0.822259322,5.142345021,113.530033,87.40809736,10.384904,1
1174,2.663644234,4.639185319,141.084136,81.15756821,2.056575,0
2106,3.554431717,8.028974096,167.077792,79.70319122,14.725553,1
1346,2.60708947,7.031118369,165.011264,79.20026346,2.193082,0
1172,2.053936106,8.319995213,108.735020,82.60795186,10.788110,1
1017,2.46188939,6.62120919,96.987810,80.85051413,8.157178,1
1035,4.657258003,0.744951253,134.900724,82.13760967,2.306667,0
632,2.790786352,4.917217991,100.034709,69.47322961,1.986377,0
576,1.655214161,6.677873842,73.994917,77.75863085,14.031489,1
1351,4.621872051,7.056243475,120.449961,83.36097394,13.921182,1
653,2.542901978,4.44509359,76.516597,80.41327718,7.869064,1
693,3.019036076,10.00976124,77.755795,84.63551193,15.548767,1
667,4.101014582,8.379001994,74.115781,83.87661632,13.157819,1
664,3.081440201,7.879293628,104.544069,76.04382769,1.590207,0
617,3.974696167,11.46294436,76.837732,88.03937723,15.627327,1
1010,3.871177536,6.764471269,98.880925,81.24206978,9.456419,1
549,5.005500774,8.000412364,70.840619,72.90391969,14.142944,1
710,6.111238734,3.54633296,102.482935,77.28870345,1.751087,0
811,2.678211962,7.747243994,89.206410,77.1448355,14.844184,1
800,4.571174796,11.15722323,86.686359,82.30673344,8.484679,1
685,4.295922077,7.34303455,77.650711,70.69867021,8.418299,1
481,2.196336049,6.784445123,64.680638,83.9685852,12.050974,1
480,1.289244958,5.422155949,65.975782,77.51640975,11.376770,1
678,3.523711723,5.65494601,75.978950,79.25134945,13.441521,1
530,2.767051465,8.649879513,66.773091,76.1012778,10.480248,1
765,4.61588663,4.758454408,84.568822,79.39444497,8.817850,1
777,2.464216299,7.024001754,82.884120,87.93221337,14.016188,1
871,4.528298265,4.772297837,88.511144,76.04657088,8.954080,1
555,3.909420142,6.620678083,72.980511,81.23365421,14.909062,1
874,4.577333559,7.650254698,89.363021,87.45169827,8.566880,1
784,3.667632516,4.723455538,107.825303,68.33054754,1.982580,0
958,2.932946667,5.318474465,125.798645,78.5519302,2.226540,0
1047,5.177415705,6.511096988,138.218710,77.26755695,2.133462,0
630,4.566892118,5.784675229,76.932827,70.16971812,12.160325,1
469,2.270931454,4.807240695,87.470003,70.33767145,1.775006,0
688,3.823272211,9.870076959,106.317214,85.70527032,1.920385,0
518,2.545059235,10.42874033,67.384643,83.54951267,12.788280,1
653,5.055811614,4.680707809,104.785846,84.81704147,2.038100,0
1108,3.188745131,6.990946014,139.597336,83.28246514,2.153425,0
958,2.201271019,3.151666241,95.161179,73.52848215,9.364957,1
992,2.763551024,9.43375366,93.875956,86.88278677,15.620980,1
993,2.69592954,9.310466717,93.193736,88.28743904,12.192920,1
416,4.270899676,9.021574364,65.536249,67.37158217,15.358284,1
671,2.598829742,9.275036986,79.700729,70.65666841,11.465888,1
717,4.847747899,3.88737507,102.107864,68.696806,2.021014,0
524,2.304571541,9.020127247,67.780449,69.05683631,12.410660,1
503,3.343894211,5.111252817,86.452887,76.42821452,1.714016,0
639,2.421543236,7.463908007,105.908821,82.04591741,1.891661,0
1307,3.984261177,5.029937848,162.158629,86.57227579,2.402359,0
794,3.094368089,2.929358643,118.718226,82.66164068,1.792304,0
569,2.590264117,4.621214407,72.394097,76.69225515,8.733655,1
1423,2.739651074,7.337987163,161.317438,78.55760504,2.194513,0
952,3.779308341,6.636727934,91.824368,71.31765989,10.419166,1
689,4.038306957,9.429847607,101.035613,83.36869515,2.043096,0
728,3.108329346,5.208110127,80.603195,68.77014993,10.375866,1
1064,3.426013805,5.534125022,131.928453,90.97631713,1.951535,0
797,2.738333873,6.224507897,115.350245,76.41287029,1.804310,0
509,4.016180078,8.63946655,69.820254,69.98964686,14.273235,1
752,3.655392547,13.18201883,83.702662,71.00650196,12.334943,1
481,2.270549779,4.447700955,89.697427,76.88336033,1.650405,0
702,3.558064744,5.35008926,76.653479,76.00050564,11.186936,1
777,4.004119325,4.337066343,110.010896,79.34422364,2.108301,0
852,2.719080831,9.957090967,91.572774,80.72236817,15.187193,1
851,3.587898469,4.170254133,117.087260,78.82591401,1.983376,0
1068,4.170125557,5.85319652,98.824551,82.70846733,14.042307,1
1018,5.596212522,8.714459007,100.984529,76.83967188,15.696581,1
675,2.703348851,4.259107835,79.460933,92.46497187,10.183503,1
717,3.32553092,7.388977164,76.664573,88.17929158,11.653985,1
916,2.949671858,4.940682378,94.294771,81.1989486,14.515217,1
682,4.549978422,7.768211914,76.842622,81.58846719,12.097289,1
1179,3.137946547,5.017530107,138.103379,80.66400558,2.355599,0
801,3.510666108,6.683154238,89.317652,77.52947749,10.949726,1
717,2.913957225,5.789489495,77.019470,68.20418025,13.189604,1
1056,2.781201639,4.532303358,97.921404,87.00344326,12.785336,1
614,2.862305624,5.640912388,73.504066,81.32381693,13.551422,1
469,1.775406742,4.008435304,90.883023,87.62862685,1.752830,0
486,4.272742862,3.462163533,67.845975,73.46350413,11.015499,1
835,2.7800362,7.646602143,87.624959,63.86369344,8.610678,1
815,3.422208924,7.176713082,86.795401,75.12341787,14.253294,1
1093,2.879963636,8.939625779,130.814612,83.5095973,2.310484,0
581,2.796343168,12.18256741,69.672383,88.09516959,9.919828,1
896,2.358579177,3.553186082,127.525586,73.28311304,2.175050,0
827,2.668698903,5.091687414,114.217745,76.5437701,1.917140,0
457,3.431858449,7.953723351,63.561620,74.41813674,13.887428,1
965,4.991786844,6.78683224,99.662603,83.47965397,15.756929,1
530,5.106693505,5.258303471,69.116679,88.52130124,15.008590,1
576,1.931838037,4.86541874,95.930177,77.91923174,1.765493,0
1503,2.880789387,8.397581975,125.456269,83.57855461,9.269066,1
541,3.756059131,5.297192026,68.987712,80.20015047,13.069560,1
996,4.895017573,11.87096991,98.002352,76.04636523,9.373518,1
920,2.398433906,6.275891915,96.489819,87.6330421,15.527008,1
657,3.74862871,6.248069386,78.216281,78.00490108,10.997308,1
663,3.181474661,7.621597048,74.686156,79.34329364,10.423856,1
838,4.583028956,9.337592555,86.878586,71.76176281,8.638363,1
1073,2.818007169,5.123404096,97.803342,74.06613343,15.460711,1
527,4.001372947,6.932330523,67.224943,81.99381986,9.063687,1
984,2.428143317,3.546530666,100.238126,74.92138708,11.315259,1
923,3.944214248,5.617882763,92.942931,75.20874508,12.962205,1
458,3.6629921,10.7978921,64.305163,79.19725311,13.912599,1
846,4.405555581,12.11350862,114.357417,72.85917134,1.917360,0
644,4.856364661,10.55026803,76.886384,69.41617872,11.691323,1
714,4.070405402,13.49230626,77.566294,81.40968967,8.814501,1
753,3.664766669,15.85510802,105.767178,85.59187607,1.940647,0
1079,3.492418211,10.39775997,139.521308,78.35644296,2.277529,0
1642,1.93863158,9.87297654,184.499856,79.8374846,2.373106,0
841,3.680610925,3.157673972,122.967644,80.81637186,1.665949,0
710,2.30070819,0.666496219,81.312320,80.79976895,9.655458,1
528,4.703739038,7.171213592,72.047098,71.64529377,12.246010,1
381,3.931360889,6.987128056,60.514091,83.26413785,8.988373,1
779,2.251338803,5.858044395,108.582170,77.17472847,2.089846,0
922,3.785792744,6.95568102,92.153762,87.35718483,8.438265,1
921,3.135051031,5.230341623,92.976077,86.69877382,9.833775,1
785,4.611010314,4.905307685,118.020808,69.55095906,1.681664,0
1031,2.709554318,7.36365738,134.603719,72.96902452,1.877102,0
625,1.895038666,7.779938614,75.400235,84.12310706,9.291837,1
1005,2.433195923,12.62457218,100.119976,85.22194077,15.685648,1
727,5.338423144,16.32532891,84.981581,71.16741244,8.099009,1
612,2.271192005,6.515222217,74.919600,88.1336135,12.526888,1
643,2.892042021,10.26129797,75.293133,71.29537492,10.544106,1
644,4.066739806,11.05879033,101.421640,78.34666232,1.826235,0
533,2.588187431,7.515360117,96.891011,90.93990439,1.573106,0
2151,2.368091257,6.261004116,229.177890,77.03955411,2.429862,0
649,2.922876714,6.587000662,73.090931,76.99287349,8.483109,1
559,2.907896846,10.11587547,73.038011,83.96310388,10.320207,1
477,4.548327443,7.622877074,64.559409,88.4640001,15.038372,1
703,5.268055439,7.272420014,82.936383,86.85251745,13.875451,1
1026,3.539965517,4.750812895,130.951261,82.72281842,2.189403,0
507,3.279415481,9.430394395,68.393415,78.99200009,9.431502,1
1148,1.987927461,6.273410968,102.183010,77.41429055,12.744808,1
647,2.122159847,10.43019248,75.453207,86.83007145,15.618488,1
1015,3.010237871,4.181325936,135.913851,85.17432411,1.725796,0
507,2.324359567,11.76618758,69.752885,85.09751991,13.373327,1
848,4.937824376,13.0776305,89.503959,73.55347103,13.523043,1
515,2.822626293,7.71875689,66.651286,86.87816336,15.446540,1
629,2.726366577,7.695845556,73.173287,70.03297957,8.770312,1
412,3.853637594,0.682705621,79.294874,82.9751033,1.750020,0
613,1.845484216,6.395292375,95.817299,80.64845613,1.932352,0
859,2.861825824,8.591731874,115.491742,74.43905824,1.701534,0
889,4.157592599,8.258786529,123.503991,75.34146003,1.877308,0
670,0.928047291,4.896931229,105.562332,79.40021551,2.001278,0
876,3.720069582,4.254780803,123.698876,77.86180478,1.715743,0
542,1.966875536,6.677564353,71.294685,80.24641441,13.515805,1
550,1.857770089,4.524479223,90.529275,78.8585898,1.966278,0
411,4.723991837,4.928434221,60.147034,78.57145248,9.002684,1
487,3.252816195,9.444192182,68.916460,85.63137146,8.193114,1
966,4.098319033,5.942766513,121.512899,87.53103861,1.996288,0
814,2.419198853,5.227011664,85.370850,73.00468821,10.176186,1
539,1.891162428,8.487780945,69.193880,68.64812213,14.583476,1
1101,4.198287035,5.034153191,106.187875,74.74594399,14.125012,1
560,2.955638546,4.523425916,70.398783,75.44913253,11.722298,1
884,3.070784629,8.140062305,92.909374,79.19666351,10.076540,1
406,3.116807169,11.4274377,63.941619,76.92228074,13.828943,1
940,1.97556818,10.74753111,93.935444,74.04702258,10.927532,1
589,2.512242297,4.676363629,73.539980,79.27588636,10.926286,1
585,3.993232478,4.749035447,73.722428,74.48263727,13.678465,1
561,2.101978497,6.704281174,69.403046,82.87060491,12.655878,1
1218,1.86503738,4.309897002,115.492688,73.27006312,13.698780,1
588,4.26535447,5.50809986,93.645017,82.98498304,1.599635,0
844,1.05793588,3.259096332,91.720363,69.49068187,9.889975,1
947,3.619534528,8.496684163,97.113974,75.45607578,11.929189,1
418,2.508979192,7.656475098,65.256309,85.48554487,14.951329,1
1342,2.654440732,5.265123685,163.315485,75.12089183,1.969207,0
465,4.010705956,13.37590838,64.805817,72.29195042,8.175899,1
2061,2.23840103,5.366667623,223.866483,84.10216143,2.480642,0
521,2.240029489,3.849759419,69.480792,78.88257926,14.247316,1
882,3.016193579,5.052415296,89.343741,90.64940819,8.812924,1
603,3.445056136,4.724657838,100.442308,75.95519619,1.998493,0
558,4.061452062,9.606253257,72.535270,81.08423241,12.026279,1
747,4.964896135,5.533242645,83.534792,72.69580889,11.402580,1
814,2.554717614,5.63399084,115.695452,83.3495324,2.143501,0
404,4.472324571,10.30449756,64.301384,84.48753466,11.242847,1
458,4.303228937,5.800936396,64.914856,66.98689178,10.244723,1
869,4.8546184,5.247266021,117.893059,87.30120563,2.087245,0
372,3.902893567,4.651874108,57.430215,92.65595697,15.053203,1
1372,4.582400103,6.236665021,156.231131,79.41199986,2.395298,0
733,3.52925596,4.225828905,106.177090,73.91475538,2.096035,0
1245,2.644842667,5.181874089,154.744051,79.48323808,1.926551,0
907,2.256812262,3.764644076,127.057651,78.518032,2.176062,0
830,3.546706071,7.148550071,87.599717,72.94047495,11.573206,1
974,2.536349374,7.136606693,127.604736,83.2898236,2.200255,0
824,2.796391882,11.01876967,87.837185,83.92711364,15.227241,1
895,3.787666275,5.626424687,124.003073,81.31894986,1.948973,0
757,2.914554791,6.176453742,108.199866,79.49069645,2.151762,0
718,1.941539614,5.08995982,107.363545,78.54478089,2.039445,0
757,3.840110651,5.302254557,78.971084,80.87184397,13.736766,1
792,0.058794497,4.658259982,109.715117,80.47586803,1.798501,0
1240,2.9139988,8.407339314,155.013199,67.15693125,1.911016,0
883,5.013835839,7.307238224,92.277527,79.5165456,13.414405,1
1220,4.59598211,5.195618486,108.400751,69.46282693,9.302018,1
1493,4.069595142,4.208115049,127.867573,85.06878854,14.270702,1
789,2.816332341,6.510890091,81.100301,74.06196395,14.663651,1
921,3.070705488,6.400175931,120.804937,80.05885689,2.064899,0
513,4.831801302,10.26339011,68.732166,65.90685359,11.623549,1
642,3.587970148,12.31967894,99.395726,78.90221035,1.606602,0
1213,2.665652719,8.282259906,141.787735,82.26812458,1.935991,0
669,3.634143377,7.726236204,74.956794,69.95995322,15.377885,1
774,4.022736954,6.080549519,83.445156,66.09605554,14.438526,1
1384,0.259479674,12.14284087,124.743191,86.34632501,11.867471,1
680,4.443422796,3.555144249,103.476659,84.84049071,1.776608,0
607,2.675128766,3.393224432,77.367102,75.63319822,8.043719,1
1062,2.674156794,6.169680484,102.684764,82.10123789,14.637975,1
512,2.571315787,11.50882253,68.323096,84.6872992,9.950940,1
564,2.177585516,4.434131806,98.962221,75.03354411,1.796318,0
517,2.536671818,15.41992335,70.018560,77.7317323,10.216944,1
514,3.68056592,3.942024085,93.743012,76.13773767,1.749168,0
685,2.91712553,3.563674163,81.174251,69.71331266,11.822908,1
694,4.295270647,8.738218642,105.600909,80.32201184,1.835536,0
554,4.347261355,8.539484866,73.302992,91.280715,14.967196,1
840,2.356505326,6.091188197,121.489992,81.45910043,2.006950,0
826,3.856060415,3.271777007,115.819405,75.55440971,1.624597,0
1109,2.18836964,6.056791865,105.357295,79.16312663,12.997259,1
980,2.719205067,13.61785857,129.448827,78.7099832,1.732246,0
717,4.116892849,16.79634963,104.093401,67.75776057,1.880308,0
600,2.390273102,8.941807214,73.945791,66.01749118,7.955992,1
477,4.832218474,6.1685357,68.321326,68.75827382,8.544930,1
900,0.954732144,7.798803543,88.617038,72.52950742,14.673310,1
538,2.315226584,13.52943276,70.129094,75.99671292,7.984566,1
520,2.82945809,6.411643712,68.430809,86.52936671,8.864161,1
573,4.43628011,3.148337697,73.077207,82.43566578,8.392837,1
565,2.171273032,4.768964314,97.189308,70.34839675,1.671450,0
663,2.148662398,6.631075965,80.274827,69.39929428,10.132127,1
490,3.953292151,4.822899878,65.561940,72.71337112,9.000155,1
1111,3.037217164,2.252347895,104.888859,78.91831301,13.410386,1
1037,2.884913632,7.80950557,96.641095,71.18017115,8.050501,1
757,2.648332333,8.519482137,115.103821,77.18782145,1.781530,0
1161,2.350325944,8.389375378,137.043193,86.84754391,1.958250,0
745,3.731986565,6.296358598,83.611588,77.56750562,13.655060,1
585,4.315387897,5.965557606,70.015286,77.45819445,10.431083,1
563,2.712809742,4.957792094,93.347878,86.89224457,2.070240,0
927,3.829223605,4.018814034,92.666452,89.6639906,12.230924,1
802,2.134149722,4.327334251,109.375948,71.64515798,2.079748,0
927,4.855609548,10.45407294,89.149827,78.53051873,15.002808,1
425,5.51857725,7.410779474,63.803687,67.547163,11.302790,1
539,4.871286093,5.502177446,71.942002,80.09214062,12.736771,1
1118,2.30211117,9.866151477,136.142960,89.44191979,2.349990,0
882,4.841943075,5.604364431,123.115479,85.45473634,1.801407,0
766,2.857679335,5.013261326,81.777001,76.35866779,12.912932,1
650,3.835159004,6.485089205,73.567366,71.61250457,12.449242,1
952,3.627528646,3.046407693,93.845682,83.57650269,12.441596,1
982,2.937975199,6.808336612,123.649598,71.20984123,1.737198,0
485,4.043765268,9.580604762,69.012960,78.020053,12.092173,1
789,2.468518236,4.359644901,112.648785,79.05074841,1.669992,0
764,2.906079843,8.572967145,85.356130,81.5117588,8.376684,1
764,3.828116263,4.979883117,108.464832,79.24111987,1.900362,0
733,3.809537993,6.014952988,85.433895,75.32366607,14.388320,1
538,4.797560748,11.90973977,67.813955,74.96327666,13.329798,1
974,4.371734248,6.968695577,131.230081,83.00863202,2.038528,0
437,2.693598404,11.03760475,63.606327,77.06677319,12.869624,1
694,1.886646558,6.272835012,78.447678,71.31833993,11.318289,1
1022,5.00381614,12.41942596,103.650700,76.83310091,10.708418,1
701,3.403387381,5.08924384,109.927919,84.91222598,1.833422,0
924,3.593089227,6.93404742,95.135578,77.59134186,8.992999,1
693,2.419464025,10.60218312,103.921033,78.26520701,1.724911,0
454,4.25747998,3.846209584,90.493654,67.5155723,1.704624,0
756,4.31382047,6.395295474,105.226915,83.25728297,1.697519,0
915,4.397695058,5.189004631,89.690742,85.06969864,11.045830,1
1332,3.298115805,5.024057971,154.957166,76.39700704,2.174301,0
859,4.190342156,3.626152101,120.388874,80.25904147,1.858144,0
740,2.479111729,6.948634477,79.503535,82.22793175,10.188951,1
469,2.492024706,15.85214856,68.833731,85.43275829,14.331479,1
614,3.945035,15.12778608,76.011452,84.98506213,14.754152,1
540,4.991688464,11.87366293,73.036292,70.76423177,14.507969,1
1048,3.678395644,7.841746511,136.817469,82.88309149,1.841602,0
579,4.370279235,5.803351881,94.201730,62.44595534,2.051867,0
423,3.137060135,7.5260047,62.358370,89.4731671,8.920894,1
1419,2.22552656,5.924860069,163.803353,85.59881456,2.048213,0
568,3.251656436,2.149675628,73.248774,82.69381128,9.585914,1
711,3.382604379,10.24843903,82.194246,80.52998875,10.760562,1
868,4.239119993,6.954863897,124.434685,71.71272545,1.781929,0
582,2.763499732,6.315850925,75.165914,82.52998255,8.246272,1
825,3.945244794,7.74951966,83.451611,74.030968,9.715723,1
1087,2.696888624,8.103902697,134.207927,73.329387,1.931543,0
569,1.754732265,6.863574417,71.327085,66.83489709,14.989907,1
1111,2.663426333,7.279780022,132.929987,80.61774241,2.299594,0
692,2.645156708,9.00149285,77.048069,77.54934007,8.159791,1
734,4.148434572,5.44578528,105.877744,84.89413913,1.776074,0
1411,1.89732418,4.621009737,122.713191,77.69975668,13.661917,1
514,2.717431804,3.748461292,87.941691,81.69740439,1.643920,0
790,2.566951474,16.2075838,82.378222,82.97538132,8.430322,1
580,3.886541395,4.837389414,75.697118,80.77897846,13.798893,1
733,4.657610443,5.120763312,84.576778,80.45879394,11.074232,1
829,4.314663942,15.26907603,113.725705,77.12558746,1.686829,0
710,4.28783806,16.16594997,76.336444,71.0751473,8.568232,1
510,2.404212633,6.096555851,94.045129,80.45352443,1.681193,0
610,4.852374966,9.198146903,102.726374,84.79658287,1.679239,0
607,2.140576338,3.909025093,73.938834,82.88451583,11.656697,1
625,2.929295701,6.249962904,76.292212,74.394389,10.408511,1
739,2.318023679,8.795702115,105.088159,84.39531554,1.866089,0
688,2.480614097,4.05394163,77.924182,69.94716364,12.110338,1
687,3.263550177,5.656008949,79.357253,81.99542683,15.197908,1
728,4.908025492,5.721658361,82.621942,89.46245694,8.531198,1
1051,3.929955004,7.378554227,101.370325,71.04721044,9.498281,1
891,4.337116933,7.040176733,93.963730,69.9661937,13.501386,1
578,2.985367624,5.398372111,70.502960,75.89403725,14.990895,1
907,2.699196356,8.414517176,89.096772,78.62994756,12.515393,1
1005,2.77296052,4.956239671,132.789380,80.28620886,1.930651,0
1000,3.296396721,3.809594953,98.858462,89.73362683,14.255741,1
478,2.188234888,5.821304531,65.802502,76.71605703,10.046351,1
900,2.769750151,5.407657148,127.465407,82.23759041,1.939029,0
1321,2.914814602,5.940883396,121.894611,77.06085926,13.094772,1
771,2.113869808,4.696291048,85.825392,79.81704658,15.847845,1
586,3.197443197,5.408851172,75.599410,87.39714873,10.078231,1
603,3.0679789,5.146111046,74.436013,79.11349428,13.180080,1
1132,5.723231927,4.63426677,107.999952,86.01754931,13.445800,1
407,2.114186427,7.571500336,61.467508,75.8228886,15.012365,1
738,2.618548329,3.58868115,104.950630,76.05844783,2.055380,0
1124,4.15018301,7.192508903,109.939325,63.73238066,12.880158,1
519,3.370380378,4.930540389,67.539946,76.17854939,14.892445,1
782,2.907365599,6.073225235,83.192520,75.56563608,8.442487,1
576,5.255375966,6.575026884,72.294647,82.0509277,11.450263,1
749,3.092293685,7.155095393,79.598554,79.61966961,11.863946,1
500,1.878920577,1.769024965,69.841863,72.62152231,15.286507,1
553,3.464157273,1.44006373,72.433581,72.14714614,7.948251,1
422,2.39074303,13.46725807,62.906343,89.00070594,15.452159,1
853,3.248282014,9.107646029,122.448070,84.10858371,1.690035,0
946,3.582308804,4.839519497,124.452739,79.02561572,2.189300,0
745,2.42299622,5.324001405,81.153201,82.98863071,9.380829,1
591,4.275587253,6.919238688,71.028661,79.27177379,8.703888,1
679,4.72465165,6.548903663,100.616996,85.64341141,1.652076,0
1457,2.55762585,5.856524037,129.504227,79.27537997,12.790640,1
624,3.178165277,11.27041156,74.816389,70.71351731,11.079936,1
1478,3.082298403,4.379945821,168.030372,74.6846877,2.217531,0
819,3.348419668,10.15050873,85.507172,70.11741465,8.754801,1
1315,2.849190958,10.79314963,148.027102,72.0048926,2.126138,0
385,4.117580641,4.896443494,60.264858,84.56262697,14.248605,1
643,2.950106243,6.331463757,77.048450,87.5902284,9.206969,1
447,2.665762211,5.089776228,62.325146,75.07518541,10.642295,1
625,3.943675777,6.70051716,72.058460,83.00972222,15.401324,1
1439,1.697600297,5.528137131,169.023382,88.10363482,2.165631,0
578,2.599268356,6.076600728,69.183741,69.52496582,7.946737,1
815,3.808581098,8.060254156,83.960692,74.31107948,14.370694,1
658,3.983149165,8.592837327,78.205472,64.64207078,7.989760,1
1338,4.522409486,5.395835676,112.234399,72.44871834,14.440200,1
1079,2.52908595,4.310705168,100.546389,79.43366921,12.089075,1
904,3.828892078,5.032243342,89.434904,78.74040722,11.639162,1
1053,3.5298485,6.388112596,133.143727,88.9612588,1.868558,0
1047,3.278016238,5.464595691,98.446920,81.76660802,14.640444,1
639,3.332208403,4.759667509,77.210244,74.49775875,14.833588,1
532,4.974096966,5.40780488,92.525731,72.8979244,1.515134,0
1282,2.847578994,5.990680688,118.371905,76.88690195,13.497862,1
922,3.780386815,6.457391372,93.284395,82.18901877,12.080652,1
784,2.505125429,10.21192237,113.584255,73.77889101,2.103836,0
647,2.779780977,4.936869695,79.404315,86.53535807,10.027325,1
657,5.049493238,4.009088513,104.466040,80.97691664,1.896866,0
1397,2.130826819,9.075926875,120.252416,88.32371207,8.952874,1
1201,3.932275229,7.060805577,139.086658,68.55787469,2.120363,0
509,2.525419983,5.061823567,70.545966,87.67413436,12.253739,1
1362,2.448768203,5.8965994,122.375317,81.1942218,14.142714,1
763,3.413606879,5.477267671,85.179340,77.49180846,14.287079,1
954,2.008359962,6.44433514,98.758272,69.61977272,12.224467,1
834,4.636232357,7.276154415,91.055110,74.97670672,8.050340,1
603,2.762510491,7.383956209,100.092575,78.53926218,1.847162,0
809,3.124063763,7.651831971,86.176408,77.46747522,15.422742,1
647,3.566237437,5.668175288,76.221610,80.51572098,11.905493,1
423,2.138839417,7.343844434,62.791745,85.99948882,13.860808,1
407,3.917773542,7.234064014,81.691313,88.27009451,1.460455,0
763,4.56492203,10.11660458,110.987741,73.7140353,1.945846,0
937,3.193860212,3.37589047,125.333934,79.32599849,1.753173,0
873,1.930652081,5.00408264,125.421925,84.24783933,2.065996,0
641,3.049971716,7.860028437,72.715896,81.34841655,14.645470,1
434,4.503339597,3.792053204,63.922803,83.75041202,14.539388,1
411,1.770954485,6.126935016,87.010956,82.47034979,1.896067,0
476,3.772830846,7.755828572,64.116328,86.67289169,8.491159,1
902,2.405149252,5.65622108,126.493644,78.31605122,1.837649,0
593,0.216522351,11.59333212,70.184506,77.77032082,10.926853,1
712,4.932196365,5.228659996,77.136398,73.56982579,11.195103,1
719,2.856353679,5.379896817,106.402577,78.28769817,1.799588,0
522,4.723164559,10.4487334,68.483697,70.6638549,14.302279,1
607,4.016823859,4.402368093,76.788858,82.05730229,15.129005,1
929,2.840854626,4.423582035,93.376074,75.67486196,8.904778,1
634,3.282151457,6.976848265,76.528624,68.90956939,8.372741,1
508,1.958974904,7.991768916,65.553890,86.5120738,13.683795,1
731,3.630981326,5.809234431,83.280665,66.73531304,15.403492,1
485,4.425253976,19.13814413,69.830739,78.61929007,13.547551,1
746,4.443352308,4.335104498,82.674760,94.11005955,14.611137,1
1390,5.067161228,5.920899437,118.427525,73.94045853,9.986292,1
698,2.780045273,8.48054226,79.089926,74.15250428,10.980921,1
711,2.830868649,5.423504151,82.372469,81.66966307,7.902498,1
851,3.102660178,7.688245676,91.277737,75.8196062,14.419055,1
906,3.063356813,6.951291073,126.183041,76.90286563,1.844212,0
768,3.375701237,4.760199118,86.548557,72.33201812,8.953428,1
763,3.544261271,4.713249743,111.890290,90.19770637,2.037672,0
857,5.882264117,9.527125084,91.218658,75.048077,11.597324,1
727,2.701549916,13.10971559,81.953561,77.55509689,9.184682,1
610,2.535006913,4.56886554,98.334809,79.56755879,1.886628,0
394,5.046976309,4.780149587,59.833545,82.65763167,10.749628,1
1072,3.767533825,5.190312069,97.628013,80.45977993,14.281916,1
1120,5.416679446,11.59529146,141.275455,84.14928489,2.346877,0
899,2.825513445,5.107071503,122.855169,81.67164317,2.018694,0
632,3.778501483,6.060801557,105.564842,80.64235662,1.894780,0
498,3.566785247,6.316675481,68.976484,90.08822351,13.849251,1
735,2.235709612,11.86647044,111.645978,79.90963,2.086905,0
503,4.04077056,5.235044478,66.945028,66.29045433,8.564963,1
1089,4.099142287,5.231766466,140.594472,90.67030556,2.114764,0
1186,2.685122682,9.040009353,108.008926,76.7065796,15.569690,1
1129,3.529512111,4.295657473,101.078330,77.8435775,12.990871,1
927,2.144103275,6.684871278,126.431641,89.14518085,1.723098,0
993,3.40758752,5.8161253,96.575358,68.42423562,12.986260,1
530,4.367527619,10.87565629,68.260918,75.1646462,11.232195,1
1305,2.48856432,4.309578393,118.970801,79.29189321,15.542466,1
999,2.007870754,3.505645938,135.605776,74.53945307,2.171023,0
825,2.529120024,7.939442395,91.175593,75.48908212,13.977347,1
884,2.702526064,3.041035693,92.698679,84.62342204,15.556259,1
501,4.04926752,4.395147652,67.910326,71.56779998,15.071341,1
858,3.217945338,8.28032567,86.265212,85.56180874,10.310349,1
489,4.150486623,8.020215518,66.465656,84.09289889,9.267943,1
1311,2.775266963,0.243063297,149.512822,79.91930459,1.907549,0
1507,2.530164682,5.812855111,174.094329,83.16429683,2.220842,0
683,4.237128167,4.048295737,76.084289,85.8903875,11.868313,1
901,3.351863829,6.568107453,93.200055,76.35183254,11.707996,1
1018,3.766591974,7.731857937,100.710068,75.79777151,13.029556,1
1294,3.178243916,4.776295814,118.557210,70.73492584,11.108104,1
850,3.191947584,7.084527305,113.395514,72.06088527,1.904305,0
642,4.177962046,4.38592991,99.463068,82.54639988,1.787856,0
1090,2.579803726,5.05421045,139.209253,82.11571916,1.852853,0
689,4.332525327,5.153173513,102.699897,82.85703374,1.823949,0
700,2.477468887,8.754382335,100.903194,86.55861877,2.081787,0
823,2.940209111,5.260152298,86.932211,77.06599074,9.716335,1
674,2.066393016,5.907609977,104.267023,76.70020557,1.786189,0
777,4.202436588,4.878076047,114.099288,74.59253506,1.916557,0
941,4.121635018,6.18527893,127.212009,87.55013432,1.835406,0
681,2.851554518,5.195234126,105.874023,81.14184019,1.782188,0
736,4.351918323,4.229202787,83.428589,83.29277243,14.972175,1
535,4.41019855,3.351666524,72.733982,78.38921673,9.804914,1
459,2.96182195,4.736701213,62.704305,70.68012157,12.597807,1
689,3.074976031,13.19055226,80.546448,73.71589926,13.558632,1
716,2.426666466,5.785599142,107.002633,72.19193938,1.812189,0
1408,2.273761231,8.205051663,128.071511,74.73578764,14.264028,1
420,3.815406166,14.81218845,59.591699,79.77716916,11.887499,1
440,3.243806933,4.928423308,65.158258,77.19786966,14.726652,1
648,3.831993671,7.604355846,102.383902,77.46184521,1.746544,0
1019,4.393304674,7.817892935,94.628574,69.10288976,11.397420,1
1136,3.039868114,5.951566132,134.098990,90.32683986,2.342655,0
556,4.554597275,7.881398013,92.221875,73.97145166,1.729570,0
843,2.472388547,7.037107456,86.668287,82.3011009,13.199117,1
579,3.276845847,4.038914619,72.625512,83.57065581,15.531366,1
575,4.855135722,7.867899014,73.451588,70.97147569,13.131944,1
1172,2.312382992,1.464872594,107.410428,83.23966098,10.317766,1
729,2.884048986,5.825322967,78.459482,79.59228827,8.316245,1
862,2.858118772,6.71675193,93.077330,76.680048,15.451231,1
923,3.173454336,7.873441256,88.349105,77.2240914,11.556332,1
973,2.703983532,5.750821802,96.144459,77.14047706,10.566392,1
928,3.641853643,7.095227886,96.042464,82.52878013,10.531665,1
701,3.150529058,5.83531644,76.596541,82.35099055,10.578690,1
1078,3.67306677,5.81090004,139.511114,82.74237563,2.165761,0
945,3.062342763,4.35484684,120.749804,77.41152169,1.818056,0
775,2.456902355,5.641376738,113.226908,72.73549505,1.740670,0
607,3.0892649,4.696367549,94.782943,70.43719041,1.825241,0
1127,2.222578218,4.74907186,104.731223,85.69446646,14.839312,1
601,3.777968664,18.49665499,69.978872,87.51412949,13.111374,1
1255,2.935654837,12.98935082,117.576247,81.40796417,10.246960,1
567,2.370349449,17.41690299,73.510539,74.99262242,14.688131,1
1252,3.558960062,4.13136363,143.658177,75.12434171,1.970762,0
833,2.172689931,6.913316742,117.630989,76.11853648,1.688505,0
909,2.935110832,6.597608449,90.278250,76.93175284,8.337093,1
552,2.923119179,6.313561968,69.988640,82.02729471,8.353583,1
537,4.349171427,5.235084955,68.812488,84.39419559,10.696586,1
629,2.746125064,4.804198588,77.173246,78.27837531,9.560154,1
540,3.274324271,4.941901381,71.345342,74.73556067,13.345501,1
955,4.247869961,11.02304036,98.095829,76.12416257,14.922231,1
938,4.250349712,5.980920167,96.361489,85.93917292,9.906024,1
961,2.716683867,7.464623542,125.891175,77.87148519,1.775345,0
897,2.25898416,13.72090602,88.325762,83.99917379,9.686248,1
876,3.833886479,2.739789945,85.867506,72.45228745,11.243797,1
933,4.220923077,5.595155764,92.885961,78.58129063,13.621927,1
853,2.273245424,6.224150119,120.598608,74.83879744,1.860904,0
514,3.552158318,8.507863981,67.273350,83.85576271,9.400312,1
1125,1.909839657,2.999859857,100.923758,88.92110805,12.049946,1
710,2.513419592,8.375795193,82.593167,67.79825695,13.776766,1
1143,2.105973609,10.88780168,102.849544,74.27120816,10.480289,1
613,2.619030733,5.349194579,74.815731,80.95070752,7.987286,1
952,3.164745706,5.768850184,129.533475,75.66925579,1.839551,0
1501,2.804554851,6.669415708,129.041439,74.02988509,16.204745,1
1214,4.103528689,6.295781417,115.577422,81.55447487,16.000908,1
669,4.169441193,7.299598647,79.471378,79.51695906,14.072696,1
562,2.745295473,6.872487214,68.247273,82.66572348,11.022523,1
660,2.643980289,9.002827489,77.701121,81.90044095,12.883966,1
530,2.234768725,6.365426803,70.035151,68.45076862,13.291079,1
1024,2.381457564,5.591321728,98.103166,78.40715384,14.114621,1
492,4.362803134,7.434957135,68.429791,73.03311771,14.414346,1
833,4.108383967,8.621284301,83.524602,83.89021387,12.971120,1
932,3.206447239,8.122827738,127.169104,69.14050212,1.672039,0
729,2.538832118,0.435693215,77.281147,88.79479687,10.614410,1
463,2.147085536,8.838759873,63.436458,83.26936584,12.091217,1
861,2.419682287,4.965294882,84.734927,82.69168978,7.993466,1
807,3.518508591,8.634847186,83.553635,85.92511023,11.513163,1
514,3.024971228,9.721045537,71.111135,79.65768255,8.244803,1
638,2.493625474,6.092348857,104.945584,79.16005023,1.804374,0
584,2.215861995,3.888467017,101.416833,83.37542155,1.504375,0
529,3.615321338,3.944579237,93.980066,71.55996655,1.495837,0
676,2.47076983,5.404394968,102.073609,69.55947534,1.788112,0
1111,2.575110938,4.669751147,106.117242,87.59036699,13.241376,1
547,2.902291419,6.978964288,72.942237,93.61464965,12.415187,1
1035,2.904718282,5.525722009,99.949135,75.07642458,14.588330,1
521,3.799200976,7.82173836,91.337048,82.76342394,1.522799,0
817,5.545122669,7.236678741,84.328529,76.46075123,11.322148,1
624,2.14053252,7.808190467,72.433053,82.51208843,9.709992,1
851,2.064738169,6.55797945,116.374803,77.99980018,1.745021,0
867,2.767052496,9.885672267,88.460714,71.63463411,9.517826,1
513,2.909109298,4.471645294,66.295091,75.24099199,9.478998,1
1104,2.464127478,9.301757006,107.952939,81.58470071,14.914165,1
735,3.742038126,5.932727215,112.475623,74.75243725,1.676444,0
578,2.561981605,7.443513822,70.004379,74.83607642,8.579844,1
525,3.419548991,8.895122524,70.349294,76.65722887,14.171656,1
685,2.662890679,9.222772031,105.058276,80.94533477,2.107397,0
911,3.1666645,10.67346923,93.789234,73.19792161,8.361763,1
415,2.682871243,5.122254244,63.563711,75.08665529,15.270148,1
604,3.579547986,16.92613609,76.081471,73.88067286,13.860679,1
1092,3.661487233,13.79398591,100.695079,83.73335168,15.997136,1
693,4.276946147,4.35214492,100.235928,72.75183522,2.117860,0
819,2.581045252,5.057439187,84.983739,74.33527721,14.071011,1
1345,2.534169744,14.02773671,119.158277,78.36701347,13.662957,1
976,2.849036514,3.180079643,128.683292,73.24670198,2.140601,0
424,3.576587005,4.682466438,65.145926,74.76785078,11.975602,1
1095,3.815050199,4.09587502,136.998522,87.06035332,2.007699,0
810,2.850880684,7.335832221,114.029932,90.57904703,1.956870,0
641,0.455476711,5.587602527,96.953786,78.24603415,1.660160,0
641,2.651010348,4.933257005,101.052962,77.30958371,1.609727,0
762,4.317033213,5.081381733,84.004762,75.98534797,13.311645,1
516,2.707622023,3.663095858,71.820060,77.21402495,12.792997,1
1721,3.217139353,4.173820833,192.200155,78.5614695,2.654863,0
1042,3.96010778,5.007483451,132.119907,73.16872004,2.236671,0
553,2.806774845,4.828042052,70.217439,88.98668084,11.658822,1
945,4.757571329,8.730620092,125.590741,73.63254036,2.038228,0
912,3.73494099,7.035508064,91.455279,82.77628561,13.095354,1
777,3.874778649,7.434013201,84.508848,84.04435138,12.186475,1
537,4.78274915,7.61995189,70.924982,82.29911266,12.345797,1
998,1.990822088,6.421368343,127.358944,72.72514399,1.833622,0
368,4.472516315,13.2525469,60.961071,80.82673694,13.511006,1
1357,3.617452867,3.859839434,165.482122,73.35195868,2.108257,0
1325,2.035611271,5.528491407,154.730051,79.81905747,2.080897,0
1372,2.528542769,1.497999474,155.519579,84.16876326,2.119975,0
769,3.10027592,6.703659758,111.733614,81.91189848,2.122692,0
895,2.986898834,4.991624163,122.033433,72.21228801,1.834339,0
868,3.949073699,15.22929807,121.521062,75.24259251,1.969411,0
805,3.235801444,11.76667358,85.575816,76.28472096,9.025483,1
419,0.341657623,4.548438026,61.437744,83.43828257,12.179597,1
667,3.272841108,4.775262663,78.818869,80.03620336,7.849974,1
1030,2.729886967,6.088228768,126.235855,83.49603651,2.128767,0
824,2.738817513,5.239873505,114.625353,71.24668096,1.925149,0
585,3.259741716,4.613975777,69.720504,67.37908062,10.417229,1
1006,4.039043033,6.960573612,97.589062,85.8717777,13.269340,1
916,2.652273886,5.667860164,90.751503,73.15399302,12.228684,1
885,2.68442944,6.474552762,87.170999,70.47016477,10.218667,1
827,4.21828293,3.044068917,117.389318,74.47896267,1.684100,0
949,3.981535021,6.794896623,90.124486,73.66457152,14.864049,1
695,2.663608459,2.836063801,102.958800,65.70528402,1.683007,0
464,2.855349901,8.461228515,62.689977,75.37308945,7.949599,1
655,2.127109251,7.522182552,105.054285,72.10729502,1.647091,0
1059,1.826471293,7.888904342,139.808742,81.18117665,1.765669,0
1174,2.037427269,4.645388104,146.701949,71.05044458,1.978988,0
521,3.055578547,4.381161021,68.338128,87.98041694,9.794974,1
884,4.097101158,5.329836606,93.107207,90.35069308,12.098921,1
574,5.224194209,3.432037655,68.482961,80.64577873,8.301543,1
818,3.523966637,5.15203914,84.898016,71.77419496,10.624081,1
915,3.572521382,6.572135912,124.621159,76.6161714,1.737022,0
520,2.674079881,3.078816588,92.572117,79.33819732,1.653442,0
795,3.757100669,2.507374078,110.465588,85.06007027,2.037728,0
544,3.567845697,5.884997116,66.732315,92.48576713,13.710820,1
746,2.77729612,4.644270249,83.899928,81.24667944,15.330499,1
472,2.949093469,5.233727528,65.076277,85.05005362,10.167474,1
684,1.798212804,6.415037196,109.023535,70.72093665,1.920599,0
1001,4.235839612,7.461162699,95.213998,73.20749611,12.872060,1
955,5.523807222,8.484020694,93.542982,72.018645,8.128392,1
971,2.323724576,6.587811939,131.121151,83.80432892,1.709358,0
1006,3.346140237,6.530715286,100.311090,75.1017114,12.363578,1
471,2.530021373,3.791860559,90.207511,73.92428444,1.796084,0
635,1.828462045,12.14829594,76.293365,88.2764517,8.723388,1
461,2.193178931,7.84427683,62.891166,76.80562668,9.086586,1
1188,2.259395425,6.624838273,148.987911,74.94167511,2.218775,0
887,4.967871524,6.179469917,116.877950,77.34001309,1.827564,0
558,1.975114335,5.750793278,69.902213,81.30460438,9.592829,1
1474,3.74380813,8.641003602,165.636382,73.75119542,1.969233,0
664,3.497545436,6.583290623,74.749936,78.47084991,8.577089,1
737,3.757550644,7.732735554,82.665291,82.87045201,9.443832,1
1158,2.742802574,4.991820418,138.200158,75.88126648,2.029500,0
921,3.20586668,1.007409491,123.423628,68.18267577,2.132407,0
576,3.013128657,4.43098792,72.546239,70.23641029,13.475404,1
914,3.712221531,5.169226837,91.944610,74.77342048,13.943112,1
715,2.396995275,0.92309612,111.449448,73.89311287,1.976437,0
1560,5.20805146,14.58201236,132.448120,74.5504808,10.045720,1
891,2.68142429,6.325311979,117.290606,78.35740755,2.190191,0
491,1.410474301,5.420858721,66.767466,79.97143125,11.989620,1
875,2.515822227,8.670268651,118.416168,72.21627963,1.920280,0
552,1.920278603,6.84884516,72.823286,78.87764616,10.018795,1
468,3.855762376,9.964266104,66.843738,85.79139821,8.378680,1
891,3.260654599,10.22683533,115.930704,73.21157975,1.694603,0
492,2.329579297,8.051182288,67.680209,79.21382555,8.270588,1
513,2.973110669,5.381590582,66.109998,81.28336193,12.197244,1
541,0.054388318,7.402398001,68.000609,85.50686195,10.604049,1
1021,4.048384134,3.496964958,133.151973,81.44948511,1.857673,0
719,4.156103612,3.668869207,110.529446,75.85586071,1.776314,0
471,4.628287925,4.555319764,84.294001,84.66077966,1.605699,0
692,2.766063821,7.739269182,81.814117,76.50396162,12.576895,1
970,4.241041866,6.094632128,133.447777,80.41509596,2.277098,0
864,3.212650006,5.632807889,114.370452,82.34610483,1.851608,0
630,5.085178827,9.249341666,71.770100,81.28177937,14.828098,1
1092,2.630179623,6.135267216,98.492673,75.56324918,15.294867,1
759,2.574585387,8.617361782,83.902973,84.48087448,14.562465,1
844,2.333528737,9.889251845,85.953821,84.84793923,11.753839,1
833,2.062212742,9.541714187,119.100061,73.96929257,1.819838,0
784,3.306585451,6.099863731,113.897479,70.27972898,2.120038,0
790,2.20133824,6.533743362,84.583844,85.87837673,8.252004,1
815,4.363148619,5.698105134,120.363736,82.74985585,1.731206,0
436,3.250800602,9.370327987,63.798716,80.56409427,9.107071,1
698,3.05975835,5.809544861,75.936354,81.88776387,13.689587,1
554,2.50758616,7.578915798,71.481276,88.35589248,15.239822,1
758,2.857867904,8.174805246,84.888695,68.10422027,14.481018,1
857,4.427614157,9.328780027,90.196251,67.12151277,13.323084,1
597,4.146547142,9.55642271,101.194407,80.37073287,1.569494,0
928,5.158344295,11.55409134,129.864007,87.09226272,1.973352,0
814,2.547375009,6.651782368,109.824454,89.21446022,2.116009,0
863,2.805877414,7.268638733,116.650776,70.51679727,1.952767,0
610,4.426401008,3.664762213,74.018506,70.94269831,12.030258,1
658,4.698488649,6.048585887,79.456869,76.46455825,8.589751,1
681,2.37614726,6.007720802,99.275385,79.60145079,2.014888,0
616,2.974201747,6.406606848,74.915539,79.41130528,8.480742,1
1016,3.914921932,10.33120817,101.233088,71.52268355,15.093491,1
508,2.789566889,6.39399614,68.569012,88.49009713,11.761530,1
711,5.396527374,6.161167953,79.535029,72.2832804,8.098749,1
1024,2.404842892,6.075080351,132.766574,71.13648383,2.030104,0
1500,2.42356466,2.817359763,172.381514,66.72855972,2.253268,0
655,2.922010548,6.729562429,80.201644,78.22750796,11.132998,1
802,2.008696583,3.333116127,82.575101,83.94368246,14.750760,1
673,2.337672623,6.788030252,79.583458,77.21940781,11.742885,1
340,2.171800696,5.475809255,57.660397,80.76781508,10.656600,1
579,2.332923129,6.244257677,74.832922,80.68681095,15.385555,1
1017,4.042448892,8.35409478,99.626290,74.5194641,15.513194,1
638,4.67540519,10.84157088,78.818857,64.99126862,11.664636,1
1144,3.083325881,9.878315094,102.582270,80.83447541,15.590079,1
705,2.736895838,10.40183871,79.192828,85.64625672,11.930206,1
1547,1.99904006,9.410891381,165.821184,79.54756672,2.459043,0
624,5.652696268,8.617896731,78.606714,76.19171882,12.438306,1
1084,4.426314078,11.78550036,135.314210,79.65531607,1.837376,0
994,3.280645026,4.134595597,123.449242,80.27097026,1.937306,0
437,2.550230406,9.380275218,65.592353,76.00069697,9.944540,1
811,3.961819164,3.675065444,120.221173,82.16608041,1.962582,0
674,2.849445227,5.070584197,76.999192,82.98079391,10.079589,1
441,2.023461283,4.758943732,63.226679,84.06104672,11.121086,1
829,3.497566391,4.134081744,112.414571,72.83053648,1.798804,0
729,3.70135369,7.875519808,83.386845,85.01276838,8.369687,1
941,2.508627776,4.230503636,121.202277,72.33438818,2.070572,0
698,3.722387521,15.15492515,77.725540,83.96069734,11.352051,1
686,4.085525589,5.813183691,75.494251,88.99498839,15.408098,1
874,4.345579518,3.844593155,116.675243,86.94324687,2.119696,0
813,3.59583992,8.09852215,83.925607,75.83559344,10.263474,1
763,5.064601765,6.507874152,79.960198,78.2307334,12.815092,1
478,5.036116249,4.678092691,64.598559,77.58908781,11.133551,1
733,4.539822212,3.973995003,78.868785,79.90805305,10.716026,1
658,4.192744809,4.380607814,75.281402,84.92779521,9.353308,1
1098,4.515867786,15.8830127,136.807627,81.84310894,2.136460,0
500,3.468799053,6.788661524,70.576615,77.80355553,13.302720,1
887,4.611836549,7.189367128,90.517497,77.70291129,9.485994,1
1360,2.906589129,6.071670385,162.596259,80.20161493,2.395840,0
940,1.943300041,5.612164791,128.831082,80.15828313,2.257907,0
451,2.559194924,9.88938241,64.986614,77.16899283,11.980016,1
776,2.176461729,5.500507566,114.215121,71.5723656,1.865059,0
872,2.590705693,4.778809876,124.936258,75.89430405,2.024572,0
845,3.064610196,2.56987539,85.462760,77.45762326,13.213449,1
1087,1.753912623,5.218494845,141.513225,76.52785383,1.963110,0
804,2.378966417,4.874444984,84.641901,78.28431162,9.976623,1
621,2.415462211,3.437752616,97.119786,84.65999245,1.634851,0
716,2.790002692,6.009979554,77.527464,77.98092947,10.863219,1
1102,4.058857206,6.650135038,101.518703,75.00041433,13.192439,1
823,2.144200601,6.716027343,85.992549,75.38074025,9.909358,1
1025,2.607971024,5.284808106,101.755853,79.21547207,14.520387,1
867,3.708640218,5.771329669,114.334141,74.56357982,1.835121,0
1105,2.482384519,5.70247265,102.528834,79.00738026,15.508277,1
1015,4.439967045,5.877032855,96.232140,74.76159346,12.796308,1
806,3.899727915,5.227293447,84.923756,70.06813041,10.368041,1
562,4.635380043,6.337761521,69.276053,79.73258727,12.382425,1
950,2.727765176,4.68287306,98.328144,80.78089993,12.014269,1
767,3.242122008,5.65923326,83.352287,68.01020676,12.652124,1
955,3.884093963,7.635624769,127.657383,69.5754104,2.234527,0
675,2.406342219,5.885211794,103.022591,79.28418969,1.579328,0
516,2.659066815,5.386522828,66.927364,70.27816184,15.213300,1
461,2.648378058,7.529118475,66.053655,65.74667254,9.191479,1
583,3.518860935,7.127208221,74.314535,81.71236399,11.171261,1
1141,3.025464959,8.087952637,110.744165,82.85990654,12.259091,1
571,2.754084257,7.682410787,70.999607,69.32436919,14.877777,1
716,2.311293537,4.088745184,78.790994,81.93707027,14.553195,1
682,2.320665505,6.271036476,75.364658,89.84004837,14.099340,1
597,3.24626197,8.116670952,75.114229,73.88841091,12.534024,1
452,2.896119588,3.607926262,62.105615,87.24173025,15.219723,1
913,3.568996554,4.988649691,94.074445,86.39733685,12.304983,1
1296,2.413394753,7.131707185,113.618233,75.38814192,9.620601,1
600,3.74901786,5.060544098,93.103366,72.0036638,1.824779,0
395,2.386394543,7.870874858,61.241028,70.04841189,14.395817,1
1326,3.793347937,9.637386974,112.858991,82.89256893,10.360332,1
526,3.990624571,6.701010734,68.479956,70.4690841,9.673960,1
490,2.755826848,8.846911647,64.889774,71.36438834,10.537663,1
469,4.973382884,7.099221625,91.527418,87.10452767,1.611472,0
391,2.245112407,4.02024695,58.567164,88.85756979,13.667922,1
1041,4.211048148,5.424242712,128.154527,80.05422254,2.229423,0
1609,1.862264926,6.707680174,180.331421,83.07765272,2.140755,0
723,2.308325194,4.830131827,81.687560,88.89384338,9.361340,1
908,2.651802978,4.118199244,88.932673,75.20615648,9.873285,1
1282,3.294005698,9.661568035,112.941137,70.53369798,14.486961,1
512,2.434947278,7.150068063,69.933974,68.68333413,14.707918,1
582,2.166791082,10.65820387,99.067723,73.53096892,1.982340,0
588,2.012411883,5.725321745,75.259231,83.39370254,8.929487,1
976,2.566045485,6.808105551,94.272938,69.93343312,14.954074,1
781,2.344274817,4.926656996,83.588431,91.33839319,8.834858,1
1088,5.334267282,7.317237916,102.158576,75.44935107,15.292604,1
429,4.527979803,17.88766053,64.653232,80.07041689,11.947781,1
433,2.617300565,5.229060651,65.252719,69.26521644,9.475364,1
431,3.896771491,4.745775419,63.301910,85.57271416,15.518618,1
1273,4.581257293,5.127918353,149.662628,88.43411568,2.126026,0
572,3.73973671,6.79913136,69.648409,74.81388319,8.280405,1
781,4.010984928,6.702750711,86.018413,79.69410013,7.924743,1
690,3.075264182,6.995678949,75.349622,75.50569499,12.876793,1
612,5.605522702,6.183414903,72.305158,69.37110157,14.189656,1
858,5.517880466,5.060114713,91.466225,75.09460851,11.849952,1
969,3.89005498,5.00663281,91.496879,75.4434234,11.642286,1
770,2.203783558,7.418110391,79.575014,76.96808535,12.570666,1
1341,2.357713655,4.388354762,114.669113,86.2596882,12.598944,1
1555,3.460693227,3.69879519,172.634855,74.25281326,2.573074,0
490,2.512495716,5.377233039,69.388683,75.52754931,15.481236,1
1174,2.840441944,7.889436193,107.510570,76.69311587,11.758718,1
420,2.601225572,2.632606367,64.258835,88.06133059,7.789878,1
813,2.708750192,4.96367952,89.763153,80.39353516,15.020330,1
1001,3.602950532,5.645136069,97.321682,80.18772786,8.055220,1
868,4.866824271,5.286915632,92.429019,91.61433462,8.768336,1
629,4.226210174,7.429740548,74.226149,79.41139505,13.663407,1
973,2.183900268,5.793053328,97.031048,90.88778439,11.822300,1
1071,1.665106833,5.275993968,131.468922,74.386835,2.161637,0
1074,2.591002053,4.965818203,140.044677,93.3850613,2.243516,0
775,4.372208589,13.71680894,111.440175,78.92379732,2.035466,0
1205,5.480395049,4.131357616,110.014198,78.23057602,8.540864,1
669,2.632464158,5.584875722,107.194297,84.54283102,1.539404,0
1218,2.979144063,13.08866094,106.288471,76.91509565,9.153340,1
722,4.232462496,4.692092631,108.881285,83.08777486,1.952314,0
1030,3.215202878,7.902835964,103.879448,71.28515292,9.697426,1
1056,2.519044041,4.836009004,105.497234,87.70333424,15.310232,1
1354,4.185525066,7.900314846,118.584015,71.87683136,11.533469,1
617,3.424240851,5.363892935,75.157995,68.49690736,12.464973,1
773,4.1141844,6.779899668,87.900236,72.95086416,8.328102,1
946,5.052452791,4.1516627,130.585564,85.38520503,1.961575,0
605,5.597439431,3.332328402,76.541538,76.98849906,14.140960,1
864,3.110964793,6.211863771,92.208955,76.3079623,8.518302,1
583,3.25935284,5.614632137,74.256200,72.19193713,8.477618,1
759,3.083349066,4.748451724,86.467666,77.08935272,15.839096,1
746,3.706823129,6.637028791,82.560494,85.17544069,11.203702,1
589,3.628936801,7.893734942,75.225354,81.12553537,11.475763,1
619,4.198383602,6.034299666,97.882387,83.7509041,1.591992,0
537,2.078231856,7.797210978,70.947962,87.05714498,11.186056,1
807,4.814986749,4.214331886,81.669732,72.2616334,15.654713,1
512,4.179459979,4.532232596,66.678838,79.62521928,15.199060,1
963,4.896381226,4.716201986,126.933288,81.050113,2.256200,0
1001,3.200641336,10.75438293,96.278003,86.34580376,8.236571,1
825,4.139747259,5.237855579,110.213335,86.00304615,1.746011,0
1171,4.570798118,4.343651653,143.803166,74.1762436,2.016068,0
776,4.906901446,8.525267635,82.995143,78.05492568,13.281794,1
677,4.290598071,7.603304655,75.703225,73.56875634,11.100678,1
872,3.777016899,6.057261974,124.761265,80.07062709,2.017905,0
515,3.404753052,9.213680287,71.163031,66.8646878,10.503241,1
517,3.791252233,9.300223919,66.129078,71.00277294,8.892525,1
1099,3.779800384,6.51987949,137.364825,78.43199374,1.811069,0
918,5.971796416,13.7420114,90.633685,78.06203179,9.376573,1
678,4.576210371,9.690069938,105.398000,82.32627577,2.083192,0
854,1.793836841,4.730996386,123.256639,72.66347922,1.981424,0
550,2.51767864,6.028153195,70.935552,65.70665421,8.176488,1
1031,3.661497794,5.276286688,133.075215,84.00804917,1.881539,0
1038,4.906906985,3.352499713,136.057748,81.94939189,1.947258,0
829,3.143582066,6.317572306,115.096041,80.03995687,1.826920,0
718,3.089742934,3.991268375,81.568708,70.21891258,15.680970,1
778,2.651912985,16.94601583,114.442718,68.24970179,1.599110,0
665,4.329838337,5.806791609,80.916485,76.31103093,10.289691,1
618,2.6171404,3.379549818,103.716461,86.03827892,1.810875,0
493,2.375936163,6.254644675,66.125716,83.5580831,13.061497,1
641,2.14986696,8.429317964,79.600578,84.7041567,9.170002,1
634,3.692225303,6.478218512,72.870648,77.89704385,9.653126,1
748,3.416778638,7.847487083,79.616863,77.83801061,15.729224,1
848,3.0937024,5.80025947,121.777343,75.60038181,1.652701,0
782,0.139560158,6.569319092,81.759087,73.51537949,9.367649,1
850,5.052130044,6.559464079,91.581125,74.93848276,11.075118,1
496,2.783347659,7.016390552,64.776468,75.46093093,15.474464,1
398,4.027409071,10.78283449,61.131590,76.58546302,14.640464,1
585,1.921917373,5.592566379,71.615804,87.18899473,10.789966,1
736,5.203135629,6.173372897,83.689041,78.94249717,10.264192,1
831,2.988565621,6.427038232,83.838012,75.77182009,11.412539,1
516,2.086523751,4.560966018,70.507393,82.59214221,11.405857,1
398,3.954795199,7.845874012,61.897879,76.46957583,13.512943,1
710,3.300651832,3.996049611,83.681099,79.00260748,10.157812,1
818,4.407817605,9.985428558,86.417566,75.18762608,14.544946,1
474,3.772007405,4.994080244,63.177528,82.02812737,11.886487,1
1270,3.860422121,14.08179727,117.017016,82.89034868,15.502503,1
627,2.615780979,5.32593631,96.150153,78.00535487,1.620367,0
781,3.887231418,7.058079885,112.067581,75.62591915,2.110033,0
1024,2.96589846,5.425383266,101.361109,84.19148307,8.215680,1
351,3.863922586,6.392786638,58.977979,71.36323417,9.076105,1
684,5.002218257,9.203133041,101.081462,71.5892405,1.955928,0
451,4.165669711,8.219174415,65.537039,78.98487483,13.511259,1
731,3.736667724,5.555610745,104.628790,74.57231998,1.801467,0
996,2.320443428,3.176749906,100.813924,77.66912601,14.612797,1
543,4.490402885,6.134859434,72.738365,85.59600123,9.879206,1
560,4.075894306,8.533398598,93.308780,72.55116228,1.903568,0
744,2.93398635,3.685772002,78.622844,76.54224112,9.505588,1
426,2.163455189,4.687188892,61.903129,82.11893507,10.604866,1
817,3.12538079,1.793079673,110.889087,82.8794629,2.042054,0
1161,3.624926255,4.030151641,112.261756,83.68945002,13.830002,1
511,3.018230519,6.82899697,68.108430,68.86554709,9.958959,1
809,3.521577542,12.6012095,120.402709,90.51870476,1.776595,0
833,2.168215301,10.16360856,91.422482,79.42518405,12.681655,1
540,1.824257125,7.0340178,72.802768,75.91593113,8.220010,1
888,2.356320881,6.772133104,120.439375,78.69276025,2.169688,0
726,4.493821926,7.875030292,103.994157,72.16153202,2.086358,0
612,2.641983094,4.999947057,100.085893,81.35457455,1.604274,0
729,2.700325195,5.233818237,103.749514,87.59923507,2.145629,0
1082,3.746413459,3.99860963,141.636012,84.92911715,2.111215,0
1386,2.57541003,5.920830758,118.398476,74.66183155,10.325919,1
939,3.336243209,4.884108815,119.571812,77.25074293,1.800073,0
517,4.274212215,5.646457949,69.778732,90.67486389,11.214064,1
844,5.245473021,6.992974693,92.497986,68.59305751,9.216990,1
616,2.711126742,9.582905632,75.421144,69.45135593,9.477081,1
882,4.797665089,6.648554967,93.765305,76.36930837,15.869810,1
676,4.087482506,6.509963116,74.692848,74.83642065,14.370590,1
1435,3.738100274,6.52792512,121.905929,76.42844541,8.464134,1
591,4.123910554,6.53552182,72.322276,81.2149019,15.279882,1
1298,2.101732243,6.195720241,120.666656,78.96798987,11.975479,1
915,4.913178406,10.16045696,96.993173,69.14573376,13.995312,1
609,2.448206773,8.014532692,99.794091,77.62004307,1.835806,0
734,3.900957357,4.386742393,110.128386,86.32481773,2.097609,0
630,1.964382174,6.492316581,72.039600,72.18522645,9.359531,1
851,2.190654535,15.02987013,112.512302,84.0168791,1.877823,0
549,3.717857011,7.489871234,72.127729,86.70829446,13.090109,1
1066,2.856419276,7.38454259,136.504182,81.86626248,1.853351,0
1006,3.439367843,4.931973862,136.203485,74.74697529,1.931450,0
603,5.271716469,4.82257706,73.559374,86.65875605,9.792426,1
718,2.430312895,3.945210174,111.104733,77.17248087,2.089964,0
404,2.938766644,4.706743717,59.163459,87.81515855,12.926145,1
405,1.882338641,3.357445631,80.784861,86.67710999,1.705872,0
675,3.054631474,6.406467321,77.384105,77.17510721,13.867100,1
563,3.268014509,5.105828605,68.980152,64.71244541,15.150714,1
842,3.235276462,11.99883921,118.204314,79.23858009,2.111576,0
452,3.069225608,13.78256904,61.458619,78.845675,9.353155,1
412,2.788982005,8.779226841,64.130013,91.37323038,13.454195,1
821,4.116173215,7.711958608,114.032866,83.39388798,1.702290,0
845,3.298943419,10.55512293,88.756708,89.31189416,11.189944,1
765,4.64910176,5.925780626,80.705500,77.35225588,11.133460,1
426,4.075708027,3.017942262,66.105242,72.51437024,14.964099,1
492,2.032678291,5.735706781,68.737089,71.25737373,9.301165,1
1652,3.016899915,9.636331552,190.404194,84.65410826,2.567593,0
669,3.831772007,10.1503747,76.754499,72.2660161,15.560425,1
764,2.288098274,5.981520426,114.032037,89.3739444,1.869777,0
1224,2.394939445,8.134699191,148.115280,75.17004757,2.251189,0
870,3.491057811,5.493054309,118.438805,82.50014499,1.663691,0
807,3.616399138,12.44900553,82.871670,73.69827306,8.376238,1
529,2.649683145,6.768928152,71.357765,76.15710383,13.571573,1
634,1.284709576,8.536923176,76.040974,71.18621862,9.096668,1
701,2.381451635,7.290937568,78.374498,73.49531141,10.902277,1
529,3.697768863,6.32935486,71.702932,74.77298086,10.979070,1
715,0.372377075,4.459142579,83.655449,87.0064698,12.579564,1
632,4.448659226,7.130086302,73.596824,84.01089448,13.760026,1
724,2.330137995,6.670744746,102.864339,72.14840187,2.132848,0
760,4.908027752,2.594569545,112.216894,118.371957,1.962853,0
617,2.331844707,6.262199459,76.152060,70.04102453,9.633236,1
968,2.365411386,7.297036926,91.672520,77.30397193,9.852548,1
946,3.849383377,6.707001242,129.295817,79.40818217,1.719187,0
1033,2.585190736,8.143690381,99.551295,76.35886782,10.119639,1
477,4.029123773,7.699562126,67.211872,70.28504534,13.653043,1
602,1.992411472,14.50001214,72.100640,79.54604686,9.460881,1
637,3.00939052,4.910445492,72.709142,73.78591927,15.323464,1
615,2.152158659,4.718995629,99.631165,71.43860084,1.857023,0
687,4.36169897,15.60772454,79.551110,74.29797963,14.287948,1
513,2.18360262,7.841675983,66.914207,72.4902028,7.992150,1
585,4.392293849,10.20220931,71.326654,77.24113616,14.293540,1
628,5.152052829,3.772988786,101.685237,73.38171517,1.595821,0
1187,0.407292829,2.650923641,146.801932,76.75325979,2.297677,0
518,2.281100795,9.465194094,94.358225,77.15055697,1.848369,0
855,2.13431829,3.553043548,121.212361,85.38969491,2.104263,0
590,3.654488533,6.650566706,92.818918,75.24973832,1.766954,0
848,3.038622644,6.130229804,118.553383,81.44126214,2.058451,0
687,3.194926199,6.362189797,76.964430,71.68772704,10.557539,1
792,4.965157046,1.508758835,114.804480,76.13780248,1.853935,0
926,2.163040522,11.17514906,92.550186,79.58223006,8.883537,1
1103,5.60053683,7.3210788,98.879917,68.25202696,12.643270,1
671,2.984718328,9.742541713,80.045036,91.97966503,12.232462,1
1014,3.202111702,4.355881325,93.525235,75.05110775,11.614977,1
833,3.735580053,4.628942595,86.503856,76.94114681,7.986236,1
744,3.937448789,12.47226822,111.560591,67.76061654,1.632584,0
584,2.716873725,7.157043004,69.474518,79.8558815,12.819891,1
1322,3.090489299,4.920801774,114.689306,91.10629563,10.438878,1
471,2.622963109,5.963053136,67.118506,68.01259365,10.946707,1
627,2.533059051,7.275545971,75.791504,82.72365193,12.928020,1
776,3.568687976,3.690567839,110.770715,86.9219629,2.093305,0
591,5.123725563,4.993604166,94.316968,75.03778121,1.527702,0
1062,2.78798235,7.103312377,99.492018,73.44167533,13.159466,1
1156,2.093973012,8.863949036,146.817205,70.92317673,1.814902,0
790,2.266310939,5.481657841,111.153596,80.55661433,2.054136,0
512,3.251102631,18.42002522,65.130513,78.25710811,14.307232,1
1062,3.79874392,2.663366722,104.750565,71.58781812,12.990817,1
768,1.741204762,6.508533819,113.226932,83.58024294,1.902052,0
695,4.384690731,8.506514804,78.695099,66.3693688,11.135842,1
425,3.722782908,9.829122756,65.737740,65.93598334,10.332701,1
486,3.954290507,5.81423349,93.141802,70.01320382,1.965168,0
508,2.109659011,7.528297277,90.052925,89.34287776,1.749830,0
1129,3.229653204,5.5276345,105.063964,86.14147192,9.882480,1
568,2.440999384,4.735633766,92.770723,88.02947505,1.793340,0
789,4.71286967,7.09600379,86.270061,70.85719042,11.130687,1
791,3.562198165,3.819258339,116.667423,79.67525282,1.635699,0
889,2.880662755,5.744566558,116.867251,79.52855992,2.088276,0
1344,5.180204322,8.004769533,112.401797,83.01615124,10.728654,1
1138,2.807651347,4.902629375,106.552625,67.38245729,15.455714,1
762,2.544236706,3.989899377,112.822069,84.90549454,1.625902,0
558,2.381107437,4.233087183,97.204000,88.02715829,1.996500,0
1341,4.471986942,6.07406788,116.891487,76.71698396,9.193096,1
824,2.565707989,4.750092985,115.381892,79.86608316,2.184071,0
804,2.353929175,5.369157409,83.037816,76.96510622,11.518598,1
797,3.240178716,5.085261229,81.920456,70.9219614,9.719190,1
542,4.169666891,12.58086382,70.190216,75.75113424,13.039080,1
574,4.398696088,10.30365149,73.902198,80.99024935,14.549899,1
520,2.71400111,9.371675508,71.770208,79.93739916,13.512563,1
870,3.771676772,12.67257518,86.779000,71.38423703,10.271862,1
1270,1.799472476,4.831700818,115.777877,80.63820635,10.699297,1
963,4.145671201,5.817049299,93.995343,79.10683493,10.824117,1
778,2.076533907,7.363718069,84.574402,76.83837519,7.982877,1
745,2.990190318,6.767368214,85.949110,75.89912834,10.130932,1
543,3.999575704,6.417665623,91.636220,69.33838755,1.662850,0
452,2.171204058,4.764481274,62.721545,84.33770972,12.125330,1
658,2.915159419,6.257972546,79.628841,77.63086194,12.981800,1
377,1.869705631,5.149686432,60.029965,77.53132685,9.028667,1
894,3.480883161,15.32520854,94.849583,86.27077766,14.516296,1
799,2.30595153,4.954390287,82.305516,73.20894991,14.001701,1
846,1.150448282,12.51195093,87.503170,72.22779664,12.886290,1
669,4.75222225,4.908258592,75.442891,80.04572379,12.177701,1
373,2.367016855,3.693870405,59.527081,75.52155964,14.168919,1
1220,2.526967715,8.805734475,110.286193,84.31390419,8.931403,1
764,3.116538401,10.38237757,82.284503,66.24141586,13.874835,1
822,3.287275737,11.76771618,84.329073,71.77557076,8.281608,1
1009,3.923805435,4.497180772,93.557101,86.74686461,11.217961,1
460,5.368951508,9.434973342,66.386439,85.31633246,12.890762,1
537,3.836000887,5.423527702,72.312404,72.60915805,10.575061,1
717,2.67742758,5.741566126,77.790283,77.50317762,15.567154,1
1087,4.136393639,6.500446388,100.236162,88.06408275,14.440891,1
875,3.518446562,5.320534257,122.284195,73.11730927,1.649341,0
984,4.914107218,7.82303465,100.421866,65.73771748,8.150741,1
922,2.546964054,5.23065677,97.235337,75.80536452,12.963133,1
1404,5.527351145,8.37318253,122.568337,77.73394062,11.045144,1
980,2.239461616,8.512949297,127.957870,74.57708563,1.881363,0
754,3.748470368,3.674858992,82.939968,67.58064459,13.022525,1
1052,3.280147641,5.345175332,136.246752,74.00578555,1.849526,0
414,3.441587167,11.12641283,60.319224,68.16172228,15.299386,1
729,3.594002484,8.614913531,80.150426,75.48393325,12.803844,1
565,5.417785546,8.579668673,72.654853,74.31602721,14.319368,1
1089,2.997760567,9.777195734,135.713607,72.29080691,2.174528,0
508,3.375347102,6.937830928,68.073336,79.390638,9.180081,1
763,4.260129132,5.229988182,83.896329,77.26364444,11.215503,1
495,2.487784062,6.489082498,69.584976,68.15731882,11.759512,1
456,4.399948877,4.916964435,88.390983,86.68444742,1.734369,0
626,3.795678463,6.590047446,78.538334,75.85196672,10.844440,1
1178,4.249298819,3.439974816,147.114155,84.89776267,2.334780,0
849,1.97673001,4.24910337,86.396539,80.69389995,9.173976,1
892,3.198198238,7.308858704,90.043153,78.34818997,14.931865,1
999,2.875016114,6.107933142,93.241538,81.22980216,15.950691,1
724,2.30090377,16.35762887,108.711700,77.32968223,1.615519,0
1174,2.524293516,3.838984205,148.141700,78.35082143,2.054931,0
539,4.763426256,5.61902153,69.073881,85.78634164,12.009691,1
790,3.744143307,5.319508844,111.355944,77.47630992,1.705296,0
551,1.788953112,7.612074416,72.012909,89.79301861,8.496999,1
870,2.226860567,6.27386602,87.980123,80.39176884,10.239448,1
537,2.221440509,5.334903726,69.225899,85.71059398,14.595381,1
437,3.454288778,5.763059063,88.423909,76.55549808,1.806103,0
722,3.775291779,2.813665785,111.933806,83.61454428,2.022096,0
583,3.290683974,5.312124116,71.356869,80.12772224,9.772381,1
745,3.964130144,7.649833999,85.951641,67.83020451,11.510798,1
539,4.26805358,6.947899645,67.899120,83.1178046,12.052181,1
568,3.889476436,12.2276052,72.278881,77.00868988,7.937557,1
1434,3.886260581,5.016611072,127.919988,68.7899947,11.238905,1
1380,4.646637883,6.949241528,153.183370,76.75837977,1.890493,0
710,2.103274563,7.914873331,80.819265,84.47628754,10.440004,1
1278,2.619162236,14.72589986,147.577955,85.45396764,1.928002,0
734,3.180743922,3.418079977,105.119251,80.51929178,2.018726,0
543,5.243984949,8.415203275,66.805172,75.88605653,12.337181,1
466,3.239127568,6.136681703,64.454158,82.99428541,9.518711,1
572,3.096287677,4.166727076,97.469644,87.97405975,1.539882,0
1313,2.405597891,6.145576474,150.088047,72.19888684,2.374820,0
612,4.599077846,9.789928672,102.208562,81.47261003,2.026199,0
622,4.189654712,6.390303756,76.747411,82.18918541,8.803841,1
535,2.144110698,5.264463962,93.019623,82.38843992,2.041170,0
583,4.117999412,9.345208195,73.524678,68.6618319,12.470802,1
702,4.169175633,0.673270741,101.712282,74.0814541,1.803973,0
822,3.042920509,5.451991819,83.683449,77.51133915,13.182597,1
517,2.350179336,7.401683881,71.607963,83.51496809,8.385250,1
737,2.245947205,6.705297456,78.844737,72.86167101,8.435786,1
451,2.607890142,10.48333267,62.874849,77.337311,9.601262,1
599,2.593060232,3.681300405,72.879564,73.95004089,13.142505,1
815,2.072035977,7.648950397,85.504387,68.82949121,14.399903,1
605,5.23891699,13.65354031,76.218410,80.66162275,8.886503,1
1034,2.262998449,8.597487513,135.451525,77.36354382,2.121120,0
563,3.779414757,5.172752113,74.437459,82.82268386,8.814872,1
1014,2.58294141,5.799565729,128.228438,81.70782867,1.858022,0
551,3.571010198,5.439533996,72.878783,85.29493963,10.196993,1
1009,4.501931103,5.125633367,94.620117,78.66961107,9.599568,1
663,4.500924575,5.715177306,76.989608,81.00853161,10.074947,1
431,2.650229574,4.261265078,62.023998,74.99651136,13.653383,1
383,2.307080884,12.14488152,57.870749,80.67985844,13.316865,1
922,2.363743027,7.736727935,88.499915,78.21413898,13.299381,1
591,2.527860455,7.874181321,71.502302,85.63302893,14.526758,1
633,3.991945315,4.930219436,75.855887,74.59865548,8.214927,1
829,4.273422938,3.574530076,117.189696,71.44651844,1.726075,0
1021,2.433367017,5.740599926,129.223354,76.34819413,2.144220,0
417,2.388532522,3.731776085,60.227960,79.14673295,15.057777,1
461,4.380925508,5.979608225,63.605845,88.10394061,11.883162,1
1560,3.325860555,9.350036132,126.152167,84.04346822,10.760554,1
520,4.404900226,6.023335797,68.159326,75.28339693,8.191802,1
696,4.259436817,6.750015813,81.745527,85.91164791,9.825470,1
912,4.170407112,5.224820253,93.760286,73.13462855,8.926218,1
846,3.972403593,4.89488608,122.933087,87.76798347,2.152055,0
1096,4.292114681,10.53526093,141.718443,81.32337255,1.776200,0
738,4.128577616,3.616545543,113.303812,72.56549037,1.754230,0
550,2.173608652,14.3261645,72.911948,81.80063695,10.295793,1
602,2.558182588,6.737974964,73.610637,78.76451945,13.940650,1
993,3.45003603,6.797610121,128.314410,83.83126816,1.847319,0
586,1.817442029,5.074035756,72.623975,72.24857955,15.751568,1
465,2.249684981,9.958432294,68.579698,69.55578334,10.580723,1
548,2.322373042,10.25229504,71.999035,74.34746193,12.123796,1
538,3.056883905,4.530015713,91.873923,79.72594498,1.642547,0
512,4.765432469,4.946276184,70.575368,66.87629571,11.833283,1
648,2.411552207,0.298398639,100.534218,70.23487402,1.740580,0
1659,3.00320905,8.333367718,174.321198,86.91104065,2.366806,0
740,2.510412329,6.298451599,81.057354,74.11533126,14.820561,1
904,3.706641622,4.767627497,120.377774,81.48719103,1.687341,0
698,2.766080214,8.173538762,82.173738,73.17573035,13.617198,1
874,2.797737658,13.54512876,116.898086,89.49429901,1.691105,0
881,2.803174991,9.877853285,119.687312,71.34306116,1.785643,0
906,3.91928891,7.519065243,121.492852,88.8695065,2.204854,0
462,4.010325711,5.705151182,67.863058,72.43465789,11.499973,1
963,1.999209762,5.830339846,94.099718,87.81503455,9.585966,1
730,3.09515358,3.965525116,78.039160,80.66908516,11.132121,1
567,3.217726789,7.215950791,68.858064,74.729881,15.365372,1
1078,1.874045096,4.59478408,138.048195,84.81158708,2.106309,0
1239,3.015975213,6.163050179,143.054291,71.35010233,1.893157,0
895,2.666639383,6.758215267,126.022781,79.00069536,2.066375,0
1036,3.55914644,2.42855584,129.688911,76.96913782,1.801684,0
721,4.306285554,5.835924076,80.327748,84.21689781,9.048730,1
1341,5.225529532,5.890407158,123.236120,74.86780318,15.469825,1
633,2.602295283,6.211308713,75.831685,83.8523319,7.863064,1
620,2.831965758,5.941632479,72.378040,67.12815388,15.680997,1
1367,2.375259932,3.814969613,115.221931,72.92516551,15.976480,1
906,2.243106087,11.51297237,118.022361,84.03250332,2.014665,0
569,2.20487992,4.102654441,74.340784,76.46844438,8.369716,1
981,2.652635817,5.403741804,131.086061,78.01787413,1.732303,0
748,2.240767064,8.842954944,78.516288,73.96245677,9.806440,1
544,2.835300054,4.936852212,91.132985,76.82470527,1.780850,0
942,5.286243906,12.53543618,93.962030,72.75714822,12.951295,1
676,5.396583109,5.527417778,76.814719,73.00003562,15.437870,1
1069,2.369648268,10.00598888,129.514708,85.39971324,2.089277,0
467,4.294448535,9.305484995,87.767223,72.75369132,1.822040,0
1066,2.005134283,3.505604768,131.173065,79.01967029,2.045094,0
621,3.763585701,2.190610155,101.982325,75.71165007,1.893040,0
1297,1.650601481,3.442698113,151.073626,72.3863118,2.394905,0
805,3.49949786,5.743040716,87.027546,78.09143507,14.457310,1
902,2.849484096,4.187290109,123.696347,76.44574281,1.768826,0
1076,2.323053603,6.168288777,130.320856,86.31617632,2.290697,0
758,4.382250573,5.821423152,83.719902,77.64450003,12.949320,1
781,4.584106817,6.711678597,81.503265,79.8450681,10.447476,1
969,2.576438707,8.163974432,98.430393,81.03796013,10.740363,1
441,1.965482453,7.201546467,63.407529,70.67144313,13.349810,1
1413,3.597927386,6.420913374,119.653174,65.30966577,15.868248,1
446,2.320950576,3.988351098,61.227275,81.69641799,9.498020,1
544,2.383515588,5.768160766,71.981249,84.19181804,9.442941,1
573,4.542159741,15.45976975,93.300975,93.593814,1.688239,0
664,3.467828859,8.72326304,75.387381,74.95727969,10.804623,1
846,3.09166162,6.333016964,90.621300,84.9565176,15.200658,1
844,2.121480214,4.123632476,85.322461,79.47548977,12.576212,1
943,3.25327909,9.294902708,120.923881,81.73574141,1.784967,0
866,2.935301644,8.191337863,117.737761,91.78539977,1.834170,0
817,4.064432726,5.51978122,86.615024,80.66004973,9.141761,1
625,2.13437551,4.507260959,72.685570,79.60290914,8.684015,1
749,5.613070881,6.063663135,84.477804,82.41538308,10.768971,1
1292,4.712807801,17.32485569,118.395402,82.22389299,9.976342,1
594,3.764778484,5.611219729,75.289760,81.01105414,15.153457,1
580,3.363357743,5.867913466,72.942660,73.96777089,12.586865,1
885,2.9356719,5.9791638,118.975826,75.32103706,1.846073,0
850,2.975567792,5.63340734,112.761874,83.91598743,1.949363,0
696,5.115436256,11.96971897,78.595278,82.65265028,11.501930,1
866,3.952925056,5.595442475,118.615333,86.84705239,1.703860,0
1369,2.089052683,4.985153102,120.778534,88.09935311,9.706014,1
696,3.474530509,9.910021861,78.938298,72.35651772,15.198893,1
610,4.715384525,6.249072597,72.610967,66.70133769,13.003666,1
386,2.668279493,8.18133332,61.878844,84.49598923,10.222337,1
569,3.467429734,6.616013757,69.688438,68.94226881,7.984025,1
601,3.300660943,3.7577797,94.003540,75.09201878,2.051169,0
630,2.479749864,8.718685155,78.768461,67.47494574,10.138023,1
654,4.430796996,5.997907651,77.006292,67.14573182,11.214618,1
568,2.492107134,5.683163028,91.330800,73.51646184,1.912648,0
781,5.232077839,7.463928041,87.644087,85.57379426,11.055019,1
903,4.777582301,6.323488012,94.980599,84.31411629,11.200267,1
754,2.73572942,7.382430244,111.489990,82.14888766,2.175620,0
607,3.916579824,6.517854231,71.484114,87.68046518,11.026523,1
779,3.194905872,6.288147881,85.111448,77.84806415,13.134866,1
569,4.63769974,4.458156197,95.335716,77.30948959,1.975520,0
501,2.99477498,4.47831813,91.662457,63.97067607,1.794220,0
739,3.812284517,2.763979925,79.167596,82.36310653,13.022525,1
877,2.986160306,6.472392503,94.166953,73.06476508,11.212166,1
1097,3.263316653,5.729700412,101.565381,67.06606773,10.455376,1
824,4.187201242,5.254093529,88.602030,72.63169887,15.676483,1
946,2.926942837,5.443684958,128.031935,69.75257127,2.013995,0
785,2.1488505,7.025902979,111.544055,71.23022408,2.100427,0
998,4.051023412,9.726107352,132.249289,85.92421528,2.164204,0
898,4.667148157,4.458939022,123.559541,86.0705564,2.192664,0
856,2.989897257,6.833574717,88.835067,77.30637005,13.217442,1
511,2.350819276,5.813734286,65.147874,84.61764446,12.465696,1
498,2.441165477,2.306356279,69.058941,80.50111556,9.703569,1
1324,2.500292992,5.053602382,161.694091,82.32345319,2.170310,0
624,3.489767286,5.820477108,72.166987,84.81073254,11.603001,1
1002,4.145073286,5.650363085,93.085838,80.97349312,12.009339,1
914,3.598302747,5.890436417,92.683597,78.1722783,15.354740,1
583,2.8218532,10.76800452,75.902639,69.70850745,13.291076,1
643,4.244691993,5.760913163,78.893945,77.65846018,15.506342,1
610,3.950713253,6.62504665,102.597089,73.14524332,2.085327,0
999,2.065525026,5.060736186,124.171569,85.54125588,1.981288,0
795,2.591565389,7.209411692,114.232135,79.10154193,1.751569,0
885,4.566875204,7.814279848,119.299356,85.8140434,1.741572,0
1245,4.016101394,9.099826046,112.694730,75.54148576,13.023778,1
568,2.769323988,1.236891483,94.416993,78.80460122,1.835742,0
1312,5.873967594,6.752522935,115.755997,74.9672983,9.501465,1
470,3.808122589,5.136340315,66.151842,83.58521395,12.266923,1
884,0.052322313,13.12387967,123.522691,82.9720083,1.890523,0
959,2.662612619,11.53949779,130.423962,75.07163649,2.120909,0
915,5.080410864,5.748185734,117.524572,81.81915389,1.678886,0
1420,3.882928917,7.670449458,168.854749,72.53917956,2.367350,0
630,4.533710121,6.65016522,76.503641,78.53737536,8.971401,1
632,3.107341355,7.482435341,74.382157,72.41220179,8.843786,1
752,2.79882256,6.530332002,82.723258,72.24112205,8.207899,1
536,4.260732165,6.735847694,72.913396,77.12493322,7.994873,1
631,3.769286438,14.76667359,74.188419,82.74473839,11.591085,1
1109,2.341332971,2.147131714,139.058030,74.09874476,2.010911,0
1496,3.524448886,5.876163256,174.562934,80.86222823,2.241440,0
1359,4.791229804,6.02839769,115.494094,72.54401843,9.419035,1
549,2.042825878,8.778662744,71.011379,70.69291451,11.986156,1
549,2.962888954,7.869309836,73.649485,70.8272095,15.719876,1
768,1.232272007,6.382916839,84.093281,73.77737718,12.314805,1
464,4.467241188,4.227091051,62.430499,87.63807455,14.906052,1
618,2.223128461,4.134131047,100.150205,77.32843717,1.772907,0
874,2.05968515,6.102168059,91.793429,81.91752232,11.788678,1
787,3.471944779,6.329290998,85.220477,74.07673867,11.792774,1
680,2.12809808,6.039387804,80.203559,72.50662153,8.684315,1
452,2.32352549,4.720204162,67.398330,85.54000576,11.256297,1
1132,3.81696485,10.43413339,102.895806,80.10629519,15.667125,1
812,2.451346107,8.594091041,89.137487,77.17774042,10.849002,1
810,2.900290202,7.383993681,85.207963,71.67776763,12.365804,1
1011,2.656284618,6.94318237,100.447920,68.07084978,9.951406,1
1394,4.622847781,5.369247211,162.122657,80.80548383,2.493749,0
729,5.090183513,15.03390592,84.617464,76.33965709,10.971655,1
779,3.514625009,6.938582853,82.628324,76.61238009,8.922543,1
624,5.434597956,5.174174834,103.328996,72.2180813,1.527599,0
639,2.233296461,6.824969028,97.581551,85.37685876,2.084452,0
530,2.012522097,4.955656059,68.516189,85.41738601,9.439238,1
633,2.370822934,4.928172203,78.277526,72.53322074,15.811523,1
1345,2.236105515,7.960688105,153.153074,83.02048569,1.982227,0
1214,3.075420417,5.271296704,105.576283,89.65303469,8.883072,1
573,2.152994489,9.425374202,68.724219,86.23636466,8.453061,1
563,3.471198337,9.926989879,71.337038,67.19086284,13.532707,1
506,3.067427175,4.853215603,70.182834,71.45085233,14.917699,1
1125,5.070414208,6.529312603,104.500785,81.80374737,10.783148,1
668,4.090396756,7.945224672,102.205020,84.53705063,1.656106,0
667,2.28977818,8.126477336,80.411535,81.71476828,8.065745,1
560,3.03219791,5.319837063,93.893124,85.81085021,1.874922,0
523,4.988532604,6.35140451,65.559692,88.33146414,12.431649,1
865,3.636378388,7.520049993,85.138667,73.90906028,15.425695,1
798,5.152824447,4.91623172,84.300775,75.32885478,9.657005,1
701,3.398926799,5.957214017,101.099073,75.17982238,1.706551,0
463,4.367159631,6.629554308,65.987539,69.96444197,9.498547,1
1148,4.803704531,7.179431299,111.356304,88.45221713,12.757027,1
1257,2.839851544,6.337838161,148.968641,73.68726776,2.147900,0
683,2.821898976,4.058320554,106.086253,75.64866561,1.644618,0
1206,2.612000056,7.525254613,114.956969,73.08399657,10.629079,1
768,2.814776283,6.101727159,83.758833,82.37872121,14.379379,1
615,3.439791686,8.395797888,77.836392,73.20862223,12.280592,1
631,2.135116488,4.959137684,101.382158,88.5118311,1.888065,0
455,2.881245474,4.396173805,66.519655,78.84243542,10.483810,1
818,2.851041777,6.522014704,90.496722,85.68208312,9.540154,1
1066,2.75297475,7.48733717,128.927427,73.91410451,1.752580,0
461,3.155259207,7.274255813,62.018098,68.5361424,10.398424,1
1246,4.813344316,6.873723365,117.748047,71.99440856,10.137759,1
760,2.181070698,3.357332272,114.912405,80.56148547,2.041249,0
735,2.82600639,8.100851139,77.999578,85.38243828,15.114506,1
896,4.535528106,4.032042235,118.346030,84.63164375,1.778285,0
1201,1.952887384,5.530103493,144.245808,71.17204146,2.117660,0
627,4.093928574,6.238575028,73.030676,86.11373144,8.232563,1
839,2.567285775,5.590927254,86.827172,74.73005157,12.167332,1
754,3.414154364,5.975784622,105.697225,86.96826268,1.704089,0
524,3.223531922,8.185101829,72.045010,68.35636908,12.841886,1
583,2.616892445,3.788787607,72.772150,71.00004546,8.010537,1
466,3.936469088,4.922853889,67.560009,88.96907372,12.286956,1
892,4.405261806,10.17547666,88.895587,71.36058468,10.033473,1
649,3.028174174,10.62522378,77.829305,79.54271607,15.785678,1
1279,2.189458579,7.161760558,152.309769,83.67574643,2.332311,0
1090,4.729924926,5.309892117,106.206022,69.8384882,8.066244,1
872,3.403323008,12.99733571,87.293385,77.11347905,8.359079,1
1678,4.229457044,8.246837622,175.444644,86.4598657,2.139868,0
702,4.964932391,6.605684692,103.589959,71.69536072,1.792064,0
1116,0.01866281,8.583007302,104.674283,81.69269373,14.904965,1
797,2.673781098,3.340920775,87.481402,84.1880402,15.714873,1
428,2.467040508,6.29582351,87.884277,75.04944018,2.011530,0
498,5.18692331,2.256511115,64.202448,68.73934925,9.595636,1
654,2.242218502,10.54892277,75.416575,74.74801471,14.291828,1
767,4.596903025,7.496561998,107.641201,80.26551481,2.026531,0
1877,5.209185676,8.082652167,209.958182,86.51399947,2.646195,0
936,2.513968392,6.617980142,93.285698,81.41390825,11.006665,1
766,4.573954754,5.78106048,83.754737,84.95570458,12.144138,1
844,2.581828861,3.649691748,89.852402,86.74517909,14.320152,1
1346,5.269142092,3.963900112,157.126735,84.1078498,2.125108,0
479,3.993696338,7.164369383,66.781849,77.14852778,15.014693,1
492,3.120049383,5.909157496,86.081154,72.04586535,1.836416,0
846,3.158402775,8.579340805,84.083681,75.14810516,11.719953,1
795,4.645229887,7.290545376,109.932565,81.90119449,1.957908,0
1361,3.245959495,9.446254963,115.354212,77.93436472,10.511043,1
898,2.613173794,5.44207085,90.505651,84.18989742,11.965598,1
828,2.308743057,5.006092293,114.386818,84.18797904,1.823109,0
882,3.057758693,7.094138131,126.070580,75.01953781,1.807369,0
555,4.890403099,5.608248631,69.713952,76.14275497,13.536202,1
997,4.659667536,8.363027896,99.325666,78.52199789,9.157199,1
1031,2.601735452,9.338890774,96.091983,75.24150258,10.161756,1
577,5.686247277,7.173500045,68.519390,83.54289177,9.746139,1
1005,3.084204226,3.817041261,126.690610,73.12823039,2.296174,0
1187,2.592501844,6.890093327,106.170582,84.96686866,15.355056,1
823,2.861594855,10.33804364,88.040038,78.38281107,13.119710,1
763,2.944655775,3.572187832,105.951355,71.07501825,1.898995,0
616,2.83027915,9.231027613,71.060523,72.6930483,15.350135,1
663,3.125111764,5.646860792,76.591139,74.52458128,15.723004,1
1280,2.447431979,8.028257416,151.062038,73.38370256,2.400773,0
404,2.443847667,9.902527372,64.776362,76.967926,11.673040,1
780,1.967625999,5.472943089,85.478757,76.11694719,13.570296,1
736,3.731135582,4.477954556,78.111099,80.61030245,14.365895,1
477,3.306482589,7.071718588,86.731278,84.29402633,1.505360,0
355,1.88799438,4.040656759,60.657874,85.91426877,15.515396,1
925,5.146751649,8.342517871,95.151991,76.42864572,15.589319,1
700,3.527014934,5.087926845,104.391418,86.02959767,1.990622,0
770,2.498814748,5.934154688,85.922544,80.53193995,14.918425,1
770,3.903512531,8.94564937,81.021730,67.73743775,9.293624,1
1214,0.831161298,14.55441991,105.420212,81.99883098,13.819512,1
961,1.907135494,14.43163506,128.427194,71.1368491,2.192707,0
391,3.932751774,5.580927019,60.169560,69.79046081,13.085536,1
812,1.972568598,3.923613952,119.393804,74.15727582,1.933611,0
937,2.770988893,0.512340653,95.712993,75.14099778,11.944777,1
1016,4.429241392,5.079583684,126.906499,84.47846178,1.929073,0
687,3.733330298,2.563077083,77.663472,80.8734515,10.427790,1
814,4.287330885,4.946552567,86.294918,76.34734463,13.568518,1
613,2.38753828,4.623730473,101.679511,81.89944837,1.778174,0
928,2.745738234,4.923815054,129.221558,72.92252893,1.902427,0
610,4.677239319,4.658746157,72.125999,81.22972375,12.758721,1
582,2.607064674,3.666669501,73.355662,76.79359739,10.596766,1
935,2.141223288,7.270655929,94.188737,83.97926562,10.328959,1
794,3.541357904,13.30933206,89.365277,81.24561196,10.772709,1
497,3.96661364,6.847104514,68.989658,76.97547369,15.226446,1
789,3.047942572,5.959697578,87.339624,70.8986676,10.983512,1
458,2.77932342,13.36280524,68.160118,89.06724044,12.475169,1
1420,3.882362231,11.04386196,160.201811,70.69516225,1.977185,0
504,3.633259777,9.204117894,65.652698,70.72297006,14.911468,1
360,3.7901452,6.808198866,60.762801,76.9022978,10.865224,1
1516,2.960116501,7.342088947,122.587472,84.32765155,9.280236,1
1119,4.358616175,5.435706541,136.108639,81.96948325,1.960096,0
748,2.217444163,2.628085642,82.103105,74.85424856,14.348447,1
661,3.060975519,7.428347243,74.395427,81.79662289,15.117172,1
546,4.53997054,6.441777845,71.648775,81.14802695,10.219171,1
435,2.64552132,9.246408782,61.192573,87.93987455,13.768154,1
1545,2.603245037,8.186338001,135.253788,84.51429323,8.725247,1
1271,4.913834928,4.956588212,157.106447,69.6767776,2.135366,0
574,5.807861458,6.497179759,69.198564,74.33900568,15.004097,1
545,2.381542415,9.830872149,89.904523,73.54254934,1.966517,0
650,5.292586064,4.569719744,102.123982,75.31952856,1.625897,0
525,2.122041798,6.844034713,71.459447,76.0412172,10.521920,1
510,5.005910005,9.427946608,65.939627,77.2759446,11.357793,1
955,3.386475076,3.375796264,127.580205,79.66084751,2.016775,0
1395,2.769920265,2.559241639,159.751052,88.77042632,2.039284,0
498,3.445894981,7.669567437,67.735164,74.21763324,14.007522,1
1399,2.614292168,10.15993445,161.231218,82.07845075,2.418168,0
462,3.245520083,7.825438017,66.409205,66.17185145,12.135152,1
689,2.441506273,9.308475785,100.820535,73.24518703,1.597164,0
805,2.491942587,3.670802775,81.867874,81.5394781,15.331498,1
915,3.101124508,5.259363236,90.701312,70.78889521,14.402333,1
571,2.596838268,9.154399252,70.834711,87.27572075,12.206180,1
521,2.993530876,5.912033966,70.875810,66.99244437,12.047960,1
765,0.477214309,4.446647103,106.030126,79.39077532,1.655061,0
632,4.531177197,5.910019081,73.753186,83.08705441,13.157896,1
944,2.61240333,5.38643753,90.644585,83.92176978,9.984412,1
725,2.262110142,4.846000691,78.214447,77.18423929,12.895013,1
658,3.782014914,3.8043753,107.662175,75.59337291,1.537037,0
895,2.977756418,8.528069342,95.526663,83.62280835,12.328230,1
425,4.060763773,9.15318202,65.517502,72.92812191,10.408153,1
1175,4.269296483,3.986684336,148.175779,69.84117247,2.362819,0
1331,5.420400061,7.995637756,115.410424,87.26100718,10.083612,1
510,2.6584011,5.995798866,69.748717,73.95176064,10.474325,1
583,2.902512825,2.104514953,99.281495,85.83839767,1.874560,0
793,3.682821139,4.266368848,110.172779,81.86666703,1.604884,0
358,2.567417381,3.841881662,60.345172,77.5521085,12.611055,1
874,2.62031819,10.52600889,90.468107,84.90232885,11.096388,1
686,2.16268988,6.446511295,103.797908,73.32454813,1.590381,0
432,2.115838806,6.808151819,61.281156,72.46695725,15.592761,1
545,4.611696343,10.9544307,69.135300,70.86508613,15.092379,1
439,2.178546508,5.514129621,66.394740,69.4375721,11.245991,1
1552,1.952128054,5.011893108,176.641475,81.37194994,2.074496,0
1265,4.427966249,6.279419265,118.562136,87.3388135,9.796447,1
523,3.428371837,10.53458732,92.339482,75.22822402,1.648237,0
630,3.116727601,5.704588548,72.488864,85.51986866,10.111172,1
602,2.078704465,7.065845726,76.240081,81.26153889,12.397905,1
1001,3.570930451,15.78079991,101.567128,86.38928347,14.224178,1
417,2.44804934,6.964050312,61.203252,86.90273366,9.609044,1
587,2.183919445,1.890844971,99.172094,74.57253067,1.836076,0
598,2.428413432,11.58370845,94.475805,83.41625234,1.896552,0
628,2.080122601,6.575038688,103.916037,88.43946627,1.794590,0
466,2.707967716,3.720174628,66.402708,83.37616191,13.833440,1
773,4.369374961,6.720365399,80.814487,87.45414745,15.524992,1
663,4.206501844,3.988767342,74.729699,84.64264343,15.682196,1
855,3.441764331,12.21709644,121.551539,73.80622357,1.928470,0
385,5.429725888,7.458353442,60.971176,88.63151296,11.347646,1
890,6.643937594,7.938804847,87.182067,68.90266794,12.690993,1
1093,2.832424062,15.46395878,133.206081,89.62120271,1.817868,0
1051,4.039704696,9.000817727,132.903163,84.95572141,1.970008,0
721,5.294689701,3.844894319,81.572611,77.79981317,12.412764,1
856,5.489695195,4.997908296,113.590282,72.41267479,1.849403,0
764,2.907092101,5.882375318,84.962581,77.82893211,11.646838,1
479,2.316002512,5.056645338,63.677683,83.69474927,9.880743,1
730,5.867369041,15.45932032,78.758563,66.79615132,13.059895,1
660,3.868370434,5.988156841,76.356235,88.02189692,8.176282,1
861,3.146486533,12.33836805,92.450317,82.56363696,11.062967,1
750,3.053867608,5.684663147,86.003427,87.43778595,13.954895,1
414,4.257638292,7.488923462,63.241740,70.60151401,12.426001,1
821,2.940471861,11.25269583,84.760711,85.15052868,13.999462,1
681,4.57510427,14.34056809,104.087682,80.4245452,1.674437,0
687,2.159423476,14.00168744,76.107886,81.47648985,14.248521,1
981,3.911821055,3.105900556,124.911117,76.11605112,1.818526,0
917,2.300265067,4.671983146,93.111032,81.33321918,14.607125,1
1114,4.655058494,8.335366578,101.751163,68.13396722,11.269471,1
615,2.298854664,7.428380008,98.358097,82.77722432,1.934702,0
964,1.916167709,5.067028967,125.220404,76.24706988,1.727767,0
1254,3.823547308,4.27687071,111.226689,71.81236112,14.450429,1
620,2.046795628,6.215499293,72.522914,81.74734118,15.513192,1
830,2.302829569,7.791464727,85.776471,74.36300366,15.684620,1
487,2.791327729,9.309212103,63.862202,75.07988429,13.291093,1
949,2.833090344,7.489267356,124.228647,70.75542877,2.023030,0
806,4.831167953,9.848421622,86.893746,75.69419164,14.688555,1
1002,4.049121776,5.576634285,92.751581,80.89299538,14.866100,1
625,3.644726315,5.289848722,99.979559,82.28298823,1.692791,0
538,4.650154113,5.869090739,69.101248,70.41467427,9.217172,1
979,2.815907828,3.574738476,126.523219,83.48019262,1.845701,0
1140,4.288770301,10.89633579,137.069997,88.47350391,1.789765,0
822,2.842137058,3.6015451,87.805731,80.67622339,8.663428,1
633,4.782493065,7.236472734,76.520014,78.16382136,12.129129,1
486,3.691285363,6.782902968,65.875002,73.43658846,9.829320,1
519,3.240552484,8.63566703,66.838608,77.16718947,9.205467,1
562,2.463082563,6.881139774,97.572860,72.26445907,1.563917,0
606,5.490603094,6.655475567,100.629342,72.1204594,2.041730,0
1412,5.052811105,6.155270811,118.862560,85.84755416,9.986486,1
694,2.637738738,6.641214614,79.735964,74.99410062,11.389355,1
634,2.870265538,5.199727244,79.281127,78.14670449,12.599877,1
978,1.989804081,2.71613932,130.010979,85.29425398,2.250475,0
344,5.455809236,3.344799342,59.221098,76.31413125,8.234374,1
550,3.409283343,4.223939303,71.795364,74.36927894,8.495215,1
710,3.103973707,6.018942033,79.882168,78.95074076,14.171486,1
982,4.403864564,7.665391403,97.648800,73.0484552,14.259360,1
617,5.597605045,5.325127589,76.002203,75.45673451,14.598202,1
790,3.671562032,9.162122911,88.437115,80.32402027,11.792762,1
1324,5.185337951,4.239409139,115.118199,81.37236094,13.140327,1
1105,2.470337688,5.278577426,139.480258,79.43914485,2.141681,0
606,3.618166093,3.802737714,98.390986,90.55550129,1.753404,0
619,2.867341468,9.088865955,77.562724,88.2620804,11.116320,1
627,1.973232457,8.787407754,96.763528,71.02371015,1.843012,0
554,4.934345196,6.875984912,71.673523,85.45924529,12.313736,1
895,2.763412871,7.122420737,91.770910,74.74598411,13.984590,1
720,3.372346334,6.569999485,79.860084,78.72133792,8.378956,1
1621,3.563647128,5.208469986,177.107745,71.26586756,2.426636,0
1181,5.006717053,5.260245012,143.778756,72.28475215,2.293912,0
1189,2.201599686,4.168997604,106.031884,69.5217631,14.313334,1
998,4.672059568,7.0015296,96.836263,76.69307996,9.979236,1
565,1.682616613,5.405819821,71.787309,81.84007202,9.439170,1
790,1.874026744,3.927190934,111.763187,84.32728404,1.792284,0
913,3.579091873,3.160604993,95.246120,70.21188544,10.290288,1
705,1.749936849,6.176829036,77.278210,80.55458051,13.053286,1
535,2.701552287,9.936547589,66.525180,79.85342313,14.556497,1
493,2.219858242,5.841867314,70.152072,79.41876086,14.556176,1
1239,3.294236235,8.447343656,108.099150,75.86489937,11.114615,1
521,2.615068251,5.120912528,67.575609,70.40572315,13.315286,1
1034,3.035609195,7.485034865,127.693158,89.38842959,2.316328,0
757,2.380726329,0.316456269,111.567133,78.05013464,2.081515,0
797,2.09329472,3.038737436,117.032040,80.87822024,1.929721,0
903,3.944852962,6.879912141,94.205262,70.02643778,12.662148,1
537,4.793924394,6.473239023,72.270790,72.56714615,7.898080,1
1192,2.483214632,5.76482342,109.715156,91.01452201,14.797296,1
701,5.225973746,6.843217427,106.511262,82.29954274,1.744970,0
633,4.970143117,5.679367921,79.136056,78.36680931,12.786726,1
566,0.93881496,5.57064077,70.061524,85.61536065,13.100089,1
428,3.840086739,5.791012949,63.165827,72.48321158,10.286222,1
1018,2.566914564,7.19729872,136.421286,68.23278481,2.253978,0
530,2.827063162,5.625013847,96.360816,74.22828561,1.797139,0
714,2.898654861,12.26111434,102.931397,78.759927,2.148880,0
915,3.913332748,6.698901281,127.536413,81.6433719,1.837706,0
724,4.65276207,2.562733452,79.505877,79.12647503,15.545040,1
470,2.311217244,3.936403109,63.307376,93.19195863,10.095237,1
813,3.300419265,6.140315404,118.373714,65.68982027,2.036801,0
673,2.931258873,6.155399147,76.444063,84.57597483,14.952448,1
629,2.554701118,3.458779108,101.963888,83.72374211,1.580088,0
881,2.654604145,6.601488892,93.409458,84.28398499,13.353854,1
759,3.680791342,13.21111599,112.218304,82.0258527,1.580929,0
598,5.029212311,6.816628939,73.874888,81.05080595,14.389309,1
635,2.041076791,6.844035404,74.990475,81.07120283,12.782565,1
623,4.624268966,7.079197633,72.483329,83.81024538,12.362108,1
801,3.223139318,10.62407743,82.865773,84.46720455,12.182818,1
998,2.57590764,4.068460597,125.581539,76.62009737,2.091206,0
1068,4.247390408,5.281337916,139.367905,71.93392602,2.071603,0
880,4.597922766,6.682764497,115.773006,90.5026586,2.073269,0
644,3.468945764,4.546082311,73.175045,74.53119321,11.053761,1
600,2.534028239,4.462439704,97.181579,78.15924136,1.975255,0
669,4.916708538,3.812912441,107.221263,74.31645252,2.044320,0
393,3.997489279,3.220321551,77.493913,73.95590881,1.736065,0
624,5.260815068,6.50252374,75.901999,65.87993007,14.778987,1
719,3.988450917,9.621902131,82.575210,82.05387484,9.270287,1
776,3.985050702,5.542205608,116.897820,90.62633489,1.952224,0
524,2.875031424,4.709787605,65.828615,77.08459072,10.367697,1
885,3.490840245,5.678219257,87.466101,87.22752616,11.809783,1
739,2.062189442,1.019498287,114.054839,76.05953186,1.657290,0
952,2.793646183,6.926700831,131.126444,78.52085886,1.840845,0
726,3.357011841,5.189478466,80.849231,69.71869916,10.787932,1
383,2.651766223,3.646494512,61.832999,82.84556779,11.231105,1
929,3.228178525,7.96315974,96.621161,76.38570016,10.636339,1
670,3.508691594,6.83311187,80.320111,74.86379725,13.774805,1
1093,4.307819128,7.909492653,103.631890,87.70886943,10.735423,1
683,4.750583006,5.692928331,80.211877,71.99456118,14.129454,1
871,2.225769463,4.228676523,120.547330,83.72624094,1.801502,0
989,4.95909571,6.15308164,99.128644,71.92061631,15.055520,1
527,2.814580935,8.432529839,72.036433,75.4964995,7.880722,1
827,4.427264648,6.016587766,113.979343,87.70642419,1.730918,0
1133,5.368960549,4.890677979,139.611902,81.03102866,2.280839,0
674,2.506300456,6.065965305,104.180452,70.9224086,2.001989,0
716,3.043604163,6.907669764,79.384579,72.06867942,8.238363,1
521,2.921160388,3.035106748,70.478711,86.35450295,13.813911,1
1143,2.979994919,3.989272226,109.926756,80.91318284,14.877063,1
1037,3.113404067,5.452804095,95.903421,83.41260495,14.098358,1
892,1.936789914,4.233913786,121.561118,89.87561834,1.748955,0
922,2.093580924,4.137997491,118.031832,82.48623576,2.231439,0
456,2.26008444,9.134608351,62.180975,78.83937939,9.045096,1
398,0.695406247,7.048616328,62.844579,74.87981508,10.838678,1
608,4.218295299,4.503981778,77.582414,86.94144464,9.209927,1
798,3.205120808,4.830153764,84.541885,77.25876026,11.333623,1
1332,2.942378767,8.540733743,120.708628,78.31381077,14.101537,1
736,4.213019428,2.561171377,104.327227,78.47659558,1.991666,0
1011,4.008674775,6.765438721,93.988830,79.99834236,8.196945,1
871,4.034794975,3.992938098,93.510863,93.44614085,10.056011,1
801,2.500153137,5.911520828,118.479984,76.46659418,2.144797,0
695,2.104318447,6.080009606,81.595276,83.69436577,8.974197,1
2143,3.853206431,5.925107221,225.691625,72.49846715,2.734502,0
631,3.272034562,5.433141534,74.731916,83.99380244,8.541205,1
936,3.314460108,4.677689198,93.019140,66.77505307,15.015128,1
448,2.233551736,9.141747068,62.216705,67.29840319,8.518744,1
471,2.512814861,4.528241316,85.555464,79.89538243,1.572534,0
825,4.051829223,4.375504188,114.634268,74.40004651,1.913600,0
583,2.425361997,5.294153093,97.325854,72.55138615,1.759404,0
892,1.950150809,4.987174307,118.794216,78.28073016,2.037657,0
597,3.870977845,8.084320862,93.695658,68.8661643,2.078440,0
487,2.291711505,5.329189768,68.397047,82.00433924,8.772577,1
530,3.615824254,8.698453818,89.593487,91.19440643,1.687159,0
930,4.553205695,7.887266507,93.201003,75.85370639,12.477691,1
989,3.569974743,6.329313993,127.016228,89.2232492,1.975346,0
954,2.680938742,8.276798697,90.468914,81.75750567,8.704043,1
1552,3.190177743,6.086034184,134.186475,80.95994102,8.492783,1
479,3.357996366,9.312451952,67.356669,76.60859186,15.429235,1
794,3.234853857,3.872792022,117.249487,81.97172538,1.776491,0
1348,3.657866836,5.394762205,117.094588,67.19831192,9.385114,1
374,3.598753395,8.418555776,56.996858,75.56996463,11.334881,1
593,4.448662654,6.688644207,75.852284,80.53541004,11.529018,1
556,4.215539362,2.666697001,71.100833,73.50361784,15.717927,1
605,3.893942135,5.298075405,73.206645,72.09872599,9.382747,1
662,2.764020025,9.657172672,74.718269,76.18183179,12.193955,1
921,2.440271912,6.414959892,126.502389,71.14292182,1.826442,0
708,2.67710395,5.856346497,110.924086,90.65291166,1.632622,0
932,2.455809138,11.97705249,128.062547,82.66905077,2.014970,0
666,3.886964619,6.94671004,77.326606,73.29243898,8.162580,1
864,2.231373858,7.840309475,86.820214,79.91074398,8.744358,1
1346,5.457317799,6.389844596,117.152450,76.80510654,8.205617,1
1102,4.987967228,4.523872227,101.691632,89.29876232,9.479175,1
445,2.046397148,5.392147479,61.317243,80.07437759,12.033342,1
650,4.941298477,4.889321453,99.617261,82.79462861,1.969188,0
748,4.400992885,4.751487521,80.130773,77.24528138,13.606057,1
655,4.155320261,8.471903672,78.768371,78.80529701,15.340814,1
542,2.748263609,5.693001324,66.529188,65.58096471,13.889730,1
764,3.940837082,6.832061793,114.905889,85.65865745,1.984403,0
1051,2.592208474,3.401290941,99.723607,77.00159317,10.035008,1
562,4.46827228,5.703565042,74.709309,71.54610866,9.862020,1
839,2.162184691,13.96532201,90.920565,67.89961967,10.052178,1
625,3.05953291,7.460275916,77.164961,83.53326648,8.058263,1
595,0.197602773,13.19645376,70.337795,69.19477897,7.853239,1
873,4.852134089,6.683758173,119.312893,81.67987302,1.858289,0
680,2.142617918,4.188606548,109.077485,79.81078295,1.656072,0
877,2.579360706,6.223153125,93.613490,84.46762425,12.957494,1
462,2.502990028,4.614554266,65.994038,77.20238268,8.944509,1
715,2.923011002,3.612696225,78.845197,73.1819136,12.680148,1
773,1.791833717,6.978012593,80.042286,78.83442083,11.980344,1
462,4.370345053,17.00675743,65.310957,75.74848588,10.539935,1
937,4.076261798,5.362822479,130.815704,69.533573,1.986021,0
786,4.452793678,6.176494094,110.669818,68.92366294,1.626797,0
611,3.760084946,5.847079701,98.163538,83.69597919,1.694617,0
492,4.504158629,7.704601161,69.709018,79.96248518,11.613741,1
728,2.559098783,4.509129273,112.970574,74.74344741,1.741216,0
603,3.296474793,4.9719625,96.647550,73.46746601,1.807714,0
719,3.294852558,8.23605917,82.342692,71.67482581,11.166009,1
664,4.052912034,7.267175974,108.265116,83.86838479,1.866197,0
934,3.502889634,5.044080933,129.028323,77.22382937,2.132843,0
632,3.483622493,17.95876508,72.233106,83.9125036,11.292935,1
837,3.7830705,6.863314459,83.591946,84.10569744,14.034692,1
603,2.78941157,4.255305163,71.514598,83.46798659,12.698892,1
399,4.485391132,6.595841078,59.456483,82.1181616,11.697565,1
694,2.901016978,6.424463538,79.014688,69.99048682,9.785246,1
401,1.887355884,11.54410979,60.359278,93.77036777,14.979548,1
986,3.015482861,6.160810566,124.093019,73.65944986,2.142670,0
673,2.143765933,18.82593571,80.458734,87.09458733,11.176827,1
676,4.248013077,3.418352796,109.091172,81.41829489,1.954800,0
910,3.111861129,1.068421815,127.305882,74.28286264,2.198249,0
651,2.888894594,8.666647273,75.274962,72.06268918,11.871801,1
526,2.496338191,7.672660209,94.080365,80.82140585,1.862388,0
427,1.955661693,6.409950226,87.308580,81.24362751,1.794240,0
681,3.598791826,7.300853172,78.673378,69.84878034,13.037439,1
674,4.921990025,6.75258251,76.653905,75.46885834,14.683326,1
910,5.879543288,10.40230894,94.156219,68.74851752,11.175402,1
540,3.433003848,5.863275616,69.389191,84.29542962,10.799259,1
824,2.688662919,6.309500852,84.063434,86.65384761,10.265908,1
1297,4.786890209,6.141068999,160.792612,78.8788509,2.404910,0
652,3.189196814,4.321496689,101.603830,85.63200269,2.019320,0
558,4.362163575,3.403608952,70.614649,85.91592625,11.376024,1
925,2.820947057,7.228920751,92.621134,80.62636292,11.842975,1
1676,2.587583937,4.534062655,179.733858,77.47307873,2.347073,0
703,2.830498237,7.283986901,110.785887,80.5298719,1.697250,0
1041,2.710782286,5.166483134,133.796068,75.81781182,1.734345,0
911,4.582996146,6.370151455,89.898933,79.58862292,13.683822,1
717,3.031110092,7.099309122,104.500163,81.90780334,2.124172,0
718,4.027569431,4.438923522,81.836439,74.39206159,11.255101,1
581,4.081327267,7.947877226,69.689807,76.58502171,10.491833,1
713,2.799616737,4.007617736,107.667263,84.50339622,2.005571,0
463,4.204940627,7.787312745,67.211937,78.59578796,12.025376,1
1027,2.764160601,7.494284455,102.753481,77.32811524,14.158015,1
686,2.416846169,5.5774023,82.308994,75.83855518,9.349442,1
527,3.815760317,5.583321263,70.556485,73.22759,9.217600,1
810,1.948652358,7.204750596,112.818718,84.83905374,2.035709,0
568,2.66058104,8.023598072,72.629566,75.51031784,15.127242,1
1090,5.178760038,16.45837526,100.818787,91.83188976,12.061638,1
1009,3.209839386,7.493684613,128.990060,71.98248924,1.712823,0
493,2.640644344,8.433415923,66.595780,87.5716388,14.123521,1
807,4.1569899,4.834370888,83.917192,73.81776078,12.926224,1
578,3.212724344,5.70725813,72.424717,80.51128174,13.930816,1
752,5.857743031,9.979378214,82.845741,72.52277823,9.391425,1
1289,3.664142798,4.275963195,152.738459,76.88797645,2.037366,0
866,1.855994293,6.367971431,90.461594,73.19803495,11.109363,1
869,2.012025995,6.297302053,88.634417,75.93308629,11.016401,1
621,3.809365931,6.126069178,71.899358,78.91349427,11.298547,1
684,2.616048059,5.32044701,81.371624,80.01477119,15.282555,1
744,2.979526898,4.574642191,108.190019,74.10675213,1.951492,0
804,2.836726695,6.723685782,117.490450,86.37145752,1.641729,0
726,2.75804246,4.666504849,83.984887,86.14249199,7.942084,1
717,4.602926521,7.164758345,79.899903,76.59586317,8.361730,1
1073,4.292349123,5.677427745,137.172153,79.57954926,2.308061,0
891,3.795213113,4.240877466,91.169276,85.4945437,12.720490,1
584,2.722979649,12.47515027,71.695601,82.12625117,14.362724,1
1064,2.37188981,5.171486842,98.060634,90.66972427,12.609868,1
933,4.248647667,4.141617112,124.482820,81.32628785,1.988918,0
821,5.271228642,5.694192767,89.330057,73.92053745,15.339637,1
812,2.07917264,4.953038438,86.879564,79.55089953,13.836571,1
847,3.374748544,9.370922343,91.339426,85.77548447,14.382279,1
614,2.203560966,5.563710593,95.727697,75.35183241,2.080510,0
800,2.753325185,4.990053946,117.014081,74.91833922,1.733943,0
540,2.905636694,6.408749068,69.759646,72.14596784,14.946677,1
700,2.493591821,11.79092738,77.200629,81.6321865,13.075303,1
621,3.114902157,5.100399085,78.435337,75.35416208,11.266859,1
716,2.264139453,7.098555583,108.188575,91.62960872,1.665845,0
799,4.490276804,3.431985642,116.443170,85.75469763,2.028283,0
1164,3.845279097,7.092579384,103.067793,84.0294953,12.353251,1
529,2.465827437,6.929066038,72.098540,82.52067204,9.963011,1
914,3.586253409,4.453000127,95.781143,92.17334001,13.654108,1
453,4.318549525,4.979039269,61.755332,84.69510065,10.108462,1
641,4.226260725,6.653992319,96.355889,81.54687247,2.094433,0
851,2.856857682,6.625417351,84.545665,76.56204016,12.366646,1
927,2.54377683,6.639435369,91.798298,79.81357085,14.757155,1
1433,2.429851953,9.106691442,122.226270,81.31693806,11.924045,1
1142,4.723155419,8.561093893,110.251436,72.51471699,12.723208,1
912,3.31630469,5.986467422,92.966944,86.38711653,9.751822,1
697,4.981243334,7.995140321,77.810031,81.67825763,14.793625,1
589,2.287714124,4.359749352,94.135320,72.62208902,1.841003,0
770,5.198257103,5.158504076,80.551322,81.90723663,14.016044,1
1032,2.432613513,2.281836789,104.055128,84.85871896,10.294926,1
680,3.97202865,7.746926076,107.265336,90.74556956,2.122045,0
589,0.451569632,7.231265413,92.440002,76.69308922,1.569043,0
912,3.216756808,6.055560601,89.362075,81.30376078,13.741866,1
729,2.19183348,6.722006694,80.145230,77.01592448,14.875661,1
427,2.793077795,2.985018539,63.916186,77.01068036,8.703149,1
774,2.864827984,6.783829107,81.840000,76.05819309,10.019860,1
697,1.821677467,6.363139015,107.122975,87.01198759,2.106686,0
702,2.445894196,6.034852305,101.202936,73.97766017,2.030955,0
657,2.860353612,8.790214663,75.392673,68.60425582,13.084291,1
464,2.60927941,4.71779775,66.698456,80.52425605,14.582704,1
1325,2.576281995,4.705303879,153.780726,77.92544628,2.408879,0
657,3.613819687,14.18968276,73.820224,80.22216078,12.220118,1
478,2.610547588,7.001139205,64.097902,84.21483355,10.849256,1
1052,2.391022946,12.45196608,130.201605,84.42542663,1.995385,0
1355,2.234244257,3.91791551,156.856227,71.18440348,2.429437,0
692,4.353385011,4.605284966,76.341615,67.22273745,10.133961,1
466,1.991835248,2.166896849,87.221828,80.43735511,1.616113,0
527,2.621981961,6.890442895,93.130035,87.3068536,1.894203,0
485,4.536773294,9.158671234,65.489907,83.06100451,8.105277,1
568,4.377627523,5.243625775,72.075582,79.07516457,11.328471,1
780,2.286741379,0.027141252,109.113515,84.81798804,2.157723,0
739,3.230126817,6.500433134,79.682083,75.56816885,10.278104,1
770,2.204070484,7.691021211,80.619952,71.41272713,8.475979,1
1465,4.876276166,14.13823036,173.236092,89.33462856,1.946335,0
618,4.804733338,6.097943279,77.922907,73.89224374,10.660281,1
765,2.651913398,9.611456786,83.314345,89.76562152,8.420214,1
735,2.345781103,5.121935546,110.001968,75.53769838,1.808975,0
710,2.620655068,11.21472149,106.194662,72.88436389,1.916653,0
508,2.516904928,6.296776875,65.486588,72.65245598,10.392820,1
519,1.887080299,4.113500515,66.873518,76.86488126,8.835108,1
844,2.015581786,7.20094103,118.073843,82.66586993,2.185117,0
587,2.455164971,4.482940586,98.539474,75.38142282,1.873568,0
797,2.335653312,5.704886102,113.315361,81.12930662,1.717417,0
890,3.090827388,9.635431965,86.523648,80.64610346,15.079325,1
1130,3.858029899,6.489730891,106.532616,70.88803767,9.953160,1
735,3.260304756,5.64401045,79.889744,79.17274839,12.865984,1
987,4.069378117,5.558637538,131.239413,72.64620034,1.775616,0
821,4.378651363,2.832805347,90.373832,84.82755806,11.573262,1
610,2.563257721,6.886429804,94.447811,86.04429272,1.719826,0
791,3.603794486,6.111216657,108.930975,78.22078184,1.853706,0
692,5.279174216,6.323291442,75.281876,77.25216306,13.588341,1
1468,5.34083593,4.426647081,161.858149,81.86895966,2.118105,0
760,3.515608397,4.574119936,85.712714,83.31425868,11.869813,1
276,4.662539811,7.291025761,54.779421,71.44680796,12.909157,1
928,3.202533145,7.156707826,94.788545,72.84269314,14.997777,1
496,3.438817871,6.08094603,64.300666,82.07403466,11.531336,1
705,2.64118603,5.288407454,78.635445,91.85225522,13.290640,1
819,4.452668996,6.585620255,114.010305,78.85774209,1.814983,0
768,4.987853107,6.999765175,82.809561,72.66305223,8.955715,1
813,4.455461841,6.114962026,112.311860,86.97109227,2.037822,0
712,4.877667702,3.448874132,102.124609,74.05974931,1.817889,0
988,5.387538786,5.923176938,134.772087,81.47443484,1.945293,0
591,3.252792314,5.99829684,70.341152,74.56754872,10.405041,1
803,5.35799467,5.279148978,116.903234,73.15667112,1.701392,0
1198,3.452937812,7.820447867,113.730826,80.8627767,9.228863,1
426,4.374641494,8.161681985,87.342271,76.39748061,2.011714,0
1042,3.728910664,8.259676329,101.909785,74.65251122,10.062832,1
434,4.779583398,1.804387556,64.745686,71.28134926,14.432203,1
620,2.942683478,4.005275718,98.318406,75.09822981,1.737879,0
580,3.856529441,8.729047989,75.684707,85.33235449,15.401658,1
594,3.339113897,5.302059798,94.148559,78.42157949,1.641672,0
618,3.964293547,5.344058831,71.720207,67.34438371,11.061893,1
1153,2.696912286,8.013057848,143.941250,80.43885912,2.262332,0
857,4.262653025,7.477752361,89.045343,79.17518349,8.737005,1
626,2.75553322,5.682217513,102.706065,75.34050618,1.568528,0
915,2.957126584,10.91519063,96.613358,79.65903752,10.002765,1
818,3.637168518,7.286133603,89.635690,64.77008096,14.636051,1
1654,5.562301974,8.790793411,141.742887,83.94447725,9.347108,1
630,3.851641974,5.764391475,101.004398,81.11195409,1.705891,0
459,2.698159276,7.061407117,65.390448,82.15792099,11.275829,1
536,2.960655853,6.631807509,70.352192,78.73333575,11.282608,1
665,2.531667617,6.426000849,99.820915,79.55927165,1.871241,0
536,4.297176804,6.016893345,72.752748,73.81830336,15.754722,1
553,4.755829284,3.776506489,71.485374,84.25676409,13.903124,1
1403,3.336986422,7.314022791,154.955119,76.32678812,2.021090,0
850,4.303569952,7.850785689,85.083999,83.26107035,14.589430,1
1337,3.68425981,7.093788365,151.646255,90.19654828,2.282571,0
485,4.251723208,8.575562344,64.388994,74.61681668,12.530645,1
761,3.532012201,6.155069744,80.896953,72.19289268,15.313196,1
799,3.266340322,6.262514243,84.503375,85.58430411,8.497852,1
946,2.835207625,7.295923376,93.312693,80.75334321,10.120867,1
766,2.260536841,6.849009297,110.853380,86.67668917,1.748930,0
495,4.797173822,4.832839646,67.638114,86.668555,7.837679,1
586,2.053909506,3.762109328,69.642973,78.55635436,8.541666,1
647,5.129979003,9.633408082,97.092679,79.97505795,2.040255,0
729,2.576324318,10.30576085,82.207758,82.23458604,12.142793,1
442,2.907188319,10.85177158,64.184178,71.2626424,14.945385,1
664,3.635330122,5.829427933,73.865131,68.30333113,9.520776,1
736,2.573854112,6.126699857,80.950798,76.5100896,8.618737,1
763,5.071150221,4.683416964,83.454237,84.70479859,8.191730,1
723,4.044200246,9.745379452,77.265328,79.29371536,10.816324,1
658,2.231514486,13.08487894,74.273870,68.01510062,11.700378,1
1468,2.815470505,5.701883888,131.189050,82.61145,14.452128,1
871,3.541886651,2.137582868,87.875468,79.30859212,9.312351,1
589,2.140324671,2.338276608,75.013918,87.82374609,10.306033,1
932,5.386382564,4.182935461,125.486347,72.86033954,1.755512,0
860,3.717635165,6.736125358,86.609630,70.23788036,15.340968,1
828,0.83433425,4.877441992,113.288048,76.62218436,2.136172,0
357,2.277015058,6.614830332,60.249785,86.87920587,12.364340,1
712,2.235628782,10.67361538,104.567189,86.87158959,2.133149,0
621,3.223040796,6.523789275,75.810094,78.40729173,14.147775,1
843,4.641241576,14.53431296,92.189677,82.92702794,15.383282,1
636,4.663939934,6.16268957,77.939312,77.34971216,11.673530,1
1137,4.152890319,9.123702073,107.939439,84.28661877,15.766742,1
629,3.652638061,7.061919461,102.435733,77.48147395,1.974430,0
800,2.406448515,6.549868843,86.526485,77.94185392,9.103285,1
1203,3.405184988,10.92940861,150.198205,73.61652731,2.370803,0
1216,2.275986638,4.950498431,115.040344,75.96235519,8.540766,1
596,3.661720136,6.236565094,75.027735,83.73855863,11.335755,1
1020,3.440930509,5.401020856,127.098179,86.61027811,2.213148,0
749,4.965408672,6.52296665,114.801437,72.60753256,1.807986,0
538,4.016252205,5.893532433,69.593961,71.32541701,8.985136,1
763,4.322989922,4.026858318,82.440787,71.43725478,12.145526,1
831,2.180286315,4.95452369,83.062367,82.55517651,8.157053,1
1525,2.702872015,5.54544949,171.438565,71.22122414,1.997747,0
610,3.699904418,2.994058477,75.645906,82.49583888,11.107490,1
440,2.911513144,13.21390343,65.792950,86.155653,10.684222,1
761,2.97193224,6.076536484,107.299315,84.38231555,1.818528,0
556,2.310758656,7.801166195,69.291469,77.01662417,15.106650,1
614,2.086895631,14.02218227,77.774551,75.20428439,8.689246,1
345,0.464348933,6.262424156,59.435624,75.41757156,7.788660,1
1048,2.603507529,7.099990708,99.946636,80.49122825,15.728882,1
1105,4.549130206,5.598529515,138.417394,67.78135232,1.997191,0
491,3.227968267,4.90635017,91.867159,78.80063828,1.904315,0
943,5.011516282,5.32835828,94.969863,71.79552494,9.948560,1
669,3.819038261,7.458821791,76.504546,78.77707866,11.360955,1
495,4.305690107,5.214631161,67.940909,63.24134056,10.086710,1
840,2.077620681,9.072782972,88.018803,73.55337732,10.443308,1
761,4.536522588,4.567584958,111.984029,82.66051513,1.890958,0
759,4.542509201,6.509747422,86.897266,78.05539742,15.556644,1
378,3.57689701,7.729256156,60.689851,83.03915299,9.817429,1
433,1.142733661,3.893263076,65.506856,81.0900309,9.456246,1
856,2.999270668,12.95676065,84.659595,68.391562,11.325908,1
643,5.198018318,6.104436332,78.074385,73.73241618,14.661139,1
449,4.723734548,5.251211384,66.602101,67.32480041,13.252229,1
385,3.569676449,6.776919197,58.883205,80.0466679,9.814537,1
433,4.928537602,5.861516178,61.889324,80.56519065,15.067538,1
641,3.197705618,2.031791902,100.346926,81.86958247,2.007721,0
728,2.435206419,7.564489538,113.537183,66.91214624,1.712544,0
771,3.436328258,5.192535464,84.429288,71.00474911,15.430855,1
954,2.13080723,5.764469018,98.809258,85.63515211,9.860439,1
707,3.37622131,8.502158819,82.121143,80.15220908,9.178657,1
745,4.077320857,4.987737763,112.092110,81.45671676,1.690144,0
1094,2.42506342,5.600653526,134.126456,83.95711616,2.169896,0
1425,3.392648969,7.205536338,163.211452,77.20168776,2.490003,0
412,2.362120032,5.287335774,82.204996,76.51758077,1.650909,0
1005,4.3942543,6.725166457,94.889922,78.93385955,11.603851,1
982,3.821821619,6.622308876,93.923262,81.57123418,8.381811,1
815,3.915381718,8.944419909,115.225066,82.46118657,1.765686,0
699,4.849736925,5.540497812,81.500536,80.73519856,9.492719,1
1107,1.968473375,6.700951549,136.137734,81.5469781,1.823717,0
1115,4.606043765,6.458223667,108.187332,67.126061,15.632896,1
447,1.907012767,9.515350186,63.775585,74.24983946,10.643854,1
632,2.36921494,3.344539589,97.045157,76.78550417,2.064879,0
865,2.484988823,7.522579725,124.310103,85.7280165,2.145539,0
933,4.034416601,8.34327219,130.548487,77.19311636,1.978874,0
834,2.242383874,7.624449183,91.160660,83.01350259,15.814033,1
637,3.484717823,3.811228976,78.344972,87.01707447,9.953330,1
1130,1.743423879,5.800773809,136.822169,85.07044321,2.161823,0
1128,1.964734465,4.959258504,144.266822,80.7962471,1.825830,0
442,2.596823783,2.534832399,61.807105,77.29249336,8.661554,1
1227,3.554146621,5.378627871,112.828078,78.63055038,9.431393,1
496,2.901275062,4.526280857,70.062905,81.97889644,10.279795,1
446,2.676558913,11.4007458,63.559811,80.79376567,9.929046,1
737,2.479039404,4.85797948,79.546395,69.26080512,8.800217,1
1059,2.936505384,5.911065247,106.033074,81.5653152,13.608089,1
537,0.436370812,13.89448336,68.070237,78.01136867,8.941716,1
1158,3.106532679,5.283097603,143.747977,91.43865953,2.055996,0
1365,2.382460878,4.204889427,156.696763,71.67427987,1.885188,0
740,3.806640944,5.709548117,104.892773,76.14473872,1.880308,0
710,2.173432764,7.735260311,84.038555,81.72034864,12.057825,1
408,4.55325768,5.688232291,63.606139,89.40200357,14.958546,1
1335,3.732326179,5.218001376,160.655095,78.70705685,1.940939,0
1508,3.655774789,10.02448463,162.422150,73.44528822,2.169331,0
359,3.97649607,4.490550919,56.218470,65.00064898,10.927332,1
663,2.504675501,3.862887203,101.984197,70.89979147,2.120838,0
511,4.29617184,4.669317531,94.211081,76.94881584,1.463537,0
495,4.437893386,5.887590629,68.829494,71.17190231,14.385889,1
915,1.994694821,6.717760528,128.697664,83.72806337,2.108962,0
404,3.05454054,5.888319183,64.379091,82.184562,12.726180,1
1314,2.207469475,5.264941889,157.909943,79.5681531,1.966963,0
812,4.165199046,5.895122165,87.466616,79.96984083,11.865800,1
434,2.883302803,7.329031216,64.728311,73.60286523,12.855577,1
558,2.86507166,5.760917064,68.212731,73.35389838,12.960865,1
1100,3.285338938,6.030098045,134.796946,74.36218222,2.222170,0
1131,2.511985321,7.093396841,105.806044,76.85802638,15.559051,1
1095,4.471148927,3.809983137,133.852796,90.62307942,2.346574,0
970,2.463686315,6.59458956,133.898171,84.84700949,2.054726,0
922,2.055589825,3.766438046,124.824725,74.78618003,2.152500,0
828,2.26015557,6.127585254,89.533367,83.23309113,14.948767,1
825,2.076628759,5.722442712,83.822771,83.34319961,11.170228,1
380,2.394812994,7.577545798,58.154454,78.78631072,12.132947,1
556,2.966465456,9.509061009,69.537633,67.38882346,9.104405,1
758,2.472963894,7.170453819,82.604248,83.3396622,14.754995,1
1049,2.954097696,7.691308355,99.299093,85.04919627,11.513583,1
806,2.270164393,6.227080559,114.530957,82.96665828,1.636436,0
1034,4.932928284,6.46099674,95.583094,80.66851074,14.135814,1
1031,2.742383422,5.430538008,137.064259,66.09860963,2.094132,0
599,2.862629718,10.51159643,76.836085,78.74521148,12.356816,1
1017,4.966183233,4.886575992,98.940297,78.07071416,12.652873,1
1140,4.037397617,9.708466688,139.350379,87.18440554,1.908077,0
1657,2.001697455,8.297558059,136.283903,70.55427272,9.737578,1
1188,4.746415322,6.426465339,139.694064,70.03112179,2.221100,0
921,3.361264368,6.467785422,96.507657,73.12791113,14.855963,1
691,2.660686047,12.82479639,82.227085,79.57672594,8.218902,1
856,2.58625689,7.247036201,91.434534,70.12119978,14.509311,1
863,3.793133287,5.331515417,85.342178,76.79156062,14.732956,1
974,3.385116416,11.44011751,130.059189,83.03840029,2.087276,0
815,2.464002161,7.150573057,117.647525,85.79856675,1.848967,0
613,3.811736716,6.710982406,72.802273,79.04743045,8.994261,1
752,3.557468931,5.125852123,83.605222,74.17954844,10.835653,1
640,3.30371116,7.850293228,73.423774,69.08455658,10.240805,1
750,3.746638972,6.549353047,108.557735,65.77231004,1.648360,0
364,2.21772779,4.066201495,58.883110,76.23058354,9.609184,1
975,4.036972228,6.43550943,94.262540,84.62444716,15.244776,1
637,2.32880172,3.834011579,98.258393,87.27012832,1.586397,0
1426,5.481672079,8.784771062,168.377305,74.30401195,2.198605,0
1152,2.447614705,4.511131831,147.616817,73.25306703,2.250476,0
728,3.506826124,6.205877378,79.623059,77.31896829,11.026113,1
760,3.880801659,2.404545727,114.244897,77.89034425,2.132121,0
739,5.448550262,5.043480734,82.241917,79.08038965,14.528604,1
798,4.120380739,3.625529849,85.336664,85.81851363,8.472805,1
691,4.023224806,1.460062743,109.358318,79.82551296,2.133890,0
721,3.064848214,4.159158723,82.816120,77.07111731,9.297176,1
453,4.61089959,8.631272658,65.206788,80.96394176,11.028349,1
644,2.133311212,6.54567566,77.306970,78.87739882,13.265968,1
1529,3.680956036,7.297875315,178.015449,80.95024013,2.037536,0
690,4.098832269,5.167827931,79.447949,76.27728114,9.479566,1
846,2.703165488,5.992061692,114.831727,70.94873063,2.145859,0
1115,2.056486689,4.859949374,103.329877,78.09502586,15.491114,1
562,3.316979091,4.998927423,99.054391,83.53378381,2.064908,0
737,4.645325982,6.016793752,77.984634,81.46464095,11.969010,1
545,4.726975345,5.082550681,66.885972,85.333521,13.635249,1
726,1.892855118,1.491948882,83.163945,86.40648324,14.019342,1
706,4.15347906,5.898000454,81.930279,81.20071478,11.966133,1
714,4.57511264,6.076348608,80.437655,76.89944127,11.292878,1
721,4.009773567,8.0529782,110.107146,71.9830913,2.040115,0
609,2.737859666,5.793654143,93.864081,79.50488255,2.061449,0
606,2.087365457,5.691801418,70.444902,86.11883291,12.432478,1
833,5.335816329,4.184595319,88.601022,66.96945187,13.618245,1
733,2.019178831,7.61915804,112.184112,79.09775033,1.785157,0
1323,2.480524813,4.058208976,122.097476,72.52936603,8.885575,1
1487,3.669765545,6.267736457,165.928919,82.46753113,2.347713,0
368,3.801407614,6.217480841,58.309415,83.10007796,8.248384,1
475,4.088654426,5.644000289,68.603168,81.11490966,8.759323,1
699,4.061030857,8.532979428,75.828906,84.6852052,11.780267,1
1424,3.386244146,5.818497578,168.673762,68.69296811,2.130228,0
1041,2.737510312,4.110800596,97.795088,82.18688409,9.536067,1
990,3.301621214,6.260510271,95.092060,79.26505276,10.112305,1
683,2.875139009,5.473387729,103.827353,86.57201545,2.084679,0
569,2.185815139,6.418845759,71.542508,73.63034648,9.657531,1
716,3.664915394,5.799416931,79.546687,77.81702935,14.370971,1
701,3.794251351,7.714267776,82.095991,71.18592909,8.735336,1
789,2.430039733,3.05491041,111.450749,76.20119878,1.794062,0
688,2.460287531,4.708814808,76.602918,67.02059108,10.091937,1
1294,3.747789015,5.762213673,115.606607,72.88867253,12.190164,1
1236,4.947620035,5.667777528,144.196426,76.53701369,2.352472,0
613,3.202036514,8.913430996,73.829415,76.17649579,8.669499,1
569,2.403982267,1.940983968,69.850036,76.85707645,14.809548,1
799,5.872675562,7.152627334,83.181379,74.63731315,14.771046,1
819,3.516573024,6.00798069,88.834117,74.4602659,12.005154,1
754,4.81133784,5.725396102,85.867700,89.77034144,8.652483,1
477,2.630598878,9.366296856,68.326250,79.88721564,9.933331,1
661,1.607511071,16.18050075,79.114074,76.515055,12.892966,1
779,2.149313521,4.565083424,114.275474,75.84563758,1.847321,0
723,3.241350019,4.496726667,109.756381,83.95374792,1.981228,0
968,2.962207336,5.092636281,98.886093,81.09113008,10.467080,1
953,4.366601141,4.807785332,99.141425,68.54502564,8.604199,1
844,3.922409723,3.84431458,116.380642,71.81992523,2.167792,0
433,2.208906684,15.06710929,61.663808,77.79138218,11.914968,1
571,0.158501698,11.41331722,69.506303,74.75711706,11.485291,1
658,3.958713854,8.16271449,76.431863,71.01874784,14.598343,1
927,3.679664816,8.442293114,121.170763,80.01465862,1.700173,0
785,2.988845485,7.196552753,118.140320,87.23846131,1.624572,0
874,3.407217599,13.94429068,86.619308,82.57096456,13.579758,1
492,4.177979532,10.58087097,64.152095,85.50037907,7.981304,1
916,4.102557039,11.40025327,93.003489,69.74914636,13.453485,1
851,3.334591919,5.004853914,117.059082,86.72045729,2.079241,0
573,2.686454318,4.949163212,69.275967,77.00455602,13.306339,1
756,2.024046992,6.670727859,79.770177,89.71494802,9.780720,1
1624,3.676106176,7.792617362,131.672344,70.55833111,14.221681,1
757,5.54215636,7.530198552,83.176087,77.19716395,13.342662,1
676,2.121151223,6.374217415,76.573128,88.54389088,11.539412,1
893,2.550849778,9.563067163,115.956571,65.92218155,2.007156,0
787,4.044578364,8.285340875,84.343018,68.19997541,14.797999,1
580,2.243040206,5.242488873,94.833591,87.09811942,1.580097,0
856,3.602645486,11.34356323,86.843963,77.77944406,12.117080,1
766,3.27975407,3.939085798,83.050918,86.53850187,10.030971,1
1164,1.77694736,4.55955391,140.640104,76.76576713,2.326827,0
1101,2.479397469,5.669551162,108.455488,71.4723742,13.222720,1
719,4.749266671,2.876056599,102.888541,72.88850813,2.129986,0
645,3.364716055,5.269696087,79.754634,73.93161962,8.347440,1
847,3.938406115,6.985322435,88.323660,69.54319352,13.715777,1
634,4.009735568,10.83815918,72.994316,79.1229398,11.220501,1
1111,2.146759535,5.467309585,144.477140,78.37587588,1.791431,0
1205,2.034593162,6.295167684,114.595363,81.34622505,8.815373,1
779,2.022409872,13.7865859,110.501243,84.85805631,1.693967,0
1341,1.913394019,6.000767031,114.282123,88.73727578,10.433022,1
636,3.13520849,7.053995338,77.947535,89.171008,9.099554,1
688,2.943915184,9.381985448,79.506263,80.06780353,14.049455,1
587,5.004467378,5.890679352,75.396636,81.01674013,13.607317,1
500,3.549649953,6.311287153,94.383248,90.62787677,1.498948,0
677,3.169062167,4.871894844,74.222926,88.296283,12.876376,1
766,3.042279513,6.943620218,86.147704,80.78100527,9.082776,1
429,3.160676999,6.394409776,60.217834,69.02335023,12.980539,1
958,3.583041999,3.936175277,132.767714,82.9704451,2.145335,0
770,2.2608448,9.425363301,86.378043,77.40665153,12.085952,1
1120,4.056612056,4.952518194,139.729274,77.89530614,1.940171,0
1350,2.551872217,9.744406846,159.516489,81.91453674,1.932852,0
703,4.286058126,5.133018262,77.329073,80.34616166,10.455989,1
911,3.242320934,5.66826337,88.262741,73.5900521,13.619609,1
374,3.299249792,9.152513862,60.882636,68.88079538,11.796547,1
405,2.289350522,3.830845047,64.276795,87.0224273,13.540887,1
1088,3.295898473,5.272996668,106.602297,83.71079712,12.138555,1
407,2.406172207,3.915681438,60.171665,66.66428979,13.664377,1
954,3.08781037,6.097782322,126.056739,79.87624485,2.122279,0
861,2.373899274,6.371981103,122.574018,72.3326544,1.753792,0
744,5.065594782,4.851332924,78.262149,84.57894413,11.871564,1
700,2.390464094,5.294616348,101.354875,67.27589997,1.567415,0
1394,3.038935281,6.583479507,161.366676,76.16319983,1.928114,0
941,2.80604691,11.45201369,97.723131,75.93778237,9.137705,1
775,2.911978304,7.49174545,85.142267,69.58756032,12.333135,1
1266,4.013943221,11.87844964,113.786177,76.86600401,14.929632,1
650,4.743994364,9.630341659,78.184485,77.69322401,14.905239,1
1413,4.866335478,5.936153017,162.693779,73.65161194,2.270622,0
572,3.289394081,6.550262873,69.082829,80.78021623,11.289196,1
709,2.809189491,7.388941976,79.309972,85.68049186,12.970241,1
488,5.031988341,7.108223645,64.244585,67.72891586,15.102812,1
961,1.400929853,2.956530563,128.360458,88.89070687,1.705470,0
471,5.34099305,5.155986006,69.005320,78.24345585,14.609127,1
517,1.810876435,7.392370414,68.659664,83.65886396,13.782314,1
443,4.6898832,9.527432789,61.957383,69.23267188,11.822243,1
712,3.689830896,7.646910151,77.683556,79.77074298,14.504217,1
706,1.973935906,3.416840819,76.422343,86.16439316,8.463729,1
1031,4.899692719,4.732332599,134.802798,77.58817477,1.824225,0
582,2.070743416,4.253341429,97.731503,78.49981701,2.061652,0
498,3.07737373,8.256603589,67.102053,70.08052161,13.204992,1
576,4.4688339,3.066819213,69.202488,77.67903844,9.235507,1
498,5.643340094,5.903941256,69.356657,66.58762306,11.742361,1
553,1.942820524,5.55089202,70.598713,87.95951058,13.551833,1
562,3.666703376,4.191561686,94.452224,83.92276516,1.787290,0
1579,2.745120925,4.776110186,178.611495,89.96451692,2.541899,0
513,3.527457283,5.162343985,68.738558,74.39378583,8.244965,1
468,2.149305479,6.385932015,68.750388,78.59867065,10.282825,1
1666,5.605134844,9.34261027,138.548229,73.48512756,12.360530,1
848,3.941243916,8.466223822,92.330214,84.89513675,14.489762,1
911,5.22123334,4.064407885,128.644272,69.86222863,1.837451,0
700,5.261851426,3.125030456,75.555064,79.14987855,9.591611,1
1150,4.341194856,4.74795037,107.579871,83.69585856,10.797008,1
718,4.629742567,6.874856681,82.234834,84.50221063,13.417780,1
636,2.581556884,7.672266593,79.350367,83.33600555,15.764935,1
963,3.992672747,9.329692497,96.868269,90.13897332,12.768606,1
826,3.875739139,2.245706168,119.064492,71.54278866,1.831070,0
710,5.151704189,15.55588131,105.079855,76.81980215,2.054969,0
1201,2.527674515,6.366394951,146.614234,75.12064635,2.341042,0
1018,4.689677225,3.451074662,131.712547,87.0032811,2.219610,0
550,2.803104368,4.953145561,69.670207,71.3393961,13.986593,1
809,2.165725444,7.619396897,86.313819,78.91100297,8.222668,1
836,4.057617897,3.721994218,116.766227,77.12313912,2.125725,0
1097,2.915833073,4.236526715,100.519352,80.50689343,15.794103,1
519,4.118193872,5.071538732,68.490507,86.22894307,10.691748,1
653,4.103014956,4.434693926,80.484760,81.62177596,9.959128,1
814,1.892423543,6.261907984,112.519693,85.07360048,1.663768,0
1222,6.06009043,8.204878885,142.953264,72.04654876,2.008414,0
659,2.259402435,12.42413991,77.640365,72.87376539,8.227935,1
1091,4.734335407,10.99371751,101.532083,73.73192297,13.144498,1
473,3.342347277,5.121673305,63.955355,73.92432708,11.184201,1
701,4.539109185,8.261762126,77.416099,75.26905986,8.458969,1
478,3.983844111,7.71004625,67.293403,81.343901,13.272824,1
983,3.8892374,5.4447038,101.230546,72.44297049,12.193628,1
912,4.493759982,7.025457832,127.051518,76.37786337,2.161717,0
663,2.425785737,6.306488032,97.957761,79.00724688,1.603041,0
856,2.338371432,16.04455521,90.754415,83.12094728,13.900969,1
787,2.726190895,5.338586824,82.800035,85.69417132,11.754480,1
586,2.470340007,10.62179037,71.137355,66.83548848,11.647111,1
586,5.072857892,6.695238148,69.434622,78.07909858,14.649718,1
610,1.744099801,6.242142726,75.846028,87.5782468,13.872048,1
685,1.968808862,7.013968136,102.104025,75.08909184,1.917096,0
704,4.825239614,4.494031097,82.900276,89.1669266,15.595760,1
724,5.322429915,6.387135818,81.241116,73.54170208,12.886538,1
581,3.207014405,6.705894207,72.007611,91.9955552,8.308045,1
785,3.756836012,9.767897117,88.435641,76.26709167,15.523686,1
860,2.785481771,9.722460943,120.429119,75.2173921,1.976773,0
631,2.84128084,6.369188019,78.544017,91.91626929,11.310001,1
589,4.198665842,11.24906776,71.215980,71.52878938,13.982487,1
806,3.839980305,5.472996084,110.884684,70.36855293,1.771155,0
517,4.172594824,7.392830603,70.549336,81.79088851,8.775002,1
1124,3.016499862,1.813251616,109.124026,66.88456062,8.708346,1
920,3.874859427,5.020848027,92.906635,70.0440247,13.789762,1
760,3.81187193,11.4634364,106.909529,88.08828329,2.150920,0
1160,4.556405598,6.081139842,103.386972,89.94778959,12.786936,1
1653,2.26014166,5.615433477,181.108553,86.33687788,2.558496,0
483,5.202942743,8.907317971,63.241193,87.72169996,10.333486,1
472,2.967644504,4.993986225,63.145002,69.29913119,14.107381,1
892,3.928914746,4.428650584,115.625313,69.23956772,2.045462,0
813,2.451471837,6.647743568,119.018428,67.7394431,2.007787,0
594,5.060432094,8.276300855,75.286027,76.26601521,10.821139,1
852,2.641195464,6.447758972,91.437537,75.70993509,13.845204,1
746,2.542574121,4.177389761,84.296077,83.36179033,10.650565,1
612,3.753787122,2.969933186,74.162432,76.15877364,7.931268,1
1441,2.346734982,4.596499726,160.085718,75.2150024,2.321772,0
834,4.235612948,8.51558649,85.621966,78.79090836,12.884643,1
585,3.551494742,8.542089975,69.309385,80.98023789,9.689091,1
1258,3.123135711,4.575126474,156.979884,77.89765109,1.871234,0
644,4.158133206,6.251184806,79.300228,83.48277113,11.601368,1
629,5.573521789,4.761188396,97.644055,75.83161473,1.889341,0
972,2.951069014,8.512802574,94.640908,75.71325592,13.210539,1
683,4.3543098,6.024612388,80.710084,80.5794486,11.328839,1
461,4.061126794,4.395631972,68.049100,78.93459627,9.993861,1
539,2.747919978,4.711832305,70.070353,66.84316873,12.917176,1
438,2.748125301,7.169343944,60.866418,74.04607433,11.932081,1
581,2.532502622,5.211893945,97.332372,74.97293084,1.881528,0
893,3.752174721,6.264110083,120.563071,79.85592042,1.972942,0
355,1.886040538,5.969209876,75.916480,79.74952568,1.635490,0
556,3.877828698,6.945098344,71.981028,80.61404761,15.127552,1
1200,1.85629298,4.243157014,144.480775,81.67924066,2.049326,0
637,3.982328345,3.352307713,101.759236,77.97160704,2.026613,0
779,3.030990497,5.772774894,82.775716,73.58084735,9.990005,1
589,1.90169107,3.893577097,96.392026,69.02363639,1.873158,0
1149,3.907305252,4.234667755,148.201202,85.19669772,2.270403,0
938,3.448496341,6.973979023,98.005007,76.61213208,10.560205,1
652,2.681799367,9.697204887,78.360661,87.79712275,8.453128,1
363,3.803833514,3.891699875,61.123311,88.61362473,11.433769,1
839,2.889035377,7.317941654,91.731343,77.66450372,15.912031,1
1179,0.027070823,5.883258489,148.742641,75.96037341,2.299699,0
781,3.544010272,8.019388437,81.719046,88.17244343,12.181094,1
848,2.102516986,6.395933,86.201351,75.04901403,11.625401,1
711,4.606372709,7.168955315,79.827357,69.70627318,9.455410,1
809,2.256553585,6.593908154,88.648653,82.61126849,14.968512,1
926,2.651224898,5.953540657,93.165516,78.65418113,12.419952,1
512,2.779135882,6.4800015,68.315093,90.47600664,14.664255,1
1101,2.366374956,5.27096147,108.437165,82.27765784,12.536368,1
394,2.068343977,3.963083316,77.846508,94.07385329,1.739754,0
725,5.102152232,6.015529236,84.258835,84.37185901,14.523966,1
517,2.081107512,0.048739749,90.129558,78.72383892,1.664860,0
611,4.346513398,9.849734462,97.487149,76.42364357,1.708232,0
693,4.783418152,7.651036521,81.702346,76.57009073,11.483973,1
860,3.747278182,7.699523374,88.106518,89.09825434,15.497936,1
608,2.424684271,9.478545185,74.006126,72.14040123,13.532589,1
631,5.238686153,9.963249083,73.809250,94.45813183,13.116982,1
765,2.254016199,3.58178026,86.820742,82.01133299,11.915945,1
821,2.474992278,4.557607218,85.341523,79.22882156,7.944364,1
673,2.914293485,5.717493996,101.703224,79.25845065,1.608214,0
910,2.837204614,6.480443718,123.142701,85.15377517,2.213446,0
932,4.241621567,6.692255046,120.723770,74.41770806,2.087173,0
1064,0.192245506,7.374385561,130.387943,81.59063708,1.938683,0
897,3.552377198,8.118598956,90.168522,78.31054787,13.201803,1
636,2.543855856,4.235340785,76.448660,84.79125753,13.278508,1
566,4.255685541,12.60580617,72.612975,77.86664196,13.554179,1
782,2.802165336,8.723511659,87.657826,73.22971711,10.913006,1
908,2.34298638,13.48928275,90.107025,89.91666123,15.762587,1
499,3.840890143,8.256118489,68.753048,68.64547938,8.820164,1
794,5.060360314,8.134557547,89.066809,84.4368073,15.188549,1
555,2.882231365,4.016674682,69.714471,73.36144397,8.432530,1
784,4.846996865,3.991898532,81.702493,91.38838665,8.804605,1
1007,2.645025359,5.071646524,97.565040,87.24031124,8.431689,1
599,4.892021554,7.230780439,73.739382,80.43800149,14.568689,1
948,2.909201211,6.465289141,129.295303,74.59376891,1.686362,0
971,2.540761216,8.873455021,125.934201,81.70265146,2.091937,0
523,3.894377486,7.402905956,67.278668,71.79478261,7.970982,1
820,1.057626643,5.297493408,118.243668,76.14515337,1.852168,0
941,2.834998545,6.611676981,125.217445,81.541942,1.713239,0
503,3.832283153,4.81214822,90.692123,80.25953671,2.027500,0
528,1.751937954,6.896169021,67.249262,79.35606693,11.835299,1
950,3.831052817,5.286278904,97.780568,77.60335334,9.734706,1
996,3.349441025,6.173437486,132.209294,81.19642269,1.870315,0
706,4.963164757,5.632383399,82.912435,78.7370484,11.361254,1
999,2.859133015,5.042603809,100.467362,85.7417633,12.464363,1
839,4.886441253,3.040085499,115.922714,77.09687124,1.631751,0
979,3.935145936,6.294923789,94.725540,65.61217163,11.432774,1
714,4.406485585,10.39793825,80.651987,84.61496804,9.894930,1
937,3.599809205,5.117627556,130.541699,73.58788571,2.154820,0
645,4.024922678,4.700539017,75.450715,82.92686382,12.684041,1
708,5.986446001,6.628283628,107.681102,82.75841028,1.905018,0
713,3.809005638,13.1481078,79.030976,77.80617387,15.586216,1
1079,3.621313359,6.307055274,100.067461,76.09519021,8.409908,1
799,4.164921068,6.042047444,111.347823,71.39034734,1.671551,0
818,4.929050394,1.786107445,116.749718,76.35716967,2.171533,0
654,4.230500605,6.52465223,74.409471,74.41437124,12.644614,1
439,4.599075561,7.532659942,63.558240,73.8596397,11.293175,1
952,2.475717378,12.51508636,128.299145,89.046067,2.258768,0
856,2.892029598,5.040147235,124.267491,67.30665913,2.170746,0
968,5.069016071,10.73942024,95.878400,80.64470465,13.755873,1
526,3.116734651,6.474503376,72.209142,80.60996032,11.665584,1
516,2.866640914,7.086613096,89.978201,73.88045852,1.590632,0
770,3.834607022,7.261652433,87.352160,71.18220736,8.657994,1
1391,2.921863322,12.85025866,164.796732,81.54386318,1.993597,0
862,2.581250163,4.453480847,118.182810,80.70366845,2.156002,0
500,3.689782712,4.106458866,91.564798,77.51127897,1.731635,0
518,2.754011675,4.45637229,66.356688,77.8784687,8.975882,1
505,2.536811879,12.28186069,66.690737,89.63889961,10.635304,1
615,2.399981329,10.16321641,95.138734,89.25354826,1.931008,0
547,2.288944928,13.82589096,72.078969,82.87755574,13.243493,1
980,3.534892935,9.049000477,133.199633,80.01259821,2.212646,0
673,3.724180888,8.654336607,77.572751,80.17333138,9.341184,1
759,2.539379268,5.713720226,80.968683,75.59674508,8.058954,1
935,2.352369895,5.293495931,88.984267,77.72529024,14.127037,1
516,2.781434902,3.43391761,67.694537,72.43674572,14.823170,1
629,2.582628812,6.480300182,71.909775,80.10516193,15.090870,1
680,2.336739467,6.896471963,78.161192,77.67910198,8.362581,1
1037,4.022065002,7.597334246,101.031108,79.68348557,15.056613,1
1044,2.957663424,7.567104669,130.456964,77.76070886,1.825988,0
495,5.008179468,6.68574263,68.052791,83.91673172,13.317904,1
1182,2.646390966,8.8203819,110.546790,72.12125278,14.054186,1
1198,3.806824908,13.7398604,139.492624,83.61579019,2.337684,0
1386,4.277510747,4.24490975,119.805667,86.43738941,10.101471,1
738,3.75284889,6.793033014,83.393113,87.73442333,9.039920,1
805,1.99007821,6.393855339,82.277809,79.062431,11.040144,1
849,1.823684509,4.963849447,86.985736,75.90831512,11.344413,1
865,2.929342224,6.101720144,114.804426,83.32775859,1.837926,0
665,4.101702855,6.164605662,102.493089,78.16360218,1.970554,0
734,5.369783804,8.63110744,77.613485,72.1292826,15.124364,1
394,2.747945186,6.107120143,63.211107,86.13233955,14.597918,1
1261,4.030530325,7.454143101,114.619408,73.99271207,11.275474,1
685,4.708998057,6.081656059,103.333933,73.44987684,1.707122,0
852,2.588709322,6.369111247,119.713135,82.22690971,2.092741,0
673,2.695083349,6.003624052,101.913349,80.84733049,2.058516,0
761,0.601278411,7.514691591,87.278614,68.83460165,15.430707,1
697,5.038159793,4.552153162,79.401486,83.4154539,12.981031,1
530,2.155602189,2.779284043,69.337441,78.16467134,10.368322,1
758,2.26024744,5.971341001,84.892131,82.29233437,10.478136,1
371,2.0528516,8.096558965,77.889837,77.48105958,1.736432,0
805,4.788980856,7.340445101,85.835322,75.84087249,12.011273,1
516,2.591129999,6.132329296,65.605823,73.72033302,13.841419,1
840,3.129240668,7.545361314,86.402057,83.6589585,14.115472,1
872,3.575352267,10.97368778,86.359541,89.36155769,8.687143,1
637,3.309685156,7.602190548,78.498876,82.4173253,14.655389,1
798,4.836231429,4.939524063,115.232385,84.04874474,1.686059,0
547,2.705943509,5.492615783,68.829700,74.34203503,11.014563,1
812,2.28187961,4.132728396,111.980703,81.55372721,2.114504,0
1002,3.766352371,4.376283673,135.771688,77.62203566,1.933656,0
868,5.740378646,0.73348134,93.490959,75.45368103,15.709298,1
1051,3.434320495,0.590956726,104.946759,89.14070669,12.570210,1
650,2.491081138,6.14438554,75.244967,86.18572819,8.505554,1
902,3.361349877,5.506638716,117.317400,75.56599293,2.013448,0
486,2.565510759,5.844720549,65.045414,70.86994857,14.297548,1
604,4.919070479,5.931952699,74.053672,89.80708523,10.645906,1
695,2.876398904,3.799518441,79.985330,82.13261145,9.733954,1
969,2.790596237,4.49945453,124.508978,73.9897927,2.221119,0
637,3.376539991,4.409463337,73.902664,69.62215512,12.378616,1
894,2.372567793,5.142627495,87.104359,82.83403815,10.135942,1
572,3.876120697,5.386441372,74.781847,76.02633222,9.316672,1
1151,2.765279748,6.19754546,111.784484,81.90321219,14.017485,1
680,2.771560994,7.35662253,77.655567,82.2590862,7.978168,1
817,2.724569652,9.688149067,86.211370,73.38599519,9.993065,1
1963,4.581849462,6.176107658,202.200733,80.68865022,2.634267,0
488,2.847090044,4.0049784,65.053945,78.55765406,14.271674,1
983,4.527692486,5.298949709,126.591398,86.9592459,1.710126,0
852,4.408114112,3.742379752,122.243056,81.84610462,2.214144,0
1064,2.103028361,9.577655526,129.861106,70.52401294,1.740401,0
853,2.954566902,8.014225129,90.909384,79.17819132,14.993807,1
1010,3.509366845,9.522200768,95.218155,76.19738868,10.203222,1
497,3.08040084,6.382391066,69.493351,79.7356978,12.823559,1
719,3.96238426,4.216426139,78.899091,79.64535897,15.025207,1
546,2.161954263,7.120910553,70.370780,86.2061318,10.548558,1
724,2.79897587,10.741345,83.871988,70.72016571,10.314654,1
1121,3.823508155,6.00338822,106.414011,73.47771439,10.115324,1
867,3.624106793,6.110612918,86.375463,66.17633683,14.870564,1
602,4.677039553,6.768367541,70.250900,74.42126932,13.595230,1
892,2.400480125,5.300577106,89.173763,81.72265978,10.116676,1
877,2.801714352,4.173923438,126.122817,78.67173418,1.870305,0
744,4.792655237,7.72932219,104.612198,67.17729783,1.978185,0
750,1.865464886,5.360332114,109.396459,74.67370289,1.738734,0
611,3.309063078,6.649552171,75.938048,74.93792307,13.443288,1
618,5.391784807,11.5602246,73.842093,86.5044749,15.529878,1
971,4.482730073,6.670373082,124.198067,73.42432407,1.868819,0
590,2.912540997,5.050884945,72.889349,65.36135597,10.500764,1
1057,3.75086716,9.800073269,103.007955,90.15481749,15.116365,1
1465,3.798925324,5.925625242,160.450119,80.44703398,2.010549,0
828,3.804128183,6.253918626,113.148107,80.606922,1.737008,0
925,1.774391931,6.026624813,120.806045,89.21827342,2.177697,0
684,2.181097504,8.897160151,80.925429,80.60382238,9.113084,1
653,3.275838357,8.185304366,75.187481,74.57422209,10.450968,1
613,3.917434957,8.26960747,75.567210,77.30201217,8.530401,1
787,4.381908228,11.34602516,109.290130,78.55046393,1.866185,0
603,4.872579976,4.585665666,95.124236,84.82409274,1.547937,0
630,1.743583684,2.310593824,77.320139,69.4425692,10.079836,1
721,2.825411608,5.804651505,80.216380,71.64773845,11.088719,1
938,5.448879057,10.42362304,96.061314,83.22666128,14.843660,1
910,2.70217238,5.362872979,126.949119,75.61599593,2.084867,0
463,5.324296804,4.718529751,67.345633,69.37017576,9.368420,1
854,2.428165535,4.654578029,91.809146,75.12469744,10.661641,1
561,2.398631239,3.998411797,94.550752,83.99202938,1.992575,0
762,4.258846871,5.547048323,79.281529,73.57420344,15.315856,1
820,3.201056857,7.56052274,90.475499,75.97944049,14.634658,1
1488,5.044104432,6.816537418,122.069575,71.48939218,13.521557,1
1004,3.8908197,5.659296788,129.352466,84.33429041,1.703717,0
976,2.921943172,5.58861235,133.139983,76.14857688,1.746059,0
1197,2.525354978,7.201491013,106.303827,80.14664499,14.180622,1
863,4.907445698,16.22657286,90.605453,72.32083777,13.261259,1
476,4.168776301,6.224702031,68.884219,83.83666504,9.510382,1
930,2.557358821,12.20315112,90.077814,85.77105913,11.492748,1
478,2.762544823,8.433498007,64.414941,80.34036472,14.413657,1
1349,2.654411091,8.526458825,163.532235,84.74393432,2.182921,0
783,2.94545204,11.50821405,80.726312,71.31080837,12.072924,1
800,3.587332631,6.834433236,89.017294,82.10173502,10.167428,1
648,3.222832954,6.951770344,80.110071,65.42913049,11.804567,1
879,3.828521308,4.177730423,121.537562,90.29636461,1.662077,0
729,3.167796084,4.55387961,111.804935,77.35616502,1.684747,0
414,3.752496082,6.528522595,59.318382,87.23509924,15.144990,1
563,5.248594811,6.037278483,71.112819,71.05239607,9.149369,1
459,3.514744725,5.872564374,67.619754,86.6785492,13.193964,1
1147,4.444994346,10.56122927,140.792967,70.43065591,2.196741,0
512,3.008784294,4.685539724,68.295982,72.88784323,9.613259,1
1306,4.935560776,5.131644538,152.987980,83.86799904,2.418446,0
671,1.940793275,5.813950064,81.214213,85.82252265,10.259017,1
553,4.369523041,8.061723342,71.156066,80.10926822,8.404421,1
773,4.196683644,5.079684442,111.102016,76.02058241,1.999935,0
574,1.884028032,11.99561745,97.941040,71.61586608,1.700082,0
1437,2.498184146,8.959614849,166.081932,81.01707187,2.383290,0
855,5.02218318,11.31524351,87.543256,84.60534248,11.719399,1
1357,3.313075073,7.496034679,118.251068,79.48817891,15.310996,1
984,2.485725522,3.066424544,123.641635,86.53411917,1.950947,0
451,3.783163393,12.68095674,63.113456,90.77376003,15.105427,1
758,2.924378052,2.961114329,82.764486,83.00432113,15.096302,1
609,4.716116229,10.63541158,98.853243,82.79197576,1.812594,0
865,4.364823095,10.2301116,91.653911,86.20461517,9.529108,1
489,2.369247107,7.163784658,67.762695,68.30046618,9.224216,1
424,3.010579646,5.52334728,65.690146,87.10716649,11.576111,1
653,5.36911608,4.548072336,75.038995,71.73119273,12.638184,1
847,4.001388055,5.269089871,112.985994,83.15869711,1.676815,0
958,2.714196123,4.874474605,132.540953,70.02083189,1.694482,0
747,3.121894545,4.253207803,113.460377,87.50511272,1.857107,0
1006,5.024341199,11.839796,128.880870,87.87202989,1.870815,0
665,2.763026429,7.450452574,74.739543,76.76926275,9.512754,1
919,4.900798881,8.545546731,94.412674,85.72710865,12.173664,1
865,6.729323739,3.969785773,89.385606,80.42435022,9.503273,1
634,2.587113339,6.757522273,101.985862,75.1551379,1.623637,0
1184,2.372619137,6.617618572,144.504660,79.15375025,2.041847,0
1108,3.49758966,4.095852304,131.852789,79.29493742,2.184213,0
460,2.507489968,1.666230804,65.927128,69.41875638,10.662526,1
565,4.437753652,5.110722879,72.386660,82.58352745,10.912806,1
576,5.495972304,13.11465835,69.337612,71.93467395,9.353827,1
573,5.372805598,4.792874121,73.767130,78.87970327,9.344232,1
1387,2.986592731,1.911386064,162.990695,77.67367228,2.217190,0
464,3.041034442,5.997240576,63.782958,76.21902642,14.006557,1
1173,4.184777825,6.966769122,110.787017,79.48469166,13.382050,1
894,3.747370275,8.611308525,126.003388,81.9721925,1.660298,0
771,2.345177042,10.02652051,114.127713,71.19122919,1.845560,0
849,3.056432741,17.96444657,88.042592,71.59748072,13.402762,1
736,3.910651322,1.996638414,84.201899,78.15365216,11.629957,1
633,2.838720514,6.860739263,101.804969,80.60293066,1.838853,0
512,4.23073015,8.022559604,70.138506,74.98749459,13.482410,1
560,2.683046512,12.02872734,91.269424,84.05027372,2.039436,0
828,4.057485757,6.836365106,90.320918,89.05312444,9.563429,1
466,2.54229771,11.41333308,65.482511,67.87367918,12.803660,1
544,2.559951366,5.951770726,70.988693,71.39546957,15.459085,1
657,2.678798238,18.15762003,78.663403,69.4883466,8.529409,1
825,3.225175835,7.051874239,88.646021,68.31643828,14.552598,1
670,1.958243515,7.152135393,78.553828,75.90208418,10.616777,1
889,2.117449841,3.986508693,124.501888,87.91160384,1.734561,0
400,2.645782523,5.134500619,60.674125,77.52579755,7.744473,1
822,2.804917427,4.453806671,116.242367,78.41206054,2.123938,0
1288,5.34259053,11.47409149,158.610126,72.45689516,2.049252,0
734,2.730303026,3.719210131,112.112760,82.20333872,1.823280,0
714,3.474915369,6.34274579,83.157316,88.99057932,14.120903,1
1445,4.327496436,8.415393024,160.729184,65.26634933,2.351080,0
1383,4.75788136,14.7795387,155.156009,73.70220296,2.330213,0
980,1.922964659,6.315304562,131.655843,74.10735194,2.173874,0
780,4.098928651,7.104087698,80.719042,83.57157264,14.605928,1
685,3.675007252,3.889038716,108.545142,79.84727554,2.086744,0
534,3.965156689,0.983290368,69.634640,78.10584571,10.045295,1
526,3.823923492,6.72437969,71.080236,82.75200428,12.470863,1
1301,2.479021826,6.105712358,158.048590,77.41508996,2.409394,0
788,2.216408733,7.793939257,116.106192,80.25266394,1.773419,0
592,3.74699772,3.927818794,75.104890,81.54159566,9.585037,1
1436,3.481701102,10.05430436,158.277541,79.37665489,2.419772,0
468,2.78095554,6.00457897,68.427843,78.14111375,8.691434,1
607,3.227210221,4.13845761,73.383679,76.62282709,15.302080,1
483,3.704477899,4.731185689,69.199866,85.26698875,13.741765,1
688,3.939913932,8.741117337,76.649003,78.91273956,13.574791,1
966,5.343274051,10.25142618,97.486818,66.93154549,14.634547,1
1176,1.742539078,4.393848808,111.370015,74.76568215,15.806051,1
1042,2.947914395,6.439706901,102.563533,67.60755801,13.324502,1
905,4.078870195,8.148051587,91.014422,79.43394874,14.103786,1
773,3.348316697,6.890316204,81.775034,68.24275096,15.271719,1
481,4.00227243,6.414769892,84.836622,79.7703121,2.040281,0
840,4.454703495,7.360697788,85.207198,77.82385913,12.927924,1
726,3.133553199,5.998991542,111.834484,77.73891037,1.956376,0
637,3.048477556,4.234359413,100.516517,87.96724526,1.560407,0
637,2.695817058,4.206507741,76.165314,84.28877,13.820944,1
752,2.971146079,13.13767795,86.347740,84.87475726,15.516950,1
385,4.879010414,9.545392749,63.502494,69.43477112,7.774559,1
583,4.32019514,4.659841668,74.646122,90.16676093,11.757554,1
828,3.315981428,7.298580293,90.141490,83.40131013,13.523509,1
626,3.705535465,8.333199123,72.812788,66.08105077,11.626223,1
992,2.421933005,5.198151376,131.604775,77.98892352,2.230127,0
875,2.923030616,5.518384071,88.931941,78.66219727,14.436146,1
525,3.968380146,5.558980292,65.997939,84.50169948,11.200966,1
764,3.494110231,7.254707446,115.850266,82.52593426,1.822572,0
872,2.923483018,6.54737104,117.231587,80.79720293,1.978819,0
467,2.298065848,4.434370427,67.130645,87.13445585,8.356731,1
346,1.973565159,10.32756151,56.953731,68.53609864,12.811564,1
649,4.301450692,5.778943455,74.213648,88.30808953,14.898727,1
559,5.205547695,8.685250684,69.391866,67.4907237,14.068958,1
443,5.244522501,5.241694096,88.584084,73.75215658,1.506279,0
484,2.389605016,7.761719449,68.445305,78.81885012,10.193801,1
988,3.549304224,5.882847088,132.331807,80.50020856,1.807750,0
933,4.949979195,2.670381564,95.824262,75.22491412,13.717971,1
917,3.379824025,16.66226086,91.298656,85.52573602,11.190532,1
975,4.609328636,4.098580724,129.745937,73.87607582,2.060993,0
698,4.710916484,4.048665409,78.509002,80.54242006,8.051394,1
782,3.707036029,8.331262819,84.954110,79.55876509,13.875960,1
831,4.853428487,5.890744202,83.431881,70.67070473,14.053486,1
727,2.413479346,11.68853418,78.345438,67.7724242,13.684001,1
722,3.205493407,6.150237921,106.267741,77.95609224,2.038300,0
832,4.795796635,4.58265652,113.768549,79.54681335,1.711158,0
891,2.315109978,6.295665692,94.890992,88.7601381,14.917402,1
673,2.330213257,6.680515281,103.319711,81.43286144,1.712135,0
967,1.999938677,6.238140475,128.620547,73.82181356,2.021018,0
414,3.855161253,10.06942877,64.256724,70.16942355,11.273145,1
926,4.620791458,5.863661502,122.743875,75.1637723,2.032729,0
713,4.712140313,10.10949195,77.223772,67.28091951,12.428545,1
671,1.781893774,5.020615766,98.535019,82.3035512,2.011835,0
981,2.761758018,4.995088973,129.685251,83.8381135,1.946230,0
833,2.821520136,6.18773975,89.460087,73.95402241,8.428778,1
915,2.663243589,9.74377403,89.483166,72.65107063,8.263225,1
690,4.334995636,4.096233213,77.815439,82.96849137,11.490456,1
577,3.178755046,12.09133308,70.960880,68.65545338,13.010322,1
641,2.435071564,9.063174599,77.517295,71.60885746,14.765476,1
886,2.64336365,5.61580202,93.688333,77.58380876,13.201475,1
908,3.643042597,6.483142044,120.792162,81.33803182,1.854421,0
518,2.368732537,5.181676507,91.564187,77.9827463,1.550355,0
411,2.560487381,6.506800607,62.871653,74.9324785,10.517231,1
675,3.515006579,7.524616058,99.944493,83.56500391,1.747543,0
894,3.238417942,8.618690217,92.682397,76.30568819,10.452818,1
670,2.625509981,2.199436557,99.147189,68.39482869,1.737879,0
1055,3.764658073,6.991528526,138.181990,76.74139546,1.730564,0
576,2.935569316,7.737717353,71.172734,77.25544602,10.030957,1
802,3.566594819,4.180011688,109.708720,79.90055648,1.810375,0
911,3.678152189,7.146192687,91.541563,65.81502049,8.938529,1
887,2.854726689,8.646813615,92.603371,76.729438,9.381992,1
797,5.096768194,6.663210451,119.286003,78.90227965,1.785687,0
589,4.095482673,8.317243294,71.447245,86.25339498,15.516346,1
887,3.303181808,6.252385698,125.305904,71.75792324,2.076294,0
498,3.737556423,8.149470874,68.200506,71.64311167,13.697591,1
1004,2.677799512,5.284619939,136.338316,70.0638128,2.088742,0
859,2.500034933,7.289598218,89.265743,67.01003802,8.712674,1
500,2.688681941,13.70593458,66.773083,85.61967041,14.431664,1
652,3.352901502,6.324044687,80.429934,80.59756759,13.026153,1
601,1.813163805,2.33720087,93.435655,78.06824787,1.964699,0
618,3.597010263,5.638910559,74.801524,81.6228384,12.001002,1
859,3.324412907,6.785775147,120.782517,84.06220258,1.942511,0
812,4.275504297,5.349060527,87.588633,76.3802915,10.407550,1
1181,3.779622383,5.584591252,150.583641,82.15115897,2.034708,0
1024,3.636237551,7.227436834,96.649977,80.78095786,10.304392,1
598,2.584260828,6.572258544,71.093544,80.17176832,10.562223,1
1172,2.9456453,13.81791538,108.259000,81.53928634,15.857885,1
880,3.656871203,3.705720546,122.320852,78.39458106,2.004244,0
756,3.521078145,6.679929956,112.082208,72.38832725,1.806024,0
793,2.813042146,7.703966237,88.624769,83.3338243,15.393029,1
1182,2.351405501,8.206561338,147.021455,77.3613383,1.896615,0
876,3.180025369,5.140168866,114.412974,88.86197213,1.740683,0
477,2.867657761,4.132835305,89.273112,76.21451859,1.468741,0
995,2.2876069,7.404159191,135.668680,81.16143892,2.123979,0
915,4.02233569,5.533840176,95.323924,82.72275418,12.128250,1
602,2.436872664,5.890300123,94.354893,70.2731726,1.961750,0
549,3.408672812,14.68113698,67.645263,71.28667124,15.243635,1
508,4.001380377,6.125368684,65.475683,82.97488026,10.945044,1
698,2.661339132,13.02602304,78.149195,90.86227482,10.949344,1
752,3.471193208,4.241874872,86.385188,77.75395652,8.725827,1
743,2.852549559,5.277545444,105.153257,79.07035142,1.804163,0
1150,2.236247587,9.361295951,101.257063,76.11210972,10.146793,1
852,2.155992834,8.218475841,121.573643,76.67588187,2.134280,0
679,1.982309353,2.531894311,107.627936,77.74818146,1.815273,0
394,1.928600088,8.928887729,62.718975,75.07678986,11.296549,1
598,3.125806244,5.661799798,76.269800,71.64129373,12.298579,1
1244,2.050098426,11.05216264,155.816672,72.66299949,2.113537,0
769,3.414766416,5.806164903,83.390960,78.47082669,8.469821,1
658,3.762850222,7.273887228,75.565150,74.85775091,12.738834,1
404,0.738985585,4.381568358,62.032848,81.70310258,10.161076,1
669,4.004560335,6.561593186,98.857995,71.45269552,1.588074,0
530,5.395986022,7.142557392,68.746498,83.80550301,13.493612,1
1149,3.533365874,4.573785649,101.805867,80.02472163,13.481926,1
763,2.329179271,9.113576957,116.438309,74.52716399,1.759779,0
1949,3.122005223,6.654090529,195.664790,80.80179029,2.462321,0
476,4.951463129,5.526893908,68.820306,82.3735973,8.917739,1
886,4.316031926,8.036976912,91.099564,88.90105007,13.225399,1
632,4.851719022,6.767540912,76.961365,75.84885293,9.046428,1
540,3.921626192,6.022895618,68.215480,82.27570579,8.673913,1
1249,2.461325383,6.245944552,115.282746,72.57039096,10.218491,1
583,2.457127371,10.37454663,74.565894,79.21456787,15.545121,1
589,5.057417527,4.782250188,70.703614,79.20349168,13.047464,1
1072,2.099920627,3.841663851,133.471831,86.44198252,2.096788,0
717,3.957656567,3.80315574,109.703035,75.95037612,2.069072,0
1268,4.887590739,6.344893643,114.272588,81.68736025,12.034376,1
417,1.720048315,5.106032941,60.905915,85.02713238,12.678947,1
430,3.523970359,6.286524993,85.442549,77.52772225,1.536240,0
1021,0.013605747,6.374758071,137.871600,76.52351714,2.183589,0
493,2.489451802,5.651003264,64.054893,80.66572884,14.096142,1
714,2.018115048,7.764358029,101.841749,70.00552301,1.638108,0
807,3.119481665,4.956614937,119.677682,83.83617128,1.886851,0
870,3.489544204,4.642301614,124.798079,87.09557205,2.228425,0
928,3.884393319,4.379254847,90.687158,84.22129847,13.012267,1
612,4.411540194,3.984834507,70.804075,85.42458821,12.384546,1
639,3.633028682,6.890670257,77.261233,79.92773601,8.613769,1
1364,3.186604459,9.499410337,116.557107,72.558553,10.345747,1
882,2.736905169,7.433066275,90.220443,75.90531916,12.132139,1
1067,4.434499033,4.109890158,138.849689,77.04324442,1.821528,0
988,2.926153964,4.480069962,96.865506,70.07447582,9.121938,1
689,5.469867,6.016401211,81.243379,75.79709624,11.148503,1
398,3.698494994,4.8156977,58.976876,75.77367815,11.812311,1
448,5.728604465,5.00319445,62.289591,79.61322664,7.853005,1
778,2.430948969,3.784764129,81.185725,80.3564564,9.735577,1
481,1.920299842,2.625457244,69.529418,70.77782427,11.736498,1
947,3.991606336,6.784814265,128.074749,90.40980543,1.878615,0
907,0.036155578,5.686407077,90.636653,73.00954672,10.803716,1
642,3.307393778,6.651364286,79.212975,70.39565993,9.286137,1
453,4.273580605,5.817989744,65.696730,87.10389251,15.265337,1
704,3.262876916,4.963643493,77.023994,73.53310837,9.112283,1
737,2.65500211,3.539253951,84.472432,69.94197858,13.492670,1
474,1.725184514,4.704576638,68.277992,78.74929771,9.318756,1
645,3.930204767,4.41165536,100.479168,73.43262938,2.025944,0
761,4.115451595,9.345379143,111.505049,87.75062098,2.011418,0
629,2.247492875,5.432745476,73.774381,89.3397592,14.644060,1
567,2.706901099,6.552520484,68.040968,76.23219416,8.889866,1
61,3.936640686,8.088475293,41.161431,74.08819957,14.112769,1
667,5.714216564,8.03302675,73.693415,73.56634869,9.544522,1
1081,4.223930217,4.24022526,132.666514,73.28706089,1.989783,0
892,4.122584247,7.931812645,124.678078,75.8878944,1.841488,0
849,4.952401864,11.56760565,122.992208,77.24474175,1.776451,0
844,3.126165553,6.368980744,90.551597,76.25637226,8.834922,1
445,2.687239783,5.760545552,66.365462,79.02343452,10.801128,1
668,2.861021749,6.325342713,100.373327,78.52126818,1.719915,0
885,2.034509032,15.49967975,93.235452,80.81798458,11.502201,1
931,4.303455652,8.465447368,90.285195,85.88234591,8.404824,1
788,2.845933626,7.570906257,113.716244,76.46873391,1.976527,0
705,3.049553659,9.869917055,77.478374,72.15661291,15.127259,1
665,2.378161673,5.225018577,74.203095,85.97342096,8.897263,1
542,2.797951987,6.033567053,94.629973,75.23780189,1.873922,0
910,3.145849918,7.097565637,93.669661,71.52027814,14.130903,1
804,1.679161743,6.200844283,113.607974,87.05479063,1.616956,0
888,3.205714194,2.507992466,117.415527,64.79961582,1.680856,0
1119,2.572049959,10.32996927,106.478721,68.68570868,8.308120,1
923,2.965317209,5.9397089,93.478273,73.81682768,11.683708,1
817,3.335511607,8.374007278,118.006136,86.12808815,2.168888,0
653,2.475160639,6.625956532,79.317436,82.02973238,12.619754,1
591,3.018343774,5.157963944,76.141482,66.40017958,14.252780,1
742,3.842011294,5.356858474,113.956942,80.57340633,2.145552,0
492,2.208560063,7.442157556,66.309855,75.58144125,11.832955,1
487,1.932906459,6.817267264,63.570469,74.80294551,9.789574,1
871,4.552276485,7.424265223,93.382069,87.41080744,9.560957,1
399,1.616966609,12.08420404,60.348491,75.47314341,8.078662,1
691,3.666250941,6.224704369,101.863344,79.08447508,1.808796,0
695,2.360540957,4.440452537,78.398536,74.68378575,11.872278,1
558,4.600099276,6.896475603,73.075441,90.72347144,13.897935,1
916,2.206308779,3.520341709,121.259870,76.15871024,1.682302,0
658,4.981108816,7.241153318,74.587459,71.24458528,10.725751,1
621,6.364523253,15.13140212,74.786444,79.69957543,9.966543,1
433,2.966353336,14.02751381,66.255871,77.61524235,14.948600,1
638,2.092968615,11.85732441,96.934869,87.2580592,1.763512,0
731,3.116680743,4.542020082,110.374696,71.54535511,1.823563,0
1158,3.43121954,7.937746975,104.731108,83.59561635,10.516678,1
963,3.689433614,12.03141559,91.322511,76.72020351,9.733304,1
564,5.442297046,3.874103996,70.653266,84.8297755,7.949533,1
644,2.077520777,5.65530964,72.361750,74.0651835,12.740905,1
1140,3.384586316,11.23142684,134.729938,70.93461295,1.964628,0
434,4.861838749,7.390210978,66.357085,82.6791008,13.428127,1
464,3.926507002,2.563041655,87.563724,76.26797119,1.868213,0
822,1.875372711,4.994440144,111.834747,72.52688655,1.880553,0
648,4.133896555,5.649848541,97.853813,75.73590475,1.968232,0
534,2.304156049,10.11031149,72.833491,75.93063628,13.612711,1
1080,2.084174831,10.15101405,134.896977,74.66807764,1.769837,0
696,2.954537828,5.683195766,101.363629,75.69431452,2.069222,0
913,3.433998206,5.094737092,94.873099,79.73703159,10.152943,1
496,3.392706434,9.544493962,69.927167,91.23603398,12.412159,1
1032,3.765233378,12.51501328,135.079704,78.13693248,1.758896,0
743,4.395310925,7.703249244,112.421128,80.11689264,2.029532,0
618,4.259119782,7.581517005,74.852133,84.34121712,10.810891,1
726,2.937762143,7.208258611,108.256965,74.72029976,1.878742,0
448,2.206675298,7.249722306,82.125456,81.07565483,1.671800,0
664,3.919719745,5.410659298,73.921550,71.1077014,14.482542,1
736,4.969464832,6.298467049,78.353245,73.44665841,9.060672,1
524,3.713449758,6.586142191,69.648369,77.26139361,14.502243,1
541,3.934739506,7.565581708,70.189221,78.72817025,14.741217,1
746,6.061592585,9.387486578,83.836974,77.73102686,8.379371,1
589,4.768931424,4.606048638,92.685008,75.71652037,1.758516,0
601,4.893426178,6.889160228,70.639101,73.67576983,10.873176,1
681,4.460973766,15.86792467,78.256496,77.15180695,14.276898,1
1187,2.544725347,4.327270779,103.784336,82.81491692,14.799890,1
858,2.626669698,4.402303678,115.672546,94.78439215,1.996532,0
1058,2.935019898,16.84128453,138.269994,75.31862576,2.087852,0
916,5.353875915,7.991420701,94.070859,75.51975347,11.525734,1
750,4.865835303,13.05748743,84.175465,78.43579459,11.236727,1
422,2.809132323,1.848679614,63.493970,74.16687445,13.548357,1
675,2.995069562,2.253490526,81.594718,91.16851195,12.085432,1
826,2.100041872,6.090944761,90.254758,77.08926828,13.981724,1
928,3.040451182,10.92244777,118.957006,73.23699113,1.728542,0
1069,2.297863979,8.382381922,100.779486,71.08712553,11.994924,1
800,3.496302285,18.01465744,88.916547,77.63414602,9.066044,1
565,4.401158748,8.916302191,68.967211,82.32366416,15.683480,1
455,5.369593153,3.101885492,62.862291,83.29919527,13.026798,1
661,2.262503261,5.786728643,108.018888,71.81278138,1.745818,0
887,2.46108712,13.206178,86.294680,84.130789,9.698324,1
973,3.727802527,12.78000148,122.485931,80.66255291,1.758362,0
623,2.631380941,5.060368109,72.735124,67.26151577,13.290762,1
630,2.105404499,6.929379586,96.840193,78.35605615,2.027123,0
914,4.149338249,10.12206816,88.121541,83.50533888,14.931361,1
796,3.823450058,6.336588647,117.952443,72.84896841,1.996809,0
714,3.101948171,6.745051183,80.180612,73.49933445,14.105223,1
670,5.280322912,4.17431439,104.712177,75.76298005,1.822010,0
663,2.122412648,13.3981076,101.976128,88.61469362,2.067781,0
814,3.335734412,5.490818681,118.533294,74.77964581,1.940134,0
560,3.921723852,6.490193598,71.099484,89.57749239,13.845531,1
1292,2.139702362,5.146160098,146.180112,85.20890039,2.179062,0
790,3.524930928,1.757091757,81.484086,71.48777174,12.286171,1
509,5.182617928,7.334746528,66.963874,72.60170504,13.625028,1
531,4.368057198,8.887353891,72.073004,84.86626511,9.875770,1
922,4.901382957,6.272780643,92.423420,84.8634097,12.114112,1
1072,3.266102077,7.240234644,104.602635,68.13083519,12.953034,1
1622,2.666694542,4.768451328,135.123868,73.18476452,10.540600,1
785,4.7299671,8.176713398,81.254978,76.28937691,12.855321,1
879,2.873419667,16.45055898,123.813228,69.17599692,2.045367,0
759,3.664707578,7.023034509,81.699114,80.37545854,10.170909,1
1382,4.330332903,4.513069235,158.502830,78.45191987,1.893934,0
718,2.696597213,5.721593543,78.175747,73.4224489,11.151835,1
746,4.569531768,3.174606377,104.583399,87.73221093,1.585722,0
551,4.593888855,3.724728552,71.644343,83.55770605,11.189965,1
1022,1.792154357,7.351483943,103.221096,82.00480214,15.815947,1
690,3.755539843,5.705820342,80.110429,83.99412394,13.873523,1
1011,3.965804742,5.71332074,98.432559,87.47492755,9.854076,1
1099,2.834231941,3.338667396,134.354395,71.08776405,2.247143,0
481,5.331830204,15.49670484,64.098946,73.5006115,8.797561,1
484,4.159954867,9.139441491,65.263943,82.8598364,13.567062,1
546,4.453795612,12.46760765,68.654073,84.57940984,8.737172,1
569,2.750778056,6.358760212,73.222343,69.6213752,8.324594,1
784,3.550455755,8.038049769,115.300241,82.00415099,1.753922,0
881,3.040111417,5.378294979,93.377079,79.06150221,13.312502,1
851,3.037373153,5.549467734,92.010304,85.13495777,9.921934,1
887,3.08364134,5.588579834,88.693572,73.46376952,10.121057,1
1135,4.264144401,5.481056468,147.257667,71.1011871,2.071876,0
1136,2.245517795,6.832943891,147.215994,73.82577657,1.848520,0
403,3.343031524,5.949638486,64.337610,81.97926172,15.359895,1
514,2.00038479,6.055676921,65.284042,74.20656286,8.196595,1
606,3.113024493,4.983023327,72.290969,66.26944137,15.644146,1
494,3.199042637,7.258445967,69.815317,84.42620992,13.026136,1
812,2.901162864,4.272662647,82.232304,66.74525114,11.646821,1
433,2.587754464,6.057344377,61.083543,67.39347605,9.819080,1
966,6.141304114,4.723788267,97.571173,73.86141164,14.735246,1
1024,3.254001802,4.417240257,96.409564,84.14984655,13.724398,1
665,3.473601874,5.873480013,75.877705,74.59148862,13.507722,1
778,3.760202575,5.436970086,112.264450,80.22562757,2.061006,0
1286,5.123405337,3.826147648,115.575302,71.8645535,13.495138,1
675,2.909173117,10.65117082,77.250943,68.54231219,8.773988,1
683,2.723082233,7.933188548,77.664413,86.28788092,13.295958,1
1376,3.532965719,7.868575252,114.629782,75.06470895,12.680098,1
854,0.12486646,6.593321004,85.176003,70.27742344,13.224238,1
780,2.594671525,5.25603517,110.785663,75.52746711,2.185299,0
635,4.344697946,7.578583626,79.171908,80.7593629,8.624524,1
869,2.670912143,5.036908893,92.696596,79.99904303,9.088047,1
543,2.65336999,5.951917798,69.003210,88.0927524,10.633052,1
664,3.978487755,7.537095002,74.146224,84.56546386,14.469074,1
630,3.208522737,4.224883484,76.622692,73.77997056,13.487465,1
981,3.692886271,5.766643657,127.317290,80.49863258,2.029250,0
719,3.418866742,7.38583906,104.971903,73.87057879,2.103458,0
380,4.0423577,10.43655838,58.379989,76.9462264,14.752697,1
486,5.489293527,7.05345793,65.150642,72.83059708,12.072016,1
1186,2.464418735,5.348569483,151.010361,73.48468542,1.829700,0
888,3.66120541,8.783024585,118.134498,71.00604692,1.860774,0
466,2.274385015,4.344826671,63.135581,91.90680476,14.804539,1
540,1.950300716,4.783403046,71.457862,76.23145436,9.404447,1
1033,2.310467297,11.60379665,98.742098,70.76006509,15.250655,1
811,3.859857186,10.8515348,109.837328,74.05860299,1.905050,0
533,3.935740187,6.20171956,71.015284,74.83063072,12.359963,1
422,2.659720363,17.179589,64.072921,81.10987707,15.164348,1
788,3.271455264,9.214695573,84.254165,72.71796648,14.851952,1
597,3.011239897,7.110373576,70.009973,88.77171571,9.992808,1
807,2.642883515,5.230102377,117.857791,81.35861022,1.711257,0
1224,2.99942756,7.295813154,143.543720,71.34604113,2.362023,0
935,2.813090165,4.569830543,94.604952,76.33953,11.866928,1
1550,4.808315088,4.444073355,135.419179,87.09618981,16.149470,1
638,2.208983391,12.29362812,101.729872,82.88931374,1.982190,0
590,3.691376665,6.592643743,98.812183,83.61952203,1.735432,0
671,2.07598253,7.113422252,79.973528,86.41406137,7.907240,1
1243,4.440378499,10.99926666,106.996794,70.87832514,14.974967,1
733,3.751803423,12.51593062,111.670099,79.1470858,1.749761,0
774,3.01609285,3.544525612,106.942569,84.7966401,1.707234,0
920,2.460961596,6.556940736,92.981373,70.73027774,8.142175,1
657,4.242280945,6.383183273,79.521184,88.198224,8.525491,1
838,4.443468496,6.18930982,90.958877,86.31434267,8.153309,1
570,4.203548302,5.497712501,73.469164,82.18337922,14.073809,1
887,3.307588243,9.062877545,124.304833,81.34195555,2.038065,0
1032,3.380109702,7.155298178,102.328701,75.56743466,9.197910,1
1400,3.416604683,7.578565476,123.319604,72.18236992,13.611978,1
370,2.382148744,4.373560376,60.258988,84.84346506,9.043299,1
290,2.204520411,5.905334625,54.023221,67.48804167,12.369930,1
1546,3.903522346,6.205256347,165.711453,73.67770336,2.529896,0
1265,4.800364981,4.29458787,146.761810,69.27353297,2.388590,0
611,4.244865605,9.959492787,71.584291,78.54191489,8.033538,1
697,3.092194194,2.717958809,82.782217,71.42370044,15.788833,1
987,2.921063088,5.056405256,133.304973,75.00974027,1.985355,0
573,1.133905363,4.200098827,93.828654,84.08583023,2.018912,0
628,4.645943559,5.287919552,76.071553,82.73463365,14.498848,1
525,3.209606266,10.07305016,67.763749,68.59798504,15.718113,1
838,4.047844447,3.651515202,114.009310,85.27640839,1.664495,0
493,3.791422954,9.372044411,65.495448,64.99689078,7.875452,1
1118,4.288338282,2.062191531,136.247463,87.08466383,1.798063,0
484,3.058464011,6.556646798,68.595926,74.78104069,14.808560,1
930,3.939654234,7.768757442,119.531644,83.50274046,1.905930,0
858,2.110544225,8.722100784,122.449027,72.69657758,2.142058,0
1264,2.808550273,4.985001994,153.377932,70.42591691,2.094910,0
958,2.45382184,10.04657076,97.759558,74.7384259,8.900258,1
999,2.399887508,5.559026835,95.251723,69.58918413,12.176367,1
708,2.456144057,9.610022198,105.082475,71.23825502,1.762909,0
531,2.553633727,4.083738887,69.136471,77.91576054,15.321263,1
471,5.009137737,5.210795539,62.754891,71.50017415,11.046673,1
827,2.471364921,6.946816518,121.701048,71.71557749,1.938762,0
581,5.043965343,5.46097096,75.099192,77.09871092,12.026141,1
876,3.495089111,6.031392609,89.168782,78.97687132,12.502903,1
615,2.855999918,7.451441149,102.635365,81.62104402,1.879112,0
1587,2.347895987,6.523340468,171.284672,72.43675862,2.104761,0
760,3.232617652,7.884844229,80.022184,80.06935965,13.154649,1
805,3.064387449,6.426716563,83.621128,90.15732221,9.188455,1
758,2.781501556,7.210584817,111.639009,74.19198677,1.620402,0
872,3.598044611,7.986955186,86.898460,78.57916682,8.919913,1
516,5.294706218,7.287226997,70.478592,75.10423464,11.144702,1
813,2.380060202,5.297108677,114.118856,77.07615145,2.015944,0
700,2.682045569,5.648130863,104.378118,78.03181731,1.980326,0
587,5.363736687,4.374739815,74.382214,81.0265458,11.371299,1
453,3.233189675,12.93688334,64.827307,87.35986686,11.231370,1
1227,3.103696214,3.600701079,150.715233,68.59585288,2.110986,0
1147,1.969247138,9.985865349,135.958437,90.81816724,1.935693,0
790,2.058168863,4.80762075,80.704120,67.59245337,12.367687,1
1480,3.186473078,8.622550807,164.839597,77.26976134,2.356966,0
553,2.599174868,7.057961057,67.883880,75.31472027,15.496432,1
838,4.289452125,6.069334638,113.897622,80.05700114,1.976403,0
386,3.589420039,9.401784029,58.081545,72.29212211,13.518884,1
846,2.452660783,4.463842226,113.322048,73.40740317,2.165097,0
749,2.264673097,7.837760337,80.111359,81.09748335,11.958409,1
851,2.580402271,3.393332661,91.714939,79.75643583,12.315000,1
602,4.079744373,4.186969852,95.002937,72.77379475,1.992429,0
942,5.03795157,5.701019189,121.469857,69.7177857,1.733634,0
1078,4.785110461,8.032375543,99.000367,77.16476583,11.212725,1
575,5.507877775,7.952730909,72.250804,77.7310277,10.706003,1
752,3.438395459,7.367456379,79.060692,88.2304465,15.255358,1
610,4.667713924,5.931002321,77.460697,80.98166672,14.514317,1
942,6.107821,4.77215842,93.787191,79.58454419,11.700264,1
631,3.003064942,4.96120098,74.859778,78.91078004,8.549910,1
779,4.665822421,6.472353775,117.320055,72.1509296,1.808433,0
750,4.107551622,4.290513502,81.044858,77.87093798,10.092351,1
798,2.321890123,7.67488152,82.489623,72.50964302,11.244112,1
651,2.863480806,4.051038161,80.121969,83.13471708,9.094800,1
1240,4.492776925,6.634046492,155.512802,79.66114124,2.266773,0
1348,2.096711649,6.532441789,119.502832,81.97994737,14.714000,1
438,4.07609976,7.803149316,64.128576,80.2904602,11.572433,1
569,2.156556583,5.975143807,93.674171,74.37669379,1.706751,0
599,1.823089994,5.775347078,100.867782,89.79752868,1.916828,0
874,2.834351459,7.610327306,87.011040,73.50711626,11.508263,1
854,3.216400732,4.198578609,91.388288,81.44921087,14.365355,1
674,4.822979762,4.546635523,80.653631,83.95769633,11.033130,1
563,1.901561783,6.653823672,68.510446,84.13029355,12.782753,1
1367,3.434306486,9.398781774,161.271455,77.66140312,2.342598,0
561,2.393513731,5.979344383,74.476978,76.4442388,9.817714,1
1072,2.824220958,5.060298243,104.619218,74.33723992,11.466022,1
1299,3.182990906,2.329230698,148.599936,74.09033509,2.121208,0
1195,3.446582452,5.943094537,111.450043,71.7499703,13.490218,1
483,5.36122326,3.745169862,63.537752,79.50658685,10.212167,1
1108,2.540678994,15.56363278,107.055861,82.63433309,11.205378,1
707,2.709782322,5.591549727,77.457283,63.76716399,7.922380,1
436,2.571322385,6.753594059,62.531778,81.3008616,10.696207,1
1187,2.576814196,5.038818543,139.327947,77.42617984,2.056358,0
394,3.870637575,5.188749592,62.982823,81.87623508,14.848781,1
808,4.82187306,6.80432388,82.065346,80.00474963,14.094350,1
441,1.796910346,4.392656085,67.132114,69.60996255,11.190572,1
1109,5.128644027,11.93356051,99.446858,80.03695593,12.376020,1
685,4.291956418,8.705038016,82.039247,79.12933129,14.767252,1
557,2.776648551,4.354502082,70.676838,93.36910492,14.219852,1
446,2.791058793,8.700333072,65.962727,71.68526777,12.167533,1
515,0.991629244,7.369588369,65.065842,73.24207632,10.224992,1
526,3.784461579,5.071793624,95.240888,73.13486589,2.046867,0
1137,2.822741146,6.45176764,102.755541,77.54798068,10.805789,1
935,2.935110548,6.16954246,89.994217,67.17821691,11.324822,1
1222,3.306089715,6.967669664,113.777358,65.89583034,14.248801,1
1048,4.001562444,6.865600409,102.534697,75.05433236,14.252516,1
620,3.040018988,12.27015011,76.074295,76.52028328,9.141842,1
386,2.839552477,8.346532252,61.409257,77.00511207,11.985633,1
1046,2.619105171,6.923216645,101.926155,76.3555324,12.936938,1
639,4.274741993,6.897624861,104.947674,76.86968479,1.589613,0
1161,3.544000993,6.223719476,109.658862,87.9353684,8.876941,1
928,2.604817256,8.23191154,89.125994,93.22526179,9.828447,1
420,2.022598544,7.701125884,84.737215,70.37568106,1.449972,0
1454,2.063374366,6.168260371,170.535051,82.71824663,2.424875,0
1190,2.321269875,8.147134647,111.581113,73.89949251,14.493405,1
962,2.570389694,6.561467066,127.441138,78.54639403,1.800663,0
453,2.062758861,6.28516823,62.173961,76.31608666,7.766635,1
399,2.909903655,5.578826697,61.626041,83.99594469,11.617329,1
779,4.982419141,6.317337013,109.118800,64.92804682,1.770751,0
844,2.366490222,6.59131088,84.925688,76.68133655,14.445837,1
626,3.014915091,6.20352397,75.614043,72.52736741,9.744866,1
500,4.368021532,5.915670276,66.668043,84.21949231,13.464709,1
426,4.954114141,11.62403103,65.803689,85.78163743,12.349149,1
541,2.646998223,6.41455442,67.153333,80.70845613,10.494134,1
1050,2.193996717,4.588349655,138.753869,85.32136883,1.850165,0
749,3.658544748,6.224741423,105.804527,88.64465041,1.813324,0
1111,3.040786797,6.202104486,107.011685,74.71632133,14.339917,1
832,4.071541237,6.700027692,88.269906,85.69583721,8.801887,1
465,1.893389587,5.233877756,68.449032,66.81013153,7.938710,1
1118,2.833704973,6.582414953,140.350319,84.7161613,1.913171,0
1026,4.618583703,4.403616421,127.902674,72.63042575,1.930345,0
722,3.040713055,5.466268973,78.089330,68.16059897,15.686088,1
978,2.972436397,5.611396128,93.971183,76.86511356,13.459058,1
860,3.034183262,7.996621579,86.100180,88.94029409,14.979883,1
1692,3.563361954,4.443019687,142.011249,77.78509919,11.596444,1
755,3.201776255,7.569532248,80.351691,67.15353327,14.270809,1
980,3.945635433,7.720549422,131.735763,84.4801546,2.089069,0
1529,5.47161256,12.45347497,126.590906,90.02121881,9.582565,1
1181,2.243044743,4.891744203,146.662573,80.48181969,2.174666,0
922,3.053211018,9.975124317,97.041803,66.11454582,8.591623,1
632,2.588276973,4.397800295,77.220341,83.77807759,11.490501,1
702,3.250184942,8.807315783,81.739107,88.27125092,13.435674,1
456,2.619307865,8.349443037,63.189906,80.9823361,13.477573,1
847,2.33233742,3.176118838,88.275391,82.12387101,13.942430,1
399,4.618364365,3.441001954,63.016753,75.37216309,10.342012,1
1762,4.388123424,7.02391512,138.518290,69.89303998,9.000432,1
1713,5.094177822,4.363162271,145.114532,71.05287637,10.677677,1
493,2.654241285,7.084659988,66.356828,86.12738173,8.095569,1
953,3.782185338,9.728329437,132.520655,78.79367791,1.967512,0
594,3.650876308,3.246766473,100.352085,83.84969392,1.892214,0
836,2.684516353,5.915182194,88.979642,78.46750467,9.552669,1
635,2.648732412,8.965555228,74.183259,79.04749223,8.721047,1
806,3.860323506,5.066059065,86.639100,67.32032962,8.169034,1
1150,3.326127964,3.385439828,103.136695,87.00579592,11.420179,1
1051,3.569008879,9.028296844,102.560247,67.96286503,9.777000,1
638,2.648659675,5.221762891,99.747239,77.05385975,1.657200,0
681,4.355864609,7.645249069,79.672854,69.34445073,12.954086,1
820,5.399930371,7.432878064,85.230699,73.1975367,10.692186,1
955,4.963756234,9.417035289,131.874067,77.30735785,1.922734,0
681,3.563244395,3.082271734,79.007398,82.61801873,11.497029,1
899,0.063231139,4.782681194,123.213706,80.98766397,1.838263,0
796,3.526201142,6.919749459,114.617085,74.13178702,1.812410,0
471,4.379108715,4.445033903,64.364819,77.89120188,12.483897,1
479,1.953547222,5.34931345,64.341012,76.06725784,7.908109,1
774,1.90705411,4.782535479,109.895114,69.04126708,2.046162,0
678,4.953112907,4.279697556,79.198760,85.46725153,11.257129,1
688,3.66074155,4.639049253,79.370923,78.95281933,8.840679,1
599,2.483464494,6.303130294,73.398821,81.31772668,12.748322,1
1188,5.024794043,6.545818696,113.945341,75.44236854,11.448150,1
958,2.262660282,9.312763623,128.891312,81.10543545,1.912825,0
802,4.008334002,8.405401276,108.578855,74.97048896,2.058478,0
1123,2.841169183,6.41236017,142.165852,83.63520404,2.152920,0
618,5.447047809,9.089161523,75.508799,84.70176027,10.699846,1
559,2.931860846,6.316356473,70.271113,91.49261879,8.578775,1
502,2.406240202,6.486863834,67.068422,86.79093404,13.018002,1
451,2.766045521,4.693013289,63.914508,84.93854802,8.310949,1
744,4.383467902,7.524747169,83.013142,75.07603098,8.466420,1
542,2.769547766,7.186716545,89.744806,81.49182973,1.828520,0
640,4.2047159,6.976177129,96.515690,81.82913126,1.829998,0
1021,3.226747707,3.686818739,127.143516,70.62939925,1.942975,0
569,1.972276826,6.765680194,70.107606,75.26903321,15.094210,1
924,2.153919705,3.823722114,128.837282,75.6075279,1.759710,0
465,4.942359755,2.028878838,90.878459,78.88215553,1.434478,0
807,2.133619996,3.358846616,82.295950,88.20893416,14.821937,1
1360,2.207026043,4.661851329,164.549909,78.76783765,2.336409,0
685,3.827886668,6.78211669,75.609303,90.59289819,15.008895,1
757,1.128270916,12.86350948,80.663994,80.77760771,15.343610,1
1139,1.862417101,4.121219191,103.857337,75.73402986,9.350067,1
841,2.579711658,8.009201238,113.979620,84.94519978,1.789789,0
1379,3.331049105,2.979491694,157.843983,80.23453535,2.235148,0
336,1.972849751,5.667104081,57.285528,79.11468639,13.794717,1
817,3.705183019,6.190978816,82.567319,68.81750288,10.873145,1
702,4.526542597,7.585515474,78.044571,75.91871023,15.608615,1
1077,2.114301177,4.875599847,142.769903,82.94256435,2.240497,0
642,4.70187421,6.815110837,76.056057,84.76610145,10.621039,1
892,4.201582337,4.179841352,88.128136,86.68536817,10.473479,1
593,4.970906179,7.697161869,72.403406,71.05684274,12.408690,1
1055,4.038389516,4.449688653,102.365448,81.21030584,15.678602,1
585,2.322151068,0.852463598,96.383918,86.60397703,1.614154,0
929,3.127718253,7.018146041,95.717796,80.55101181,14.302285,1
1180,2.460076949,6.457549329,144.082494,82.55082831,1.917547,0
796,4.025948356,3.117686848,81.736485,79.2337502,11.190702,1
1155,3.722674963,7.474869157,102.074008,73.67676409,10.882034,1
500,4.098378245,10.88795711,68.142875,81.17273444,11.308081,1
658,3.282544254,6.827312614,76.677616,73.34429134,10.448740,1
603,2.812289158,8.453708769,71.312116,77.35822746,11.961627,1
673,2.21967091,4.793861951,108.247779,78.85223752,2.080142,0
872,2.822604771,7.136104148,92.510646,88.64442149,8.955694,1
812,4.576275395,10.6251349,83.401978,84.97356476,13.579967,1
1093,4.272733068,5.808096133,99.682403,84.8294366,15.604038,1
467,2.891054842,4.703899499,64.329727,81.16913558,12.880622,1
659,4.740455687,13.29352218,80.539659,80.52646031,11.425020,1
749,4.175864842,5.349160866,80.546358,76.86754085,12.320511,1
1037,2.94168403,5.08285095,103.164223,86.70083977,14.818617,1
541,1.951007979,7.640212928,72.844055,75.04069666,13.707756,1
1211,3.787367931,5.56148817,149.773907,66.10548864,2.054314,0
601,2.030485876,6.366994426,73.571232,83.49408615,15.717508,1
506,5.008774859,5.357533285,67.782250,77.42417463,7.909332,1
728,2.977739471,5.225831245,110.227938,70.56551816,1.688910,0
512,2.73410194,16.21740859,66.885401,79.01966243,8.948111,1
508,2.761401344,4.415968138,69.921404,79.25227743,10.792424,1
656,2.625957073,5.645299495,74.046975,73.2556099,8.670075,1
760,3.107766551,7.262765315,79.102819,88.01768479,11.205081,1
802,3.896101828,5.023473135,115.438171,83.02442849,1.850904,0
521,5.184336341,8.454199937,69.147991,79.15457251,12.313832,1
1448,3.554559674,3.250682436,172.322437,81.7398921,2.334498,0
1139,3.892523393,5.937636438,101.871977,88.01234374,14.172486,1
643,2.651641369,10.13134316,77.557335,81.65465662,9.297142,1
1352,2.987549161,7.585436331,154.819542,73.48468205,2.295844,0
800,2.032992024,6.116883024,110.418127,82.88755079,1.798087,0
536,3.036256365,5.564834777,70.456810,81.89193448,10.235387,1
969,2.260964499,4.438013417,97.203419,85.39416121,15.104227,1
502,5.505702431,6.956466133,66.836767,66.03279333,14.462772,1
713,3.686923292,5.380364062,80.767405,76.7208844,11.179458,1
918,3.227174033,5.488730441,122.193377,74.52239862,1.900964,0
880,4.143112602,5.601057884,118.294520,83.31903106,1.994343,0
522,4.947887017,6.417194324,94.776742,75.37394624,1.958088,0
770,2.543068329,5.616329106,87.409958,83.33828247,10.447994,1
444,3.921870192,4.667850017,82.462428,75.95303795,1.809784,0
567,4.941227147,6.879212665,91.554397,71.48257432,1.735027,0
499,1.967941896,2.666343707,65.441783,81.53470291,8.486387,1
1096,5.169692989,5.205118662,99.118149,72.36754602,14.846478,1
959,5.506266634,3.634501943,99.334601,82.86270836,10.375683,1
631,4.705708629,5.592919921,74.210184,81.25100043,11.959640,1
841,5.026886206,4.84644277,115.712098,91.72750724,1.664548,0
907,2.608657513,6.162707596,125.610004,87.95917449,2.057588,0
461,3.86698091,11.89773819,63.885655,68.91409742,11.717161,1
641,4.205490324,6.630221873,77.695285,74.57020437,13.690733,1
415,4.806331464,15.92429159,59.600162,69.17816274,12.970084,1
540,4.777614403,7.532229359,73.173167,85.45644206,8.296246,1
625,2.984784621,7.627728857,103.870119,75.59416349,1.543757,0
584,2.221508559,5.414759074,71.911566,80.17414791,10.826526,1
569,5.129769352,5.128463119,70.726040,80.50301122,14.937444,1
603,3.936779973,6.871987787,74.107007,66.55262091,11.758444,1
1017,4.729538024,7.642490122,133.646280,72.08347378,1.856690,0
416,3.016342197,6.970404709,62.773418,84.65124387,13.186476,1
751,4.299476879,7.393724673,80.235290,88.83109066,8.878824,1
560,2.596248915,13.44573566,67.572931,82.71276895,8.823694,1
572,4.076340184,10.81974627,75.242514,65.88807378,8.303835,1
696,4.026456069,14.79662373,101.828619,73.76597071,1.604855,0
1314,3.081634441,10.88984796,118.186652,65.46838012,13.216148,1
989,3.319691057,4.52815171,94.875824,86.28579702,9.750114,1
430,4.421119076,6.653570061,87.493787,80.34283459,1.565854,0
383,2.456207257,5.112861452,62.483387,85.6593072,10.618613,1
815,2.444122479,6.88030528,84.558307,74.84152183,13.020510,1
510,5.075248238,5.567440094,68.444088,84.51349872,8.642993,1
711,4.017182806,6.259709433,76.941067,73.99636759,9.539521,1
600,2.028109738,5.841736973,72.183528,69.19249981,8.357932,1
548,2.843756238,7.80845694,71.568724,87.31862254,8.332795,1
1065,2.892719309,2.413432085,137.178333,85.9110307,1.925706,0
888,2.924578349,11.68834341,95.130291,75.68136644,8.720853,1
740,3.241698319,7.910485828,79.580229,88.25199138,13.401727,1
511,1.073106717,4.778997374,86.398408,71.26060282,1.508747,0
789,4.644711484,3.826392718,87.372431,86.4060411,15.573582,1
516,3.301607102,3.982581351,92.075743,68.51703267,1.911380,0
679,3.292128278,9.109190669,76.927799,82.02155893,10.457394,1
715,4.528338527,8.490079477,112.130023,79.73147224,1.730676,0
684,2.503026319,4.921350931,99.689353,75.67532486,1.729104,0
606,4.370384395,3.028483424,96.458051,75.44885815,1.741410,0
816,2.42750013,3.108961226,115.418298,75.85890661,1.985222,0
969,2.565516326,6.041939208,99.583676,67.76386527,14.912585,1
869,1.901011953,2.963616253,115.896766,84.40705025,1.860008,0
876,2.753961207,3.707971954,121.612038,66.07349395,1.825003,0
636,2.765642556,6.720391508,98.802368,83.64193408,1.924650,0
552,5.517973755,12.96754442,73.847769,76.22488283,9.713755,1
889,4.272571817,2.776312262,89.981776,90.70999621,8.728223,1
447,2.773977495,7.164099681,62.361206,74.91070834,13.477304,1
1265,2.42331119,3.849420742,154.218296,71.16879946,2.408373,0
589,4.686890813,5.143576997,71.235261,66.48469602,7.799890,1
1099,2.772396462,10.39417748,137.941114,84.2048848,2.019039,0
555,1.929428803,5.728991504,70.101075,80.24155295,12.606724,1
558,5.02509512,13.62278292,70.702262,70.26994911,7.947695,1
924,3.966984562,8.265195537,89.580258,88.20677227,13.720301,1
648,4.225988378,12.89386452,75.171622,74.55950628,14.585729,1
704,1.826309324,7.46389145,76.665197,74.36995954,10.032483,1
780,4.070775685,6.259825496,83.806685,79.23992839,11.388389,1
1568,4.010834414,5.745767358,126.290663,81.90020108,13.995675,1
1112,4.378646942,8.451368754,100.139054,72.13619808,10.275760,1
701,4.331489416,7.30169045,81.384574,81.89242909,9.521830,1
618,2.351443441,4.874818803,76.676428,77.67252961,13.943224,1
489,2.472016924,1.675367391,69.485683,75.68679334,11.792968,1
451,3.109141965,6.26556278,65.311151,79.51673024,8.818242,1
649,2.350869073,4.444045962,98.923072,75.03950602,1.908213,0
556,4.521859416,4.856587507,67.437824,89.99238982,10.350197,1
1269,3.401974464,8.485012602,112.948225,74.23384549,15.128292,1
726,3.850892983,2.705746137,108.194996,82.20700239,1.689632,0
839,2.581549049,7.252249619,112.544083,73.71549247,1.661674,0
610,3.930743933,11.36624836,71.866890,69.92176798,13.110230,1
708,2.974659072,7.780157667,80.918597,74.34456668,10.245982,1
639,2.653541084,10.61821423,77.288844,81.95947895,14.629220,1
624,3.539872932,11.82448731,102.066218,81.96699789,1.824270,0
1223,2.546669652,7.434215793,154.079295,87.60806501,1.835530,0
762,3.236121207,11.01395685,81.364933,79.55017364,14.151349,1
529,2.483905091,6.97614556,70.672706,81.25475302,9.023318,1
829,3.015128714,11.78841081,87.133666,75.17771632,10.046478,1
591,4.028301931,4.070511474,74.867781,83.91410103,13.349072,1
899,3.188622272,0.599029963,115.852822,66.85380483,2.005546,0
443,3.751818723,7.440855222,63.815021,81.72412676,8.074235,1
747,4.978292717,6.773729489,110.599879,72.07842001,1.650817,0
742,2.714656463,5.798012772,83.426835,81.02283866,15.323840,1
916,2.234144972,6.417599979,89.428626,78.61781405,11.475541,1
704,4.824756474,14.01645203,104.039376,71.21713769,1.834414,0
599,2.233524002,4.700021885,70.996578,68.26551229,11.008442,1
537,2.875433848,9.808851706,92.376064,83.97192034,2.028756,0
626,2.731786527,6.965761875,74.995757,72.78772839,7.826522,1
710,3.136404788,4.381414354,110.569523,85.72940296,1.749586,0
803,3.107364823,7.00678839,89.098566,84.70566211,14.925263,1
452,3.444236417,5.624987512,67.135237,78.49837289,14.335321,1
727,3.229666143,9.371513231,83.065526,83.48785071,8.275798,1
965,3.150630663,7.094900467,121.075878,78.94185826,1.732449,0
474,4.894176959,5.208461205,86.068823,84.87601636,1.858505,0
487,3.236112108,5.100002513,68.165770,88.35400608,11.044923,1
723,2.577129217,5.876794931,108.235962,79.92648442,1.702146,0
519,1.80017974,9.973003811,91.916877,74.41696293,1.891916,0
770,3.468760751,5.950062199,80.353675,86.71108254,14.107523,1
638,4.652143151,6.665161391,72.955196,81.49868924,10.662865,1
704,3.117227158,7.209376727,107.199728,69.88925989,2.091043,0
730,5.518248355,7.14440308,83.657276,84.01729543,12.932299,1
925,2.633808475,6.40270252,125.072030,71.7039073,1.737772,0
981,2.816307107,8.136521314,126.692894,68.50007193,2.114932,0
1456,2.863160166,6.164993331,167.575391,81.04810246,1.980930,0
1422,3.464017857,8.874556151,125.491453,78.6222577,14.304430,1
805,4.126548026,7.037687949,86.760770,72.75752415,14.882038,1
590,2.938977251,4.903834004,76.169261,87.96857169,15.690682,1
1459,3.8080082,6.439790084,128.504209,84.58759957,10.120418,1
818,2.499455408,8.810606857,88.858255,86.18068059,11.038017,1
475,2.175714669,7.438194172,63.185111,80.29657886,8.095211,1
571,3.027917495,3.834269735,70.482743,82.8904926,9.584412,1
804,2.277290127,6.106674651,109.033211,71.72000452,1.853361,0
513,3.741331756,6.946383634,66.524243,75.46361099,13.973970,1
522,4.866329889,6.078352627,65.788041,74.3304086,15.293647,1
735,3.903187739,4.304828853,104.991442,84.81960567,2.047060,0
1076,2.703888114,11.93303785,141.922852,82.84182248,2.032714,0
1058,0.57937415,5.740930511,136.819479,79.06874769,2.095096,0
407,2.471351467,4.288319475,63.952460,85.60221871,12.432369,1
714,3.325674254,5.930912073,78.830932,71.31488023,10.650822,1
959,2.417194595,5.584836859,122.558120,82.52173924,2.165962,0
625,4.125087043,6.959469817,75.451761,78.19607022,12.765775,1
1438,3.821097788,7.721523444,157.702891,71.92483686,2.396781,0
889,4.471761214,8.857213378,91.080560,79.2641365,8.998914,1
847,3.395483334,2.712316016,92.166290,77.62722241,9.252654,1
956,3.814857562,0.897302195,98.180339,84.19213338,15.585260,1
686,3.209839096,7.518198828,106.494478,85.58280263,2.102705,0
1011,3.56449886,4.397659572,102.901914,71.96307877,11.714438,1
659,2.894886722,4.991706009,98.332159,77.33694868,1.866636,0
568,4.420601071,5.447736998,93.407887,71.64720204,1.624236,0
427,3.956739258,5.250244266,65.761217,82.38076864,13.900563,1
505,4.819508308,3.138263844,67.756153,73.08728794,9.493541,1
1311,3.190361251,6.361020928,159.593719,85.4438096,1.915750,0
1062,2.487829735,5.21291841,96.689555,83.40536993,15.675369,1
983,3.860938444,12.91767653,129.121144,84.76600943,1.762287,0
1035,2.051059315,6.732909704,95.713956,87.65884399,13.273286,1
689,4.274968149,16.57326055,82.535394,81.48448291,8.843897,1
449,4.510939238,16.44459736,62.027154,76.24578947,9.296543,1
799,3.984434802,2.839609104,84.775464,80.77794212,12.762713,1
1414,3.473036708,5.785824357,155.348099,79.14680751,2.072722,0
540,5.365642397,5.938129629,71.514776,81.56757697,15.266264,1
504,3.510968937,6.359011475,70.813882,76.21979371,12.894217,1
798,4.731301802,6.095808966,82.954296,85.49448254,8.333641,1
1514,2.077054148,7.62991053,173.878556,82.21396584,2.416470,0
965,2.546913586,6.439448995,93.790004,82.16585962,7.987319,1
987,3.845932336,10.56744486,96.342440,68.91890375,9.188161,1
631,4.539316874,2.302143509,73.034650,80.70743115,11.532747,1
695,2.616094093,6.409824311,75.919949,77.85817772,8.690065,1
747,3.781762469,9.820312953,83.711127,74.17950075,15.768401,1
531,5.054644029,7.921577239,70.478724,81.9777866,9.916403,1
801,4.661702822,3.658256855,113.637853,88.07649639,1.751942,0
519,4.444107061,5.218590276,66.343496,84.05451896,9.345800,1
1086,2.625588801,3.765344712,135.864740,82.62726219,1.998582,0
949,2.97920783,7.777873183,95.277834,75.05398869,11.403711,1
886,2.956115408,6.428744942,89.341831,89.9005354,15.628065,1
513,3.26585932,13.72846018,66.613099,75.65135521,11.858449,1
739,3.450818081,6.902708899,82.564169,77.65847196,8.548595,1
559,1.764649733,4.016317455,93.814263,69.52001473,1.555185,0
697,4.887764013,7.591965711,76.412178,81.57554591,10.054689,1
701,5.88233669,4.43013238,81.761530,79.45811821,8.092901,1
800,2.990194287,4.588856494,111.545957,74.99357993,2.103723,0
1075,2.930496838,6.87210368,106.831092,77.51390517,9.432787,1
715,3.178261965,4.028331989,77.772019,80.92731384,14.067576,1
507,4.593633801,7.339501145,65.369713,65.81463334,10.492005,1
555,4.106185376,8.479324932,70.806591,77.07900503,11.555811,1
546,2.504769941,9.641012324,98.145547,89.88018228,1.532162,0
567,5.68206931,9.430237568,68.572806,66.95522141,12.075786,1
525,4.298243512,6.140301283,69.885936,78.75965368,12.110093,1
1017,2.271675319,11.76857703,100.657260,75.62575194,8.591887,1
504,2.588225269,14.6514158,69.342765,74.76553711,8.627412,1
776,5.116611577,6.293088158,83.876712,79.60237277,13.521904,1
1427,4.813734873,11.76327806,119.749785,80.23828114,12.759054,1
931,4.081100981,6.30706087,126.471954,89.85764539,2.103332,0
840,2.183465703,5.897763477,113.991111,71.38659306,2.105852,0
736,4.973105638,9.069572147,81.566644,73.74101999,10.093782,1
1002,4.377736559,15.29087584,130.400220,82.59494796,1.978907,0
866,2.345832138,11.70649272,93.177784,71.87998134,14.010647,1
1065,4.023600643,3.405958542,102.286680,82.98947459,13.669242,1
1260,3.561749321,4.144269004,152.617986,88.48608026,2.398133,0
1045,2.18369345,15.07301276,102.996245,82.61259435,10.634915,1
559,1.958456829,10.56191604,70.373077,75.88591346,11.617551,1
892,5.77976113,7.677799504,119.788901,77.72621632,1.653297,0
668,2.400174074,6.884675907,107.372441,68.77271076,1.721192,0
721,2.926701249,7.306124642,76.861382,76.69967702,10.911880,1
811,4.059640237,5.38980663,85.816010,78.55269547,9.450761,1
840,3.370565145,4.056645552,111.697751,82.28964449,1.635330,0
773,3.274178572,12.36161162,109.434038,78.66848853,2.114492,0
749,3.004782016,7.464043184,84.226691,74.78162507,8.676392,1
536,2.496174056,7.855926661,69.622311,88.80560353,12.609886,1
529,2.529889148,4.876300938,66.809025,86.56710251,8.641522,1
424,2.887835039,5.537057488,62.617874,76.90054579,13.262796,1
942,3.073389688,4.503732677,131.190190,73.28905053,1.762956,0
913,4.63052099,6.646141737,89.812170,89.74288937,12.385969,1
719,3.026764776,3.264012469,79.066797,78.85884556,11.200346,1
747,4.338552325,5.69215987,82.573970,80.66708907,10.840214,1
1204,4.641280521,4.041895917,148.711560,70.56100697,2.019154,0
1173,4.906246548,5.457404337,107.092957,82.85950367,9.431171,1
616,4.300438278,8.209496081,100.752897,81.41159192,1.866968,0
1404,3.263668242,8.051692991,169.138845,75.22731308,2.035413,0
463,2.574044268,6.249724803,67.912387,68.76925667,14.517891,1
571,4.051955304,9.153942781,68.543057,73.61603298,12.551922,1
616,4.294995649,5.586829613,72.035909,88.68929777,11.689808,1
1089,2.687920756,5.597050357,107.886951,69.08009813,13.643862,1
947,2.685939077,6.486681936,94.243499,77.31174673,10.173745,1
1152,3.182151851,8.39592849,104.531379,80.42958417,12.469227,1
882,4.37445591,3.925168842,121.156604,76.36820161,2.002312,0
832,4.223425335,7.560380539,88.204527,77.69568833,14.866323,1
527,4.339259788,7.522146593,66.278989,77.28906101,9.951080,1
699,2.153512771,3.464348207,104.189897,76.20555091,1.561622,0
567,4.762832087,7.436181876,74.606726,78.91849782,15.001137,1
769,4.57314444,6.256969516,84.703203,86.74290217,8.957099,1
719,4.584513849,5.250556059,83.191309,73.65697431,14.629224,1
1208,3.910440802,10.23646594,115.058994,84.85499666,15.179612,1
767,4.520450476,4.593819523,82.602467,81.52617695,14.782689,1
851,4.164178386,10.1722648,88.485526,76.95836496,11.746150,1
724,3.648855434,5.722279861,113.181623,75.36160611,2.150803,0
758,2.070814555,5.569945803,79.184328,76.97531252,14.291727,1
687,1.990095544,4.276250934,109.588698,80.96307165,1.951201,0
872,3.296687404,5.515286265,88.011406,74.36331114,13.414242,1
1019,4.760427994,4.797504706,100.582777,71.96478898,15.160344,1
797,4.49589946,4.189012771,108.229702,67.37578813,2.172700,0
709,3.725707176,0.702762112,104.706086,77.59480998,1.756995,0
836,3.592441091,5.478942227,116.666807,73.69627556,1.974349,0
1021,2.295784252,6.060925943,99.447544,88.32254555,12.756268,1
670,2.898378477,5.922107067,81.405789,67.73687329,13.717335,1
717,1.760663796,5.671337046,107.934427,83.26883365,1.623287,0
865,1.970491139,11.21685481,86.492159,72.31450639,8.723040,1
520,2.018880048,7.373651267,68.954427,73.30853003,12.629621,1
451,2.692051909,4.442332766,82.756670,76.80977596,1.582731,0
645,3.895740722,9.626817887,72.539163,75.23685196,10.611956,1
790,4.184004643,6.65022028,83.398304,82.96698511,8.269239,1
809,2.524546986,7.396796734,87.158820,86.33589652,12.869276,1
764,3.062610487,4.620158063,85.526165,73.75508941,14.194136,1
691,3.921850459,8.737124323,79.044413,75.66688433,13.644773,1
930,2.889503759,5.877545853,123.316032,74.49556656,2.164373,0
418,2.034217776,5.545056908,84.355778,85.34802752,1.706665,0
432,2.864459866,6.444338759,65.010931,77.15583069,11.451413,1
782,2.067430617,13.66020076,85.225072,79.78914637,8.304404,1
624,3.726964786,9.839936023,75.069695,84.20391579,15.514074,1
1060,2.577711215,8.817991096,105.538595,75.65311677,11.393362,1
581,3.777463346,4.292887591,73.374063,78.28347243,12.766518,1
706,3.621095559,6.412525115,83.310598,76.94354858,11.256043,1
527,4.627385887,7.942128147,91.003054,83.11618219,1.714087,0
566,3.777509146,3.08151356,72.258513,78.93272831,8.747608,1
1159,3.416891558,8.808899473,139.964596,80.54879198,1.873222,0
493,2.152161752,6.814647043,70.064933,78.57361192,14.680436,1
495,2.813402531,6.481774967,64.438138,79.93652694,9.372671,1
867,3.085954704,7.036371176,116.344314,75.56315436,2.005661,0
1077,2.228750899,11.58477006,142.076155,78.78494235,2.084692,0
731,1.976821254,5.11491461,111.156868,84.31225402,1.688826,0
663,2.963720144,7.001262399,75.230580,71.40222794,9.512232,1
472,4.546361801,4.801745068,64.391937,68.74981814,13.984305,1
1067,2.227943526,6.967915703,129.020926,78.82911919,1.957345,0
718,3.87888661,4.457563455,105.928432,74.7293244,2.096896,0
1025,2.576487885,6.222499457,126.570842,80.67413164,1.908748,0
861,2.286987787,2.701316089,119.287646,75.84099593,2.128493,0
417,2.353367694,5.259809603,82.471395,68.20931425,1.589344,0
809,2.850549012,6.377922536,82.050020,75.77125142,9.905245,1
704,2.602146613,7.37792329,82.134200,80.22161876,8.098278,1
896,2.723404007,9.111767874,89.355737,78.94317115,15.498131,1
534,5.198887521,6.473106984,71.644145,76.53785814,14.242118,1
534,4.66098905,8.305832594,71.955118,75.45109664,10.014881,1
990,1.56225183,11.06371945,94.903315,88.71635034,10.344966,1
728,4.030338751,7.346520246,84.856919,64.69249965,14.358355,1
820,4.777291867,4.613540601,116.391454,71.87911052,1.816930,0
736,1.968484407,10.6363513,79.038756,77.56549915,12.244002,1
429,5.207837686,8.643194355,60.148539,75.65217694,12.652608,1
497,4.59760408,8.13976649,66.676155,75.50714962,11.657565,1
1177,2.303199594,6.800752392,103.769231,79.1531945,12.552379,1
418,5.725530909,6.719153801,62.717192,84.47415314,10.366911,1
677,4.083682462,3.410282345,108.620875,88.83973711,1.762689,0
540,4.298623969,7.804885971,71.099954,88.73614237,13.873751,1
773,2.460934584,6.795179966,113.003896,82.29440677,1.971986,0
749,2.110800633,4.653699104,110.972071,84.08303823,1.741595,0
535,2.431110062,5.805175242,67.145227,78.87854745,9.946092,1
502,4.450185373,5.187412552,66.992559,78.07530236,13.937856,1
566,2.509265035,4.597218857,68.406513,80.34672149,15.183161,1
748,5.392817936,10.41229061,84.669396,71.23002097,14.454966,1
846,4.174991267,5.371945904,91.093591,72.74598357,15.197288,1
454,2.126629528,5.379900269,67.764498,83.08460075,9.991624,1
359,4.495708511,5.530627304,56.750056,82.11890617,9.159934,1
456,2.110521749,4.515448905,66.054784,70.30272933,8.717694,1
1012,4.844397185,14.47097661,94.296927,77.8673993,8.141840,1
825,2.790326322,5.136035481,86.208474,66.434927,13.678484,1
613,2.481390953,3.187013471,98.644782,79.91612627,1.853442,0
830,4.12412326,4.860144555,117.647846,77.44951699,1.725975,0
803,4.248282411,7.352698183,88.658963,82.37384194,8.989223,1
565,4.667232182,8.519355288,94.660339,77.94161167,2.054908,0
954,2.814504538,2.970074405,130.951160,81.41904226,1.829271,0
1256,4.256795218,6.327169658,116.492941,90.75432936,14.266081,1
641,3.856762443,6.193728031,78.381579,75.22450958,13.935345,1
484,0.587658893,5.738170606,86.059623,92.22968393,1.452349,0
827,3.980967663,3.315843188,116.177037,80.22628762,1.860758,0
451,4.080447167,3.40139321,65.499225,85.67009928,14.066370,1
434,4.643277979,5.583365693,62.379544,77.5845595,14.020746,1
465,3.375323363,9.859320467,66.119654,82.9834967,14.073441,1
841,2.656357149,6.861910308,114.286785,83.95722922,1.892503,0
888,2.919763877,4.772290264,88.786660,82.10551118,11.987599,1
620,4.146771919,5.679003502,77.831950,89.67768017,15.148789,1
684,2.662283679,9.008452941,108.897203,70.25386031,1.913240,0
577,2.128152517,7.751957094,74.253877,88.91670234,11.120145,1
626,5.063468903,6.779108881,71.830800,79.99594243,11.582138,1
393,4.934205882,6.977568342,58.098227,90.35016677,8.724918,1
596,2.466692289,5.97754877,71.663051,81.33380496,13.829618,1
482,2.312521764,7.68792052,66.956580,67.10541387,9.422704,1
457,2.7511637,2.965118654,84.709285,75.43017457,1.858619,0
1196,2.890195351,5.231909334,139.737093,84.13869817,2.230028,0
820,2.079460804,8.897890141,89.983443,79.03506987,9.621575,1
1521,3.501033685,6.746939485,171.923177,80.79564112,2.544883,0
370,2.109094952,6.410785221,58.557425,81.42944957,8.345499,1
537,3.539461746,15.86639134,96.811706,80.30426465,1.495266,0
432,2.343959025,10.06437538,63.117467,79.57090677,10.330601,1
1314,4.214261239,3.041958073,111.924810,69.1026137,12.083898,1
529,2.31711537,4.039166383,90.500967,72.30861995,1.877447,0
470,2.542375654,5.574105747,67.923535,82.77398793,11.474245,1
874,4.335340774,6.428065816,89.465233,69.38675833,14.114615,1
546,3.820636884,10.52036037,73.522602,78.26062967,15.064588,1
672,4.14429643,16.46822488,75.706619,69.47955314,13.660662,1
667,3.180426546,8.718281463,105.635982,79.18547658,1.647606,0
518,2.633888686,4.809367798,91.443186,82.23830833,1.613368,0
770,2.775252965,8.672610595,106.039921,83.41186936,2.171107,0
530,5.204290187,7.979384428,70.484807,81.46789712,13.581176,1
482,1.41926027,5.866211934,65.529065,90.43405927,15.078240,1
1220,3.646510793,6.136674569,147.569035,76.95650213,2.064382,0
609,4.114243016,6.638599609,99.800570,78.01869908,1.943639,0
1404,1.68991205,6.175127406,125.654786,82.21213752,15.246434,1
629,1.949550253,4.730966654,105.092617,92.55105712,1.795470,0
795,3.311253914,2.619286988,118.045613,72.9353011,1.703667,0
1003,4.139650046,6.975029337,101.919535,75.05376481,11.800583,1
690,3.323212253,7.42221768,76.472854,73.4916211,9.388577,1
391,4.298077699,9.091678928,62.658309,65.07200665,11.209166,1
640,2.470202472,6.22755482,100.321545,87.28805976,2.093777,0
663,3.768990279,5.903644871,75.045612,77.04484354,13.874847,1
769,2.544957785,10.12968743,114.516652,85.2060203,1.899721,0
738,2.915399874,10.30663789,79.351739,79.63856416,8.490928,1
935,2.910913749,4.692664661,118.692102,89.82720044,1.871780,0
877,4.853846516,8.567870521,90.689002,78.71192834,11.367584,1
1047,3.138238938,6.667140391,96.043241,71.45612268,14.978388,1
775,4.119625538,6.468695156,109.805511,86.93695701,1.944750,0
587,3.332199117,6.977224812,93.433034,83.55295863,1.864207,0
493,2.655479255,7.227278153,64.546775,87.25873868,11.944044,1
776,4.398969198,5.7046503,117.107367,65.81760377,1.885410,0
1418,4.793687881,11.58296569,124.252565,76.18274048,15.905415,1
612,2.072847372,5.938563538,76.073182,72.21223751,10.165588,1
825,2.269983762,6.036231386,82.651171,78.91602532,13.605061,1
978,3.939175072,6.265849617,93.762320,67.96563235,9.696631,1
1368,3.047677477,4.40527973,162.505305,78.19267806,2.065454,0
753,1.714627725,5.19186046,79.556074,80.20040626,8.708339,1
479,2.365552633,4.47322943,67.082911,84.96608257,10.965521,1
714,2.423173603,4.97339101,77.770168,87.86351193,14.619903,1
570,2.812296916,2.732636363,69.156831,75.59979799,13.313461,1
631,2.643422211,7.300027029,72.652956,85.94816557,13.350893,1
474,2.524340529,12.56468015,69.055446,78.02154158,11.625272,1
519,4.466059732,5.070126925,87.287667,66.70421274,1.474353,0
1088,2.937176202,5.038013534,102.902451,74.65894528,14.525000,1
863,2.986936723,9.988103569,90.955462,84.37577432,11.319253,1
604,3.513591355,7.798057387,102.279412,87.31915782,1.923657,0
881,3.766351649,3.782487811,86.883754,70.88179214,15.859726,1
718,2.357570862,5.758734372,106.107175,81.80493886,1.660537,0
854,3.107089263,5.407765539,121.150106,80.33415082,1.923983,0
890,3.363100226,4.032528076,120.428845,86.68740831,1.750414,0
967,3.072460914,8.659750614,93.545811,65.60000711,9.668287,1
1110,2.317742938,4.487701011,135.650154,78.76560888,1.805518,0
510,2.845994378,9.767188353,66.458982,77.74441189,12.726319,1
966,2.147590622,1.219284265,131.284679,76.91375674,1.947888,0
495,4.016106461,7.811385242,63.841075,87.85666883,14.201936,1
449,2.181478251,5.416653314,85.451040,82.14306828,1.793122,0
471,2.618837524,7.076045397,65.341359,77.61349455,13.499558,1
639,5.210990721,8.092645355,73.557424,68.09699675,10.166166,1
442,4.281096346,11.12252614,61.468049,79.96409187,14.910935,1
936,1.268626704,6.481105362,89.861091,70.44824508,9.197117,1
762,1.386896072,6.560161106,110.030760,74.00812251,1.912812,0
658,2.781480523,4.397235113,80.277140,73.03823376,8.944374,1
653,2.933714373,7.198221742,77.512061,80.65399033,13.955140,1
767,3.067638671,12.08580006,105.997808,83.36757605,1.711443,0
583,2.904123706,5.884727651,69.233453,78.1644885,10.291238,1
529,2.95123289,4.581551656,70.820052,72.86593813,9.591118,1
904,1.58635918,7.532629711,91.416654,81.59382536,7.967297,1
662,2.307802891,7.193973661,80.031198,82.56673392,14.048922,1
1009,4.155122309,7.459583237,94.375620,87.00739224,12.653157,1
540,1.915083719,5.478061298,70.328905,82.45704289,12.342623,1
714,2.302648835,7.50540247,83.899863,71.82180096,10.488450,1
713,4.33815791,4.40025918,106.586676,74.88108063,1.736745,0
484,4.319836192,9.919491178,63.796666,72.11960822,9.694235,1
665,3.534302541,2.038869673,104.233595,76.87907329,1.557451,0
960,4.347577296,5.808627268,93.304588,73.30451484,10.140067,1
808,3.447234697,2.482351652,117.053135,69.8405923,1.699490,0
727,3.750224969,6.87997617,82.049450,75.3233541,12.997964,1
519,3.983319549,3.980273853,69.111834,81.59071269,10.743048,1
543,3.277166819,5.940886653,73.092209,72.91523639,15.484056,1
912,4.179981396,1.708906034,124.903675,71.6548924,1.677679,0
865,2.919242502,2.946669302,124.772039,77.26136963,2.061510,0
514,2.485941825,3.363849218,88.195056,86.6543582,1.651805,0
680,2.707680171,6.802372606,78.656470,75.26841853,7.885281,1
786,2.620376751,7.044513745,112.745441,86.40703536,2.087510,0
845,4.149555674,5.639704687,86.125094,85.11160449,9.266004,1
825,2.708733386,3.920737788,83.743006,92.09156957,8.881843,1
768,2.471987747,7.135001288,106.793202,87.66682387,1.745896,0
1027,4.636073449,5.375499353,102.945720,68.06308761,8.928487,1
553,2.599876719,8.404981779,72.001751,80.01145877,15.668330,1
787,2.612163314,14.4146636,111.074573,69.00996366,1.757449,0
410,3.782291502,6.21022683,59.941131,83.70995604,13.832075,1
294,2.069577668,7.281325072,55.455316,68.52191082,11.788542,1
987,2.695108041,5.729253778,127.196541,90.20909433,2.154294,0
813,3.904694104,14.07910916,83.546497,81.55419629,10.480342,1
563,5.186426765,9.985111188,68.380078,73.27570379,13.945974,1
595,4.754617266,6.415877679,73.132380,80.7873598,9.234830,1
801,2.027995091,8.256966173,87.175557,85.12378022,8.512282,1
709,3.385290577,7.465682061,80.282871,76.03153637,11.524642,1
884,0.601997483,7.77830112,90.852609,82.8429803,10.816092,1
491,3.659890925,5.485850801,66.385569,68.3942777,10.030705,1
1074,4.11062483,7.577276363,135.190277,79.36424126,2.224334,0
891,4.676606169,5.878548716,86.541418,78.2496666,14.501130,1
723,2.955918462,4.688247655,108.903099,74.41351389,1.582665,0
488,3.561586707,7.948178487,67.594579,77.03408372,11.419967,1
726,3.019141456,8.418409853,81.901582,73.213699,13.571620,1
738,5.430863085,6.209166383,111.182994,79.09777866,1.684834,0
872,2.8102034,6.490558649,124.114808,86.71143827,1.814029,0
1131,2.388407152,3.280763952,103.296113,83.9699307,10.572859,1
1114,2.730246991,6.466177374,132.372838,76.79623873,2.299933,0
593,2.524077212,5.041076353,98.630069,73.10581077,2.027370,0
372,2.845060088,3.241748428,79.990409,73.48707119,1.950891,0
1068,1.93217342,4.367261693,137.545368,78.9063661,2.057599,0
749,2.228730589,6.31996989,83.047775,71.43580716,13.214751,1
695,4.610939578,6.424344054,78.486793,87.31921842,13.477595,1
587,2.527498421,5.613821419,93.884679,65.6403217,1.909088,0
653,3.887629111,6.343477344,102.447539,69.68665959,2.031441,0
1069,3.199781298,5.906850447,132.000350,84.45970666,2.021161,0
1068,2.580964783,1.099364515,129.316351,87.61445474,2.192123,0
773,2.445734907,5.241074684,86.945004,81.32487319,11.533607,1
625,4.291203702,1.157236339,101.285565,78.66428082,1.707438,0
789,3.843415093,9.662871704,86.313526,72.11093876,13.811345,1
1450,5.158444091,6.379314591,118.686654,75.77027652,15.710317,1
598,2.054871632,5.202624032,94.027582,73.28523117,1.577577,0
707,3.677704871,7.552928312,108.817111,81.10002159,2.124196,0
496,2.624991802,8.192973924,66.322421,67.06254294,10.174323,1
686,3.526337569,7.433347558,77.043487,75.57820542,13.721729,1
545,4.640258494,5.402989891,96.936512,74.71570553,1.857343,0
1108,3.906816456,10.75959142,105.440397,77.04297846,15.172299,1
882,2.049522202,6.551194747,90.295474,83.41871863,10.841740,1
539,4.190404994,9.140738719,68.846104,77.49398073,12.211755,1
1263,5.322447599,3.301947201,107.797818,84.36150571,12.479610,1
854,1.885072845,5.799575695,87.029020,83.66726101,10.678341,1
475,2.944083804,6.583693308,62.978273,79.57409024,8.253334,1
612,2.312415571,6.239816131,99.766154,89.89459229,1.528370,0
792,4.469095137,7.376254166,110.701436,87.20309389,1.644980,0
496,2.287126765,3.069462723,92.160402,65.21804926,1.524584,0
1447,3.295910374,12.90447723,129.271654,72.1915915,11.827402,1
644,3.768083125,4.190270748,78.156713,89.6400016,14.702125,1
618,4.089715173,6.089436952,99.601672,80.50083782,1.775254,0
780,4.164540959,7.01528845,108.651825,72.34937949,1.952153,0
675,4.380166234,4.336278283,107.797021,90.04736915,1.909108,0
1188,2.478571538,4.744994152,138.809546,85.93816408,1.836117,0
513,3.25204858,7.277685472,68.075955,70.65256233,11.119307,1
559,3.283038665,11.58670872,69.508461,83.01305035,9.471083,1
1273,3.328208934,5.402876253,150.076005,80.63569826,2.426430,0
953,5.16931529,6.964802641,98.322492,71.65092883,12.000369,1
939,2.521206969,6.980923746,129.855095,76.40717631,1.766711,0
1001,5.136923488,15.16993263,93.881934,74.95384719,13.892926,1
538,2.21037369,5.153880562,94.901894,74.27868754,1.652082,0
1111,3.758362712,12.74545838,100.252497,75.54920192,12.382887,1
551,2.238573722,7.121733899,72.949060,74.65733691,10.761787,1
394,4.038723725,3.188336465,61.217233,77.90543431,11.870322,1
886,3.005863428,7.410883722,120.227101,77.40482573,2.008476,0
966,2.808637264,7.91438225,132.150146,78.40980445,1.772398,0
1271,5.281771344,6.302261915,119.045856,78.65128511,12.204591,1
783,2.28481857,4.984393884,81.182440,70.85395067,12.607268,1
711,5.229651318,3.942832794,76.562894,86.20922848,14.087717,1
616,1.936867961,5.454905131,94.675566,88.5565413,1.674786,0
996,2.194854094,12.0216751,98.171497,80.49522857,14.028573,1
832,2.090486903,5.755986178,83.215429,84.80511206,15.077113,1
928,3.606499945,4.040157888,91.063069,76.48023689,13.180277,1
611,3.292904561,6.544037851,74.956835,86.59708399,13.006157,1
785,2.497407438,6.118022464,112.091715,82.26769758,1.647685,0
979,4.857422696,7.352359082,91.661384,75.9871676,11.986827,1
655,5.238672641,7.018372535,104.688086,83.19964938,1.530448,0
1084,3.94007299,6.878842715,143.164461,70.34725605,2.293736,0
517,3.578922094,7.717085057,93.035426,74.73252347,2.040852,0
972,3.087469818,5.126478328,91.469442,80.00100777,10.079488,1
854,4.158547839,1.936754847,85.798793,86.5925857,9.035609,1
608,5.339185746,7.210441392,75.211208,72.48278571,15.800542,1
1082,2.010179878,5.182434372,98.544288,69.07396987,15.169033,1
1054,4.058066277,7.951381947,100.440734,83.26157674,13.940353,1
818,3.822396352,6.88714036,117.568050,76.60606778,2.150887,0
1257,4.409171375,4.327481922,152.674395,82.8402733,2.264754,0
872,4.043721768,7.630582059,117.123040,81.53455632,2.194606,0
586,3.716925403,7.014600276,70.562633,73.26114004,12.078300,1
659,4.522156867,8.535073028,76.674408,72.0821698,14.865512,1
951,4.15267031,3.55181744,121.563118,73.32792199,2.032744,0
1366,4.612282923,5.462513693,119.485024,69.35965862,8.804192,1
879,2.968781926,6.395909894,125.621036,72.2911604,2.165222,0
524,3.877706445,5.628353689,71.232441,82.46033987,11.812170,1
695,1.982666284,11.77411207,76.725377,73.48571839,13.885500,1
968,3.735689648,4.288090529,123.304674,71.04472536,2.007822,0
940,2.880754333,7.505138336,96.343437,66.63133114,15.765679,1
977,4.696711348,9.441480045,126.160553,74.59036111,2.116510,0
572,3.416092698,1.726348249,70.652915,77.53704847,12.798290,1
813,4.841740944,9.640984329,84.478601,75.0911028,15.285120,1
855,4.616625462,5.095246987,85.476527,83.03883401,12.407496,1
620,3.812113372,5.113655413,97.497865,83.66485307,1.815967,0
951,1.994245719,3.903005969,120.606719,74.27753393,2.041676,0
745,4.185375558,6.736276851,105.787533,67.29843237,1.986871,0
844,4.060655483,5.935450999,122.515920,77.2809194,1.826805,0
803,2.866638208,3.54146786,110.694371,84.63264249,2.115846,0
488,2.301150281,7.535933667,66.642190,80.63196895,10.600850,1
561,5.362609971,4.111707694,69.080170,85.66130301,12.537910,1
605,4.2674707,6.836466272,71.630681,80.01769982,10.444046,1
823,2.371082281,7.228022561,88.561536,88.73263104,14.921231,1
789,5.171283267,4.929811682,81.614706,71.25359476,10.798372,1
504,3.11975194,13.90453105,71.112973,91.66003122,8.663391,1
930,3.283750649,8.668148995,122.918115,66.58477046,2.000329,0
839,3.295500037,5.804159456,116.552433,84.68349386,1.977702,0
561,3.900674511,1.390572356,98.648836,66.85448936,1.522608,0
1080,2.64752099,5.834779542,138.509402,75.1332112,1.970857,0
407,2.881305891,8.857888534,63.025347,78.53757174,10.880201,1
751,3.490722737,10.12704541,85.741507,79.03231755,11.352496,1
556,2.998604102,4.563472103,69.324024,69.02136845,8.766517,1
727,2.960104799,4.583661276,108.566194,78.323602,1.738447,0
654,3.302544465,4.083866687,73.201958,73.67898602,13.147625,1
800,2.381519784,9.698390874,116.020976,80.80620021,1.642069,0
919,3.467135333,5.899274619,96.015020,72.50726791,13.821172,1
839,4.712869496,5.898947029,112.750208,89.07621794,1.668269,0
1120,1.138502291,5.328705262,142.518142,79.29067789,2.227295,0
647,3.787867986,7.335637016,78.515646,86.54775038,10.421768,1
814,3.969862944,3.556314489,87.007250,85.63194658,9.198339,1
811,3.07180163,7.091123086,109.872951,74.83000875,2.014089,0
966,2.06923878,8.427977649,128.324172,82.85768629,2.101904,0
825,4.153615267,7.028772535,83.652153,79.14641308,14.124277,1
1009,1.902113233,2.805940392,136.115203,76.05244665,1.975157,0
710,3.994456556,19.07674171,78.438981,72.72144863,14.726564,1
766,4.603672879,8.701357956,85.234271,74.38158877,12.873053,1
541,3.899179708,5.636930612,69.220156,79.54727124,15.032425,1
556,2.835248117,5.773430879,69.181573,85.70782554,10.670437,1
482,2.205981953,6.672078483,68.334020,91.34362371,14.750827,1
908,3.470501796,5.52551932,93.096293,77.35290759,15.215275,1
553,3.664702792,8.109229359,72.300596,80.08746124,8.166565,1
1010,2.462273282,6.856494189,100.953653,79.36489727,9.317464,1
789,4.223840555,4.999893407,109.218328,77.47444457,2.110758,0
807,3.366411659,9.066876471,83.751731,83.50453904,13.089198,1
676,1.844667047,4.868903515,99.433381,81.53529767,1.910103,0
740,3.056827535,3.683837544,85.038334,76.2781772,11.894630,1
645,5.331337931,8.957765667,79.482485,77.36257678,10.059982,1
408,0.922616345,5.772071341,62.133471,79.16746301,8.304855,1
590,2.662824798,2.585801364,93.841411,89.80050135,1.698133,0
918,2.028634309,4.679845031,120.264442,75.56109711,2.159218,0
600,1.853106788,6.602294254,95.137160,80.19658886,2.048825,0
717,2.054772554,3.679095167,108.988195,71.39399557,2.012757,0
714,2.409251176,7.536155837,83.350337,75.98329577,10.424641,1
655,5.731712346,6.562337132,99.739753,77.5233373,1.613597,0
1083,4.45696494,3.717267645,141.818103,84.25273431,1.919990,0
881,2.885586435,16.4417969,86.284428,84.72532733,12.686716,1
718,4.167635627,5.413612877,77.506333,82.97634977,14.381587,1
862,3.823205449,3.587807585,86.170475,67.40575951,14.645487,1
854,1.089758382,9.662884676,88.104419,80.92416919,9.074066,1
859,2.507571314,4.90181459,124.000739,72.70638999,2.189929,0
754,3.773990769,13.00786311,86.707008,70.7036415,10.643843,1
969,3.747172633,9.109338173,99.419220,76.19215395,13.182413,1
1358,2.388108421,7.537317364,115.529625,81.21614388,15.953367,1
680,3.760703797,2.885604702,80.368344,69.53722797,11.304775,1
716,2.54781076,7.744476055,81.252223,72.14325888,8.908902,1
577,3.481707255,4.616719229,99.598155,85.23350772,1.811580,0
557,2.514132732,5.823177091,90.727361,73.65850666,1.675181,0
797,3.207006017,7.136024307,88.559928,81.47111373,11.902326,1
787,3.528032914,5.273718007,86.524280,73.53425469,8.776214,1
697,2.599457309,2.939082897,104.767814,77.36753278,1.982516,0
700,2.213981457,5.039218618,102.490569,80.71309679,1.771255,0
580,3.435310974,12.64792214,93.994759,78.99193134,1.493495,0
884,2.704436552,5.278982313,90.209650,77.83087378,11.453996,1
982,4.061975929,4.510816939,128.087583,75.62239716,2.045345,0
751,3.492628431,7.075377935,86.403141,78.08987123,14.849241,1
851,2.452848373,5.033344308,87.562795,70.87483794,11.299357,1
551,2.88006207,4.752596691,69.741106,77.09837371,9.686733,1
624,3.266905862,6.185405284,97.175442,76.80372345,2.057023,0
589,2.523778481,4.68333768,69.292171,68.77138097,10.098802,1
742,0.277625098,4.286050061,81.546802,81.71222821,10.453938,1
987,2.86395991,5.319922695,123.727270,67.74175818,1.818625,0
801,3.399370695,7.460643002,86.314926,89.46724532,11.698959,1
655,1.93029814,7.042021328,97.985085,79.66112357,1.731235,0
403,2.003588922,3.162665177,63.107350,78.29383548,13.566823,1
1544,3.10707162,2.966027133,181.003696,88.66927401,2.482349,0
955,2.862295391,3.919076274,97.797383,81.45253872,10.891794,1
921,4.926338175,10.74704279,92.385069,83.56089979,11.265875,1
698,2.341274926,5.671942845,105.377326,70.15110552,1.633976,0
588,2.279882569,6.519157307,94.260504,73.37826669,1.967452,0
754,4.520827952,2.618488484,105.120644,76.5890557,1.697597,0
1297,3.331579508,6.169030554,161.261443,77.38195569,2.090951,0
471,3.848083397,8.056329246,64.084754,71.22452337,14.835107,1
884,2.507971598,7.841074011,125.960684,69.60251908,1.863276,0
799,4.385149458,9.714822015,89.609982,73.9874462,12.923120,1
1041,4.387398831,5.123658653,136.390624,84.33113314,1.930435,0
1025,2.783431788,6.053473512,96.198692,76.90401587,14.878446,1
823,5.815189629,5.732660623,90.632055,75.67064057,15.777072,1
1346,1.931256216,6.33065209,150.981133,85.07778456,2.055438,0
541,1.926111674,6.886683341,68.568327,79.42980906,10.048921,1
984,1.970420413,11.85389425,123.094798,84.15969094,1.712564,0
460,2.759335897,7.384225425,66.112597,82.14130027,12.146696,1
673,1.10301181,4.023059997,105.202703,84.44799831,1.538937,0
457,2.037070132,7.010939815,66.130077,78.54734123,9.999863,1
1238,2.762627251,7.573482009,141.713581,72.02812356,2.349041,0
551,1.978134228,6.797737121,89.741483,76.73912472,1.778437,0
1342,3.477200363,11.77298364,117.807892,77.80046151,12.794966,1
773,2.529274931,10.58176888,80.169445,79.38506885,12.787459,1
535,3.697621791,14.43788288,67.359527,75.27289101,14.979039,1
767,2.291950181,12.3501977,80.056130,88.80805888,12.957597,1
493,4.99841145,5.86118924,85.693540,71.46006829,1.886422,0
660,2.776903671,4.511466948,75.705668,86.53713168,9.290144,1
600,4.668198871,5.588346991,74.424189,68.96768861,11.100988,1
662,2.551022882,3.801857867,79.057285,81.62549153,13.414247,1
669,3.231423539,13.04345005,80.527215,72.39502615,13.088293,1
549,2.439854101,9.908334176,94.009120,78.87515957,2.005922,0
516,3.924838339,6.758731476,71.497531,82.42191982,10.595150,1
552,3.642420906,7.614002861,67.255969,80.38733486,14.500040,1
742,4.133167931,8.021461644,104.723480,86.50957132,1.985870,0
618,4.714432502,5.27100874,102.264881,67.81176697,1.544584,0
654,3.338642351,4.414412542,76.238739,65.85157351,14.656697,1
798,2.797812699,10.38851438,83.787719,67.1809629,14.017716,1
786,3.270927513,6.780474483,87.921600,82.58731624,9.016704,1
761,3.776694287,4.239696311,79.544874,70.71340172,13.027359,1
698,2.827638149,6.310060869,79.382481,77.01155342,11.816199,1
790,2.927414956,5.735751624,114.670124,75.12570545,1.648239,0
502,1.869392414,4.64318274,66.032899,67.71612292,7.908620,1
486,2.430172989,6.996939153,66.225547,71.81770554,12.893255,1
902,2.130306269,15.05317057,126.340691,77.54194261,1.755161,0
1044,2.718954844,6.728985832,103.320956,77.825875,8.345805,1
458,2.163663141,7.938088804,63.252578,88.03824775,8.184742,1
889,4.113003099,8.403181169,92.727142,77.23198192,9.756745,1
491,2.718451672,5.879948197,65.137244,78.82955022,12.111667,1
965,2.202238094,5.698736078,127.429738,74.29544741,1.744264,0
587,3.58622583,16.83200881,75.330440,82.20420561,13.930248,1
832,3.166196628,7.245494227,114.580517,87.10333815,2.039318,0
768,3.076909807,5.305303241,84.924768,80.90654706,8.160997,1
1192,2.372432578,5.9854157,140.642085,79.05109906,2.164381,0
1022,4.270304974,6.144110451,103.092056,80.95263348,8.360388,1
1125,2.693775787,6.614140655,134.668934,81.66777527,1.866474,0
998,3.221508171,6.410087055,100.546617,66.06971892,10.670359,1
634,4.276747151,7.299571365,78.018301,81.68601699,14.908573,1
796,4.919730052,7.961690077,118.462023,82.81927802,1.703299,0
834,1.73412171,7.359609404,90.160010,81.4226745,8.736593,1
824,2.364569887,12.05109514,89.811645,84.44801178,9.756105,1
626,2.251564076,3.748148608,78.040218,84.56681553,14.677133,1
537,3.715456129,13.67990061,69.333902,66.72827356,8.550654,1
721,1.614893785,5.982786713,81.844667,79.00275166,15.475422,1
821,5.031170278,7.163650809,85.404633,69.30654324,13.098956,1
805,5.68971182,5.797488374,84.106234,69.39235131,12.669941,1
1040,3.869000604,4.187460259,132.119231,85.03221084,1.795571,0
866,4.783092288,4.94491576,90.262176,81.97217931,14.940950,1
1126,3.407279136,4.321457591,134.169862,69.74283742,1.823777,0
467,3.28812022,6.484434068,68.483541,72.49052038,9.491996,1
491,4.48713078,5.354235786,66.603688,83.37405023,8.970579,1
442,5.069975135,5.513810812,66.000811,70.4627645,9.826281,1
787,2.529481698,6.939927687,85.169847,82.57263606,9.205498,1
574,2.45406964,8.334916112,70.359408,72.68553301,12.433592,1
388,3.141249552,3.342019626,62.336282,75.48676565,9.153052,1
807,2.509818578,4.939995874,118.629426,78.08920879,1.780918,0
818,2.988767026,14.20692467,89.507307,75.02572078,10.976702,1
534,2.826805284,4.186652672,67.360043,74.81532605,12.358061,1
547,3.1087781,6.090266141,69.758071,73.06089409,15.235330,1
973,3.655193075,4.952587673,94.250146,80.17345938,14.931317,1
1073,3.205219178,6.74467497,136.385566,80.93444815,2.082154,0
1117,4.412118666,3.181779964,135.672474,84.22631353,1.857268,0
817,3.648426024,1.916969891,117.718535,77.48267062,2.088194,0
774,3.651632167,3.757233822,112.683481,79.95663241,2.031259,0
637,4.141045252,6.828234578,72.453853,73.85617551,15.412018,1
1018,2.026895018,2.480233375,133.577131,76.00301064,2.172415,0
480,2.779395126,4.363399123,67.025716,87.05263659,13.182138,1
890,3.952270382,5.012626269,91.979289,73.59017834,12.801675,1
724,2.577037046,6.443376736,80.843786,73.00338647,10.451253,1
530,2.746962955,3.796316157,69.193875,73.18622112,14.482366,1
678,4.423914455,6.275702602,80.974041,73.3526219,10.956084,1
1145,3.702122635,9.560211081,104.806140,84.87037512,14.609720,1
627,4.530616795,8.556837147,71.380832,82.21141118,13.843862,1
502,2.385487472,17.78273298,70.226097,69.35139595,12.398388,1
929,2.409217927,5.611066692,119.575534,73.72072298,1.904422,0
500,3.260307257,6.391518778,68.200364,86.47277759,13.130433,1
978,4.212158601,5.694477863,93.703649,72.25691011,9.448714,1
930,2.40396273,5.016133839,118.862628,88.93414002,1.763290,0
630,3.654513171,7.470267636,73.832723,89.41114716,10.965597,1
1013,3.205373325,6.734123474,100.684773,71.68812542,11.387928,1
543,4.686110974,11.04404679,73.242695,71.42755179,8.274875,1
485,4.698189783,6.14222365,85.306623,85.14537111,1.750517,0
834,2.582244869,8.559726056,90.917767,73.86292042,12.183619,1
710,2.109418273,6.544648188,82.722192,75.15723359,14.465265,1
562,2.630973542,10.12836593,73.358289,74.4453655,14.220231,1
1269,2.381030267,7.38380506,150.729803,75.168116,2.360251,0
735,2.3586764,5.395868627,85.375948,88.93814286,10.712308,1
1211,2.516881473,3.7435639,109.897536,84.90761043,11.083273,1
543,4.133426218,5.380815941,69.229499,83.38724435,11.031731,1
556,3.154186964,3.705752872,95.351466,88.69280909,2.073181,0
559,2.856081617,6.079153004,93.611956,71.33815552,2.064700,0
588,3.030965727,4.447774785,74.892919,92.31767577,11.065241,1
724,3.022397267,15.25467698,103.488795,77.8406096,2.111107,0
574,4.570258083,3.763863658,93.814123,83.35014427,1.618647,0
951,2.213532973,8.951744062,91.074487,69.27069047,12.161813,1
887,4.048884993,5.807127734,117.527485,82.25462073,1.719483,0
577,3.940982513,7.321786572,73.133258,85.14432186,10.707418,1
825,5.0305337,4.668960304,111.283395,77.89553745,1.995847,0
1033,2.210566383,2.991786613,138.917240,75.21903583,1.848452,0
678,3.02515588,3.982757737,76.034689,72.04401149,11.536398,1
1397,2.888932844,1.845863668,124.599044,75.50268697,9.072604,1
739,3.35921311,9.032016603,80.105318,71.30545049,15.374414,1
933,3.833114107,3.594828395,119.100392,79.68832308,1.834586,0
770,3.131921737,5.124472658,113.345481,82.07750952,1.923668,0
863,3.45419738,17.17198866,90.728121,73.63088008,9.369174,1
1152,2.24962508,7.320478819,102.476783,71.52372101,10.548956,1
816,1.906832549,9.222588639,88.724380,79.91789625,14.890837,1
763,1.535081515,5.294866577,114.879396,68.87837033,1.909615,0
685,4.848426638,4.502381829,101.013054,70.48587595,1.649016,0
522,3.214005301,5.102410341,71.140707,71.24050949,14.795765,1
745,3.645094744,4.440933368,80.904531,71.48047415,10.699811,1
707,4.260323371,3.018697409,103.609767,74.47893069,2.052391,0
630,4.619635484,5.297739614,103.459937,77.89863988,1.539187,0
1112,2.250585041,5.081113924,108.588087,80.59966846,8.533897,1
970,3.044744433,18.07476971,98.769972,86.26706547,9.863843,1
1032,3.973976285,6.874910397,128.994044,89.91261238,2.019482,0
862,5.440153396,5.678787129,85.933594,77.47008417,13.019206,1
1673,2.545480243,5.415042453,140.722048,81.5398689,11.754862,1
804,3.568839483,10.6780271,116.624082,82.28712658,1.913104,0
1315,2.648019683,7.542419538,151.516329,80.24390625,1.935262,0
799,2.00017261,3.784138537,115.408499,81.53876859,1.918365,0
1541,1.925279247,5.474795423,169.770034,87.05512617,2.313165,0
444,3.124468119,9.315983652,62.521421,84.93104226,7.959341,1
573,2.909965489,7.551765227,70.938576,80.56973902,9.536578,1
661,4.413972714,8.962814326,73.744121,82.61376564,13.545464,1
636,4.457227966,4.833910769,72.088393,72.65183821,9.924859,1
1099,3.115143037,6.086617165,103.744165,79.58955321,14.804626,1
670,4.080391382,6.376533989,79.651993,78.44206299,15.239802,1
599,2.277304768,6.114804783,70.700749,79.36983939,13.273202,1
522,2.571046542,6.107686939,70.839828,67.53940307,9.015886,1
1047,5.079794143,5.844303691,96.567389,75.68095403,9.817275,1
777,4.861738935,2.488956712,83.118006,71.46036062,15.098102,1
1153,2.501572253,3.735020524,148.634981,81.1603396,2.098759,0
647,4.272418919,4.447126598,78.523458,77.8346787,14.928001,1
627,2.188227259,14.07238966,100.255675,82.75443578,1.695485,0
915,2.487669621,3.105955557,119.179981,76.2800448,2.188442,0
707,3.100399911,5.178439345,77.856060,66.23534258,14.778324,1
685,2.2376184,8.058946046,76.713415,73.617723,8.968701,1
1144,2.516392214,3.918072075,142.006249,75.98842669,1.841147,0
921,2.369932875,4.794583754,93.167857,82.53147338,14.813536,1
1109,5.40095734,4.990436562,100.897022,69.50722179,15.011527,1
933,2.309386193,4.542634316,119.880038,90.30402018,1.822842,0
1108,2.195610434,6.817397455,138.474441,88.84674629,1.810535,0
953,3.604992335,4.39561512,97.948013,71.98200446,15.318941,1
901,3.384993186,5.596385791,119.941350,82.57225648,1.870318,0
915,4.160063555,12.77724615,89.761836,84.4931961,8.555028,1
942,3.08542338,5.729282419,94.862035,69.78984361,10.386475,1
690,2.508521171,8.929262625,81.292083,69.35730764,14.448291,1
1011,2.494979595,5.552983656,125.421760,79.45774084,2.004802,0
739,2.063986675,9.590691829,103.763111,68.25639339,1.850265,0
574,1.96926281,5.977093767,71.144989,83.55302512,9.500814,1
830,2.942511018,6.471500104,89.976032,80.32461847,14.598049,1
438,4.47459663,9.357798101,87.389672,77.38541708,1.790289,0
792,2.266308568,5.8780961,86.533948,82.91327946,8.710156,1
1453,2.532943734,5.862437596,166.408731,77.7951488,2.282980,0
970,4.825986835,6.290509734,125.107009,77.02839353,1.958873,0
712,2.910770904,7.611315198,79.960494,81.28785994,12.127229,1
517,3.08056281,8.021201964,69.614538,82.25879948,8.066785,1
1134,3.44351932,7.622913216,102.950809,86.90627584,10.096584,1
1486,2.331528294,1.402251866,164.998107,72.94181821,2.388513,0
701,3.520521149,1.72890802,104.444769,78.39910341,1.822097,0
613,3.998464388,15.33234492,71.507300,81.05766967,10.276234,1
1077,3.136902541,5.875719502,98.045963,81.25245703,15.155914,1
521,3.897073413,2.65037834,65.937929,76.38334273,8.089301,1
1083,3.158744982,7.416283036,133.878992,75.61054602,1.810592,0
447,3.331246463,7.741688494,61.789477,90.46971903,9.107634,1
870,2.874224643,10.93203358,94.049365,70.1847762,13.839641,1
563,2.902743485,4.822373725,95.232045,79.78626028,2.074054,0
906,2.449016828,6.598954549,123.281825,87.06126678,1.705136,0
897,2.354013923,5.882261207,127.596876,87.06153386,1.726988,0
475,2.102741331,7.34792921,66.899465,78.60742294,12.618485,1
555,4.648258015,5.763499326,68.983312,69.52965545,11.210928,1
704,2.934666833,3.823635257,108.027124,69.48242706,1.819871,0
830,2.41660904,5.667255078,87.591076,87.64119872,11.395478,1
966,3.057824638,12.69488235,92.676988,89.19412619,9.547461,1
388,3.083886847,10.99422342,59.855731,83.82177501,12.576948,1
903,5.483901318,4.919703211,121.045097,79.18255781,2.170140,0
1019,3.321308685,10.62622098,94.549322,75.21788418,12.049096,1
829,2.520098956,4.850382175,113.906033,77.64159076,2.167242,0
745,3.049411859,5.359665399,107.666630,82.61109427,1.777681,0
574,5.111936455,7.517836033,72.086908,87.48228181,12.893885,1
881,1.636422746,3.781359562,125.428255,82.7579544,2.009840,0
893,4.479118196,7.63864229,95.176693,78.57642321,12.391290,1
823,4.25745452,7.27634303,119.973166,67.36951846,1.641169,0
1606,4.398524811,5.503495054,127.502082,87.88562744,10.711889,1
530,4.736068858,7.433200904,68.182179,80.25762745,10.286808,1
1450,2.291261784,7.435642139,160.608541,84.23382096,1.963953,0
886,5.139919676,5.10371364,94.946531,72.0787331,12.738252,1
485,1.966245391,3.297081126,86.450990,83.87736201,1.994732,0
610,2.738935614,5.353313933,74.593380,70.90238035,12.208277,1
943,2.637358506,4.210138542,125.000732,74.27506792,1.840018,0
793,3.7589933,5.841362987,117.493815,91.07382962,1.975537,0
527,3.267653731,7.484247583,70.311282,77.12542123,14.982115,1
802,2.153845473,13.08399976,85.890499,66.56409191,11.348123,1
1000,2.658024941,6.695793252,132.687599,84.68804433,2.007534,0
674,5.385219089,8.823973061,106.609570,81.74020154,2.097863,0
974,4.430248541,5.479048014,124.884331,74.65669081,1.920644,0
785,2.894921596,6.35280079,115.128516,86.84168721,2.166286,0
511,4.042953006,10.11769799,69.269358,75.10920088,12.111364,1
802,4.289458639,6.192935542,82.075894,76.10566555,10.085957,1
673,5.206882919,8.830489178,81.753466,82.63794008,7.939222,1
493,2.658833552,11.15414112,67.588587,71.40055813,15.160291,1
562,2.468570353,6.670845951,73.276866,77.95210342,8.099799,1
805,1.367999253,0.5809208,115.922971,80.90088478,1.837395,0
447,1.824480762,3.939704561,62.768197,80.75391062,14.653171,1
1075,3.59442125,9.126463762,98.584293,76.4621433,10.620612,1
1137,2.708525073,2.022435311,137.814047,86.94157762,2.038609,0
1311,2.331779857,17.70261438,160.226342,74.30528675,2.072334,0
1017,3.401408138,8.490020868,96.675548,85.89613478,13.975136,1
954,1.307211499,7.293763423,94.725343,76.59021744,14.606589,1
740,2.792556368,11.35902757,108.977103,70.04765947,2.124599,0
371,3.579765474,3.966064067,60.922657,91.62819925,10.126892,1
653,5.146275643,10.69181299,98.429767,80.84762464,1.899591,0
978,2.855955689,7.626270562,123.056794,87.42936281,2.168214,0
635,2.256374501,13.7342357,77.134303,91.05558622,11.809724,1
516,2.933769943,9.608846969,70.628570,73.88376729,11.115331,1
1014,2.343176599,4.53797244,93.571006,85.71696969,9.123623,1
544,4.029319561,6.303941065,96.165915,79.09475628,1.912422,0
1265,2.352544133,10.16738137,112.855206,84.67878628,15.528209,1
803,0.252548063,5.02098488,82.843435,83.53161154,10.800057,1
639,2.305535626,5.620617581,100.142939,81.78541363,1.997516,0
439,1.604547553,5.319439303,63.647651,67.24655588,8.534280,1
570,2.634506356,5.86011383,96.668794,85.1916159,1.869310,0
1029,2.997840005,5.715770828,94.291658,75.39446095,12.663846,1
822,4.985630717,7.080001282,90.450422,70.30809619,12.746271,1
794,3.800385115,13.63216327,110.143863,85.91276112,1.988495,0
1016,3.895215841,8.705540317,125.967039,72.16311655,2.063326,0
559,5.031652915,4.134559295,73.662800,71.33504762,8.964382,1
772,3.914004843,6.709133798,81.220745,81.8859117,8.818328,1
694,2.734475419,4.945806823,77.417915,84.29280539,10.724368,1
490,2.462972607,3.957252992,63.921625,78.27165355,15.022970,1
1097,3.595462943,6.710820106,141.557459,70.48374043,2.191780,0
603,3.394806639,10.96559863,70.241374,83.34319288,12.325072,1
654,2.851512582,11.8903978,77.807297,77.24037897,14.743355,1
898,5.394699504,5.013831545,120.576010,75.1055504,1.975892,0
645,4.961317225,6.896207216,98.549697,66.94578605,1.611428,0
934,2.064327111,6.507560382,120.306683,72.82704255,2.222666,0
753,2.227771555,4.457696858,109.626601,71.53321136,2.067304,0
507,4.594681832,6.722931574,95.049061,74.99116386,1.691871,0
762,2.423241546,4.854528255,80.462606,83.63761534,10.239823,1
722,3.783883369,5.365294504,112.313376,72.72930506,1.938153,0
692,2.266706636,6.616124833,103.601095,81.25927951,1.931400,0
608,3.834954942,11.48250882,102.637515,79.49823722,2.062508,0
888,4.849219237,8.229331548,87.654106,68.70922188,12.820224,1
1004,4.229730403,7.544030622,97.107362,93.20513199,15.385036,1
1176,2.670710893,8.942080083,143.535802,87.39483478,1.999939,0
645,5.651827269,5.195856322,78.378201,78.29502185,13.391570,1
749,3.667845689,6.640414472,78.579668,75.5024457,9.009238,1
508,4.193125017,5.291883623,69.394839,85.61007852,12.339797,1
647,2.756635458,8.128048849,76.263353,66.19434458,9.536930,1
795,2.016138112,7.504314532,84.403220,78.53628873,12.483840,1
1011,2.808924551,6.346155348,127.741205,81.07070052,2.104764,0
1322,3.604205435,4.704084337,161.753915,70.80175155,2.114645,0
762,5.945370215,7.854085311,116.449194,69.14587067,1.802457,0
1362,1.923295815,6.751542844,161.869643,70.3646219,2.054581,0
650,3.756576441,3.64838783,97.334465,88.0156093,1.577208,0
586,3.835205202,10.69300121,71.163339,80.69589113,9.674394,1
405,1.860071996,4.34056055,64.386848,81.75670247,11.762220,1
444,3.525886224,4.342078764,64.650523,70.40554584,9.913283,1
733,4.404317694,4.900004738,81.441126,84.25447931,11.622058,1
958,2.662086089,4.922373169,123.547305,87.05170181,1.690051,0
1342,2.416786268,5.190577111,165.207402,75.65594216,1.980102,0
464,4.351772678,5.83368385,62.106257,72.25339654,15.717728,1
836,3.075787464,5.677544778,116.810366,83.11499324,1.844073,0
637,4.186108305,6.919444539,76.784704,78.37563622,12.719792,1
927,3.105174045,8.394679945,88.991663,65.63567585,10.374286,1
755,2.743945949,4.763432533,85.847206,86.93828624,15.453678,1
793,0.62291293,4.446146006,85.607054,75.86102193,8.842187,1
978,2.960585243,9.439026355,98.886524,75.28009153,10.112343,1
388,2.959983992,12.82881802,62.276926,70.63155778,14.469104,1
701,2.566033371,6.429600505,81.441669,75.20324356,11.038454,1
1200,3.994793646,6.657484634,107.210677,81.9946514,8.973232,1
472,3.966818597,4.438616405,65.569431,84.20610966,13.037539,1
707,3.893769666,3.702059272,80.640726,90.58940706,12.204542,1
703,2.276960827,6.268758473,103.102968,73.28681457,1.936536,0
442,2.20729637,6.95989241,66.365246,79.33132642,15.369052,1
1137,2.719158672,9.030032645,109.649949,70.46305234,13.259120,1
452,4.009373787,4.259627417,67.012174,73.86190035,12.247191,1
678,3.758494271,4.305269596,81.660883,79.54656638,14.588743,1
766,2.729163877,9.20762008,81.198654,84.64946408,15.073290,1
665,4.452374923,5.674046145,103.686113,87.1617093,1.847421,0
697,3.871974956,1.685635213,110.714888,79.87021863,1.936469,0
648,4.865680343,6.209037823,101.263130,74.24853717,1.809752,0
882,4.550251905,8.247432725,86.153665,82.68144786,10.064466,1
1055,3.948731897,2.29669644,138.932904,66.0905916,2.014157,0
824,2.667474285,7.848612548,119.799931,76.86552736,2.084768,0
1118,4.782194708,11.88062548,137.030663,80.77614382,1.940349,0
613,2.903659294,4.50142284,71.142786,78.06501246,11.971544,1
858,3.080068215,5.824156151,115.995132,82.81801724,1.753347,0
684,3.709406394,6.42968454,77.977111,84.04009604,13.905558,1
1135,2.615154288,6.838973652,133.800642,78.51865215,1.908329,0
450,4.654225007,16.15248492,66.394251,74.88129693,12.598242,1
616,4.258775737,15.00509541,71.376830,70.97183591,10.995863,1
799,4.826262007,4.50894164,81.477536,82.05413688,7.947383,1
783,3.220059535,12.69716865,88.228778,68.75124668,14.482517,1
992,3.392233335,4.237316903,123.115384,74.36199482,1.747946,0
1141,2.596001408,8.334888418,109.092488,85.58216129,9.022426,1
773,2.135588581,6.823495922,107.509391,83.51032168,2.147244,0
672,3.835846507,7.319906677,100.624787,72.4959658,2.135208,0
881,1.995732519,8.432860834,122.441359,81.4926673,1.705161,0
737,2.858666978,12.16770187,81.462168,80.29109732,14.993483,1
773,2.663366329,7.113760655,106.622536,86.6443741,2.157031,0
724,5.108953133,4.571478694,84.393204,77.76046984,12.214923,1
1092,3.424810864,5.55507139,100.081794,77.97699789,8.559230,1
720,2.930302856,8.400620659,78.268100,75.80038958,13.897513,1
480,3.230848075,7.312983404,86.941501,79.5841692,1.741485,0
513,3.176039651,6.178013171,69.553164,79.18600876,13.494322,1
957,3.261462824,6.912583358,122.584468,83.86003572,2.126722,0
1131,2.401309408,4.945562955,101.061002,91.75666392,15.068867,1
645,3.643541316,4.309170098,76.962259,81.98161915,14.236385,1
984,3.893103134,3.572696218,130.097000,77.69019649,1.928599,0
837,4.492343714,13.1327418,89.757166,76.17752567,11.574032,1
631,1.942188626,5.051865648,75.083192,75.01953164,15.527455,1
911,4.482708862,5.950251851,126.517784,76.28563891,1.917712,0
663,4.299483684,8.100869349,78.109439,73.19981811,11.870501,1
1035,3.687096602,8.881347468,127.802525,82.0235654,1.742139,0
957,5.076490558,11.92505274,124.711520,65.94588888,2.200194,0
1169,0.367032736,9.073437218,109.944581,83.74813622,8.860220,1
1403,3.094966531,3.454279826,117.591446,73.76831159,16.060397,1
673,4.506046083,9.184260764,77.198553,84.41551547,11.165868,1
642,4.072364502,4.658210763,75.196782,68.61229293,14.935287,1
538,2.233323164,4.563895879,66.728887,82.4970225,9.999699,1
982,4.944414389,4.741718423,99.583799,78.45797365,8.433123,1
758,2.769053558,5.139731074,82.643726,74.78329853,14.847725,1
1158,2.745582554,5.576162616,111.689914,78.65319017,10.121159,1
1063,4.159509188,3.473125554,138.850670,72.94487224,2.034086,0
726,2.597262729,12.25070953,103.810728,70.4855825,1.720574,0
1097,5.349706243,6.647369927,107.815440,74.28384848,11.391774,1
528,0.838712091,8.026889701,70.619682,77.71310567,11.023198,1
760,2.876488558,5.713542542,110.540943,73.25513073,1.772232,0
989,4.446448764,6.970178714,97.630717,82.54410697,8.835049,1
932,2.815096588,6.404641238,90.550425,80.86991914,14.810819,1
841,1.974079421,4.432139776,113.157207,92.03453327,1.843678,0
1333,2.651271963,11.894453,161.619168,66.46784188,2.220657,0
489,2.658754062,9.22885607,69.653729,72.27827768,8.251966,1
983,3.144771508,3.100991356,129.102491,75.69789458,1.908230,0
1025,3.750264954,5.404616509,130.644934,65.97853557,2.056263,0
1270,5.811424605,3.890359233,110.308671,68.77957182,9.847923,1
975,1.891353884,5.555218829,134.338664,86.11094449,2.038240,0
1460,3.400627621,4.918700125,123.139982,88.61257661,12.181078,1
579,3.870106059,9.21702345,98.851742,74.12656436,1.634643,0
1470,2.957603961,7.951829321,166.178654,78.90621572,2.187274,0
1009,3.736482637,4.235111282,126.406241,81.89104936,1.885494,0
1264,2.461756134,4.891027856,151.624616,81.42232775,2.132781,0
901,1.860439753,2.624170917,127.675818,83.09964536,1.742412,0
711,3.296440274,6.438522772,77.968047,72.60131901,8.780649,1
582,3.305923512,10.11824225,70.544689,75.24191218,9.486319,1
721,3.211151333,7.10360542,103.756261,79.42292526,1.621738,0
621,0.973019434,5.679842617,96.110392,86.51477771,1.528716,0
688,1.946065278,4.491302009,108.336530,75.15171832,1.886861,0
1240,5.289703506,9.701355967,115.510427,81.98663561,9.769884,1
1172,3.706526273,5.217128241,103.921498,76.29575431,10.188314,1
351,1.806018308,6.071467681,56.931241,65.58287692,12.918996,1
712,3.560420469,6.04620701,80.763361,73.5113009,9.769859,1
504,3.701434247,5.241037157,87.445039,87.96426698,1.957390,0
1071,3.901032862,15.79077279,132.355983,74.40425023,2.015015,0
904,3.613505903,7.880539356,94.400921,65.06128751,8.741667,1
1305,4.722603399,7.435370137,159.478268,83.80391961,2.366568,0
1210,4.546552377,6.323201898,140.353306,83.32884627,1.879090,0
842,2.801440365,9.60750911,119.386492,82.10105021,1.680555,0
628,5.183668617,5.180700353,78.224397,82.37993991,11.608336,1
737,3.622098489,8.72302626,80.373319,82.84840888,11.939146,1
485,2.622504419,6.332556692,66.097653,68.7141494,11.029035,1
814,4.963941814,12.81161655,85.562899,79.41228351,14.233172,1
933,2.116299661,8.150371129,127.182277,73.01056903,2.109971,0
593,4.221003897,5.201882408,74.256671,72.7352319,13.260448,1
659,1.702353398,6.303980262,75.313186,81.51652066,14.915682,1
801,2.553126992,4.408436275,88.577645,87.27197152,14.848239,1
1047,4.003308024,6.062848257,102.601727,72.0741787,10.045300,1
1046,4.196344814,6.637925744,98.833243,76.33193083,13.402798,1
597,4.756076402,4.111572064,95.719324,67.85410037,1.695361,0
1209,3.633086205,12.10129858,115.228636,87.47470929,11.806907,1
819,2.18492642,8.077968421,115.651977,80.6141733,1.991804,0
946,3.227655607,6.037498883,98.905010,87.79622612,14.727091,1
974,2.60718293,7.942000431,132.260981,71.48892703,2.268160,0
876,5.826538249,8.346351378,116.552978,72.19322821,1.894142,0
420,2.838237312,7.012761137,65.370815,82.9789928,9.629673,1
655,2.268643363,5.260935012,78.140729,81.62018498,11.817877,1
971,3.903828638,5.849536136,94.603864,85.22294513,11.423254,1
503,4.20875453,3.612326044,70.776235,79.09257913,8.853763,1
721,2.342783893,6.189256808,82.533038,85.16924116,8.721910,1
662,3.045139214,4.326240857,73.627644,82.36695591,13.713865,1
989,2.533155191,3.896366317,95.976551,69.43383746,9.256490,1
1062,2.371931565,4.044866358,128.966802,78.31106029,1.810188,0
863,2.710188587,6.892567746,85.285606,75.8490956,12.377253,1
531,2.765056795,4.918045413,94.190745,85.81901974,1.524926,0
1106,3.156722894,5.499320801,136.171048,89.86711329,1.794848,0
948,0.604156649,5.952291929,124.542761,83.24182736,1.959410,0
735,3.520681675,6.819748326,83.300801,79.2096415,10.356931,1
1072,3.115581429,6.517538143,139.135196,80.01926976,1.905697,0
460,5.352709758,15.66960032,68.339989,84.64690494,13.819632,1
515,4.242724488,6.827157942,67.852523,91.53226119,8.659554,1
901,5.311069944,8.199822864,117.456931,73.45976107,1.841495,0
577,2.462080898,5.949778975,74.503662,74.97514996,10.607605,1
565,2.576966423,14.55865316,69.855474,74.94702177,9.098019,1
530,5.061578455,9.394167646,70.369729,73.82085858,15.587868,1
690,2.565778509,7.423864123,77.293090,77.48192297,10.530123,1
1176,2.184469894,3.839641487,143.845618,88.94599256,2.045152,0
742,4.528123933,6.265471232,84.050515,85.67466658,13.651802,1
1009,2.367954546,7.574363829,124.290766,88.73843612,2.299937,0
438,5.258849625,7.441941379,63.201085,65.77383958,11.611332,1
893,2.125218196,6.283373521,122.785052,68.16072466,2.240944,0
766,4.851858595,6.406358578,83.968887,81.44153946,8.720612,1
1082,2.468747633,5.98903583,101.434468,72.82531438,13.516112,1
1365,4.306918555,8.690700858,115.310158,82.19789303,13.972152,1
897,4.701746547,7.818760059,88.167666,83.48857565,12.580148,1
591,2.420491413,18.22316606,73.619594,78.90178648,11.378191,1
822,2.681024367,6.047564291,87.400887,75.0818512,7.926302,1
729,2.378893887,11.28328821,82.135725,87.98864033,8.502346,1
621,3.157718708,8.96486265,74.853755,77.15480599,13.064267,1
774,1.578788816,6.276355402,86.071421,77.01709128,14.244614,1
751,2.932798873,4.64397581,82.497375,91.18008058,14.809272,1
664,2.671860351,3.514145249,105.075712,93.02859169,2.031008,0
802,3.039684133,5.208251245,108.972715,80.54930917,1.759550,0
1320,5.278617365,9.190051092,120.371515,75.67221612,11.144560,1
882,4.262576718,11.66603684,125.775564,78.76301705,1.940339,0
698,3.887437434,5.216670127,80.576136,72.89581637,10.539941,1
1140,2.776076966,6.535367641,103.685715,88.38333726,11.034290,1
698,2.821827116,4.33285962,77.851901,89.45643079,11.609299,1
521,3.012581481,5.250535251,71.073680,70.71262798,9.817701,1
644,5.346412382,6.31287939,78.648543,71.32422019,7.950976,1
1048,1.897603786,7.192015595,131.669643,73.27360025,1.882187,0
478,2.16953374,10.75067186,69.353702,69.57250506,14.791708,1
779,5.090439262,5.741413152,109.077734,84.01372295,2.041447,0
1262,2.169313622,3.438965271,157.611055,67.5122495,2.412606,0
907,4.039468544,8.086417249,94.280363,90.68607791,8.066721,1
866,3.085225351,6.640999977,91.917054,89.95794988,12.791429,1
956,3.10431726,5.295442194,95.708828,82.13976287,12.774286,1
966,3.762457986,8.040469096,130.637714,80.48657608,2.026702,0
1060,2.209479094,6.884929128,139.913293,70.77403576,1.962170,0
930,3.517386635,5.498797098,95.798219,81.97880471,9.036428,1
612,1.981109273,6.615775179,74.140041,84.89243003,10.815857,1
625,2.780449011,9.85976642,75.827826,80.18789892,12.779310,1
989,2.676243325,7.85008466,96.393065,79.57588511,13.205340,1
999,2.364709071,6.749469365,101.236588,69.48090762,10.791739,1
1047,2.617687035,7.080908046,134.686421,74.64801798,1.735407,0
1076,3.661027151,5.551209932,104.027836,69.06848237,15.629970,1
534,3.432264363,8.423001804,67.496409,71.78337221,15.009034,1
826,4.549269369,16.2361699,83.885015,79.45513191,9.815045,1
902,4.653057707,6.34695535,117.187803,70.77119326,1.743607,0
430,3.097193639,6.542761165,63.743120,81.27256017,11.202367,1
1557,4.740511764,7.585827614,170.730829,72.08555151,2.393894,0
987,0.752522214,4.801435254,131.491450,68.74647065,2.070361,0
1054,3.049483835,7.280730993,104.010217,80.60812288,9.838877,1
679,2.344697216,6.239320327,77.415536,87.47332788,15.373924,1
650,2.83168092,4.0338719,103.191075,76.49754691,2.088527,0
845,2.203563337,5.667852581,117.899533,84.08402015,2.181542,0
376,4.110229918,3.998726709,62.330510,76.22286963,10.607037,1
520,4.143952597,3.90203139,65.810120,86.90108965,12.687785,1
670,3.637390495,5.388609006,74.223008,80.45197848,15.335624,1
880,3.687516366,5.574357409,123.264637,86.84940225,1.986128,0
697,4.401611928,2.474715945,105.484232,81.75371689,1.601857,0
469,3.415568389,7.1507245,89.662898,82.5986436,1.580640,0
678,2.061297629,8.749673194,81.916622,91.52366524,11.100088,1
642,2.383508886,4.328352026,77.742634,76.38931669,14.187498,1
415,2.698180927,9.614186266,65.101763,83.8985419,8.445971,1
951,1.191360145,9.98629994,91.711047,75.15201233,15.301112,1
690,4.302294943,8.539984102,81.144128,80.34802779,8.101519,1
1048,3.938086211,4.225487999,95.483567,79.55783872,10.060989,1
889,2.379693373,7.570313737,126.754031,87.4487385,2.082970,0
358,4.48940274,4.390300279,57.756528,71.69370662,12.636102,1
516,4.496733394,10.88186109,69.158933,82.05910845,14.567483,1
1373,3.744914596,7.106833712,156.029822,88.15467078,1.942236,0
581,3.616853098,6.159425298,72.124219,81.42167926,11.984968,1
503,4.468944624,7.795953112,70.151403,67.54351926,11.736163,1
867,3.416836077,3.671718781,119.327603,78.45593793,2.041398,0
464,2.048807721,7.200355637,66.403490,73.19270344,14.915025,1
488,2.515882798,4.595755986,67.857079,77.66736348,11.552798,1
754,3.301627174,4.559834317,85.346142,76.24144997,9.473055,1
405,5.246058633,3.81997012,60.262716,69.36014341,11.173875,1
490,4.449131729,8.942043096,92.873259,70.56540763,1.623925,0
496,2.001740447,10.86524769,69.892728,78.36855304,14.967370,1
595,2.581031952,15.78957774,74.578412,72.85971953,14.398496,1
712,3.270437194,6.759980657,83.142484,76.50284757,12.761892,1
854,1.593305669,4.784992193,87.148189,77.05833532,12.901539,1
629,4.701922692,4.314284437,95.342058,74.95259259,1.773642,0
804,2.447769837,8.628294683,81.550570,71.3465074,11.193363,1
622,3.239334048,4.804825071,77.709312,89.9184298,15.360801,1
869,2.080204522,4.013707963,121.005579,79.18403514,2.198953,0
488,2.499238179,6.550976937,65.897597,85.85414982,9.687286,1
1196,2.944374674,9.667704349,105.468111,73.86307023,14.574968,1
1122,2.347645146,11.41776436,105.291140,73.72633897,14.564865,1
1207,2.69472482,4.452540289,112.399277,82.06561601,14.160256,1
718,4.235727994,6.045670283,82.581219,79.06988322,12.361612,1
1640,3.808534802,6.756059402,188.971612,66.75493786,2.305905,0
741,5.857667426,10.19236812,84.402696,76.7155773,9.670005,1
833,4.494979986,7.078353563,86.122413,78.95438541,15.333723,1
948,2.946278435,15.51327261,96.347557,87.98690262,10.045012,1
497,3.872377818,9.480177869,65.742184,66.22667256,12.609831,1
1218,5.522879353,7.485903322,109.774130,69.32733064,9.499626,1
425,1.989641184,9.954673653,80.651669,80.52187239,1.427981,0
609,4.779777538,7.030671641,75.386626,78.2887937,12.194297,1
1047,3.260848569,6.365019188,133.860017,88.72384543,1.925457,0
499,3.548661151,4.843667693,64.371886,82.37631833,13.496408,1
452,1.766625619,5.660407944,65.882211,85.15495122,10.636060,1
733,3.143355118,5.343387137,106.265921,75.76605625,1.707793,0
380,2.393187575,6.411880481,59.604208,81.82903054,14.552177,1
1128,4.153642787,7.75387574,135.172070,66.44805211,1.815415,0
894,2.958170339,4.073445012,123.789185,83.50277132,1.648603,0
794,3.424242823,5.681970834,85.778729,83.84600248,14.255180,1
667,3.293045769,12.55918409,106.248052,89.97237672,1.869372,0
672,2.498487252,7.800366856,79.867306,81.23999107,15.072904,1
912,4.591005627,5.76587528,118.534116,85.64137184,1.805061,0
580,3.890245563,7.271944974,70.797166,85.00396987,8.040217,1
1122,3.380367116,5.252627596,103.038327,75.31553049,15.706329,1
453,2.613058323,5.571826867,61.803684,75.06541564,8.195177,1
560,2.827450817,11.73054823,73.252678,70.76525408,14.709564,1
1300,2.265558311,7.342696699,149.004216,85.24862695,2.318930,0
845,5.262976775,6.093833717,90.291611,84.14588186,8.686885,1
741,3.877982729,5.18000895,83.904565,78.18673082,9.933793,1
1149,2.406853954,5.441151465,108.031109,71.95848172,11.398015,1
435,2.274622836,2.830502247,62.694644,63.83894247,13.448203,1
1029,3.882524964,6.933716417,99.699089,77.70945505,13.936513,1
732,4.660800692,7.715807481,108.929933,69.85873807,2.069455,0
552,1.602354128,5.379013382,72.417484,80.31756643,7.974816,1
1165,1.757135622,8.404612748,143.315500,85.17412268,2.155218,0
846,3.586614485,4.694549344,123.009409,88.38655738,1.991491,0
1125,3.097949669,6.940524661,108.085915,77.48653067,13.709251,1
1404,5.401129859,12.09446627,163.929175,81.4746813,1.944396,0
862,2.234792644,6.665822936,88.294228,84.61613063,15.286435,1
924,2.949830967,12.89670524,96.698829,75.15859985,13.170752,1
928,3.239772343,6.724460752,129.827962,71.85093183,2.190633,0
525,5.602011068,3.597902456,66.442605,65.62481644,15.039675,1
825,3.887858029,6.165552235,112.959424,83.53733582,1.726653,0
722,2.822050997,6.492604991,83.466740,76.3571649,11.044732,1
566,2.435267815,6.19694928,72.904115,72.70811704,12.140548,1
722,3.482872753,5.347531882,82.914244,76.90352323,8.354486,1
606,4.530950706,4.695013695,73.256620,74.85075912,9.376138,1
426,2.07743108,9.632772599,63.062618,76.00116941,7.820113,1
1345,3.459253405,5.465382674,114.840401,75.64883282,15.730003,1
460,3.52378446,5.172521998,65.342052,78.42992815,14.367883,1
1478,2.811486578,7.202235852,171.761329,77.21410253,2.497852,0
645,2.352143591,4.68444633,96.764886,84.40453318,1.785694,0
987,2.152561264,13.16540639,131.325982,84.96795943,2.006147,0
1046,4.571248864,5.902018779,139.787357,80.79122447,2.000520,0
981,4.822007932,6.405569799,99.384271,81.87007118,8.278541,1
590,2.309254947,6.166792222,70.457071,72.5793174,10.463404,1
923,3.126081771,7.982168481,96.055349,72.95418752,10.720833,1
673,2.643793009,0.80314664,76.046850,76.51557991,10.755121,1
1439,2.730457985,3.557814517,119.098281,77.88730494,13.855484,1
652,2.827242349,9.128965454,80.249517,85.86454128,12.514379,1
1443,2.214684081,5.812923232,172.599827,86.71524698,2.023902,0
769,2.335418451,2.276762834,106.854920,76.537028,1.957771,0
756,2.27769201,6.89093311,81.110739,78.75791958,11.110161,1
990,4.0381252,5.973015356,129.094995,84.60349535,2.228064,0
834,1.89954371,2.314760017,91.445784,77.59973975,13.722832,1
555,3.49474762,8.232125444,74.164752,80.36717203,12.003911,1
1224,4.150099559,11.16516592,141.912814,79.17329545,1.930445,0
1098,5.20336813,4.675216561,106.770869,69.15436338,12.605283,1
814,1.305559137,4.714444248,90.493857,70.2116655,11.858457,1
525,3.07911953,12.33855287,71.037409,74.3709308,11.284248,1
703,2.406083542,4.828797237,76.579796,75.57429207,15.323008,1
729,2.825510816,6.782988767,80.581259,73.1589615,12.276155,1
643,0.110167271,7.16721522,104.995186,72.71021834,1.912829,0
934,2.073483187,2.741459296,96.814418,89.71325015,11.798130,1
652,5.510354542,8.872021282,97.829096,71.07569605,1.799468,0
618,2.628499408,3.632139881,94.553900,77.13040571,1.518089,0
1553,3.404830209,5.522277242,170.296925,71.56307277,2.181377,0
941,4.755857413,8.640693912,124.706448,79.03616329,1.978065,0
533,2.896669805,6.952250563,66.413441,66.20589862,13.621690,1
1094,4.182552262,8.274341743,142.093146,90.29441537,2.244879,0
936,2.769151193,7.237719469,122.705229,79.49087484,1.872435,0
708,5.190179022,6.889345077,77.561097,68.46894918,12.554927,1
1164,2.573386647,4.838377138,102.754781,87.12441451,11.851836,1
739,4.476393553,6.69971841,78.861906,92.73184378,15.678421,1
706,3.234124518,4.444431584,77.814356,85.88678808,14.937451,1
540,3.878581583,7.175384283,68.901263,74.42623108,10.981791,1
435,2.771794617,8.088241693,61.139185,85.61671401,14.359463,1
1118,2.504030304,5.578720966,101.447159,89.63427171,10.969928,1
627,4.81758371,3.778273392,77.589488,86.66016159,11.372440,1
885,1.887027852,6.352865126,89.108908,81.45093441,14.404169,1
1288,0.168868564,5.024822059,152.887540,84.97996459,2.339504,0
907,2.364545452,9.172647899,90.808653,72.25197192,10.970667,1
970,4.810464402,3.037662415,128.927157,79.07012587,2.152989,0
609,2.63727417,10.03125922,71.113383,76.63563041,8.265839,1
680,4.051652489,7.49774782,76.294470,68.15395001,8.746262,1
625,5.089271006,8.30991536,96.994292,78.32001941,2.082920,0
757,2.490395731,5.774429263,106.657137,88.71744784,1.901019,0
1074,3.737906137,10.96807602,97.791736,78.73236134,9.531790,1
1235,3.412709616,4.810563082,153.468437,71.66020034,2.228592,0
1275,2.964133367,3.695631372,156.565813,71.91082186,2.198062,0
618,3.05215672,4.945859605,72.409413,81.76781717,14.676278,1
1013,2.231824095,4.297951406,93.971563,83.65847793,14.203483,1
804,2.206428271,8.002925724,112.688452,84.41963895,2.115110,0
745,4.822689254,2.896579111,80.371521,87.29103243,10.729717,1
731,4.302755242,6.135083012,78.284047,82.36414652,9.296709,1
712,4.174388418,4.591830946,80.862965,82.86011078,8.391823,1
446,3.044813331,7.487645993,63.991366,78.58973909,15.668143,1
423,2.151684813,4.4096189,64.599037,80.05986041,15.082742,1
1117,2.656938682,12.66832624,107.307358,84.08204678,11.051162,1
716,4.864118703,7.861623486,104.741627,82.30663497,2.044532,0
713,3.396924516,6.141088472,78.727670,70.32307796,8.033698,1
890,4.350183593,7.568172919,117.964963,67.41948499,2.198137,0
825,4.848554134,4.858090865,115.836051,82.71502511,2.053256,0
1204,3.275877922,6.371459459,148.669879,87.68597849,2.147146,0
622,2.538549057,14.24322453,104.527827,72.38027948,1.693728,0
757,5.065280666,6.963916333,79.074507,73.49054043,9.985076,1
960,2.474815926,3.485563544,131.339996,85.01075125,2.072053,0
938,4.029101297,8.196335015,95.763361,77.05426374,11.981676,1
1203,4.412092438,6.61172164,110.001837,79.87912544,10.826119,1
710,3.633676377,7.302865134,79.886247,76.3863847,13.609234,1
655,2.361507105,4.838999358,105.832218,77.40772575,1.801815,0
882,3.422874639,5.697082456,117.768142,73.84816646,2.017937,0
530,2.915971072,5.63400991,68.403868,80.28514818,14.680461,1
470,4.915509948,7.28948227,68.838485,75.89064937,10.658635,1
646,4.181883296,3.797637417,73.135254,80.2782973,11.066830,1
693,2.762508274,3.521658593,78.629502,88.58313041,15.435615,1
488,2.525153573,13.71734979,67.354320,78.18385044,8.479604,1
506,3.719059331,5.506667056,67.884481,76.78516892,13.412448,1
860,2.973335736,8.082521365,85.213867,69.1984777,10.302011,1
630,2.793137386,3.985444352,73.767284,66.79789744,10.150299,1
767,5.072461639,5.263981238,110.895609,70.07232852,2.099834,0
620,2.140913474,7.80722012,75.707219,81.71067089,9.386572,1
903,4.323024347,7.242389803,87.262314,82.86594222,10.226541,1
679,4.518270165,7.625920405,80.570113,80.82348961,8.036061,1
853,2.964726577,4.428289858,92.385793,75.93069856,14.677358,1
632,4.195581368,6.564832781,77.024668,69.85256267,8.528409,1
705,3.397853235,7.71707214,77.810789,67.24503195,13.123285,1
662,3.344014489,4.511645561,77.466991,66.77981227,14.537746,1
620,2.099176866,4.509131834,72.419526,80.97855054,9.577181,1
448,2.746941304,7.938342502,65.686735,82.89769424,11.543866,1
1439,5.319710711,4.716009453,127.198906,83.42932975,10.223569,1
1132,2.401280385,5.682014652,139.534298,76.71948924,2.075351,0
639,3.163274319,7.307203301,72.622364,73.49388006,15.302180,1
1023,3.526581761,7.689879323,93.981951,85.68621501,10.889924,1
587,3.94412927,8.095783075,69.206183,75.67201637,13.654227,1
1202,2.25802358,6.88924929,144.798939,76.79929305,1.958739,0
489,2.216225216,7.208257828,65.748025,79.47040509,10.677701,1
594,4.010789707,11.20537427,75.080288,90.40460297,14.366539,1
793,2.628779994,5.919787407,82.512871,76.95056758,12.188889,1
710,3.54626331,10.53518536,82.506383,87.32324034,12.650544,1
780,2.442243591,6.240201238,86.622006,78.97765134,10.264278,1
883,3.38272949,6.089953152,89.088627,83.69934856,14.570852,1
769,2.141933233,10.29141305,80.860803,78.17663919,10.589455,1
546,2.619223684,4.459455535,73.333739,83.81279471,8.916734,1
958,2.381595562,18.75335083,90.728861,79.29408063,8.696086,1
552,3.090189975,5.166196114,72.799130,84.66617458,10.081607,1
462,3.533206998,6.937843455,66.458609,65.76298129,9.502361,1
951,4.82210073,5.900031736,97.270245,87.53132926,12.784946,1
839,4.390387792,8.390220043,92.152166,84.92806791,11.853518,1
457,2.640122248,6.533334627,67.306102,79.82942841,14.855847,1
633,5.425919834,7.313858097,72.908469,79.72447077,15.650216,1
810,4.850888527,4.330256206,112.673893,84.67072842,2.175782,0
808,2.688814991,6.047971409,110.113001,77.88400066,1.972076,0
580,2.462822906,8.401587015,98.618158,86.85467092,1.753410,0
844,2.138058334,5.53870194,87.677272,77.37437153,14.918589,1
538,3.531491496,5.78589053,66.391814,75.49736948,14.677007,1
668,3.312420506,2.724538103,102.445989,89.6690079,1.861474,0
445,2.690633103,6.753298857,64.423794,81.6222989,11.858493,1
1011,2.139906705,5.623271393,98.429472,74.46633525,9.008641,1
1133,4.083576109,5.38488797,145.348736,75.56660424,1.806300,0
841,2.433717247,6.861732939,111.756659,74.35102094,1.639856,0
671,3.246586689,8.241662775,80.084953,76.12483448,15.215288,1
534,4.041434956,10.40933469,92.790236,70.38465463,1.883444,0
642,4.191950135,6.284633431,104.147190,83.48406249,2.119259,0
611,2.73282871,8.368204579,71.051690,78.30096811,14.297460,1
567,0.614028311,4.466970339,70.857071,85.75466004,11.270003,1
729,4.267034658,5.631333382,110.808938,73.21978294,1.758115,0
510,2.118162054,7.295789399,69.227967,71.07548901,12.481354,1
530,4.142201027,3.921240347,66.951066,84.97797215,11.706832,1
222,2.797217195,3.894904671,51.572166,67.61777441,13.409940,1
974,2.596508246,5.884856085,123.366965,89.35034592,1.759391,0
694,3.067542157,6.147901375,80.915776,80.98873944,14.712440,1
986,3.314843445,5.958931721,124.312119,80.57515273,2.072223,0
925,4.13981912,6.054372396,96.390025,73.55440469,15.588758,1
1685,2.685628386,5.157018266,175.758980,79.06912892,2.076491,0
1012,2.764866422,3.886736607,125.029971,74.9401927,1.988025,0
739,3.006423621,3.308197556,112.903107,72.63974103,1.904313,0
690,2.758632963,6.208755232,75.965011,68.75585102,11.480422,1
995,3.689258249,6.731399859,125.807949,77.71774984,1.971494,0
851,2.849683697,4.729577612,115.324445,87.85863883,1.875656,0
571,2.390712874,4.430610984,69.337540,75.1555273,14.526921,1
739,5.30792359,6.707673047,79.601916,83.24817894,7.964475,1
644,2.178557643,3.506100743,76.224614,81.5890252,13.348633,1
548,3.581258333,5.569031746,69.305666,75.98091757,13.571933,1
723,4.828595184,6.681231974,105.985715,72.63286875,1.786261,0
605,2.733054602,5.016434549,102.066086,78.48198264,1.565076,0
754,2.74287763,3.846214835,80.243139,85.23518932,9.504177,1
952,2.684061271,5.569928316,131.597811,79.2830459,1.970942,0
1175,2.070249672,5.545241312,111.140510,90.45261801,13.656638,1
733,5.837861436,5.886423879,78.412089,80.90545096,7.898853,1
747,4.203681777,6.790291816,84.477857,72.94629518,15.192984,1
1369,3.620074384,5.677075975,117.123431,75.71708258,13.080384,1
365,1.91309338,4.959356497,57.989420,75.14105277,7.784308,1
645,4.693527217,6.342743849,75.945812,92.04750014,8.544922,1
630,3.322102262,6.524635022,74.584575,83.13156458,15.793624,1
457,3.560818653,6.459346682,64.110631,88.88818644,10.273226,1
769,3.708547427,16.56635434,82.864323,72.92146285,13.632742,1
1198,2.147970029,7.341662211,108.115075,88.64580402,9.819746,1
873,3.603737878,9.135042907,122.140345,72.20354392,2.098918,0
1244,3.580435582,11.17878754,144.000269,91.7450706,2.270286,0
813,4.396448221,3.853735834,120.438346,80.52166619,2.123997,0
718,2.661980102,7.780687656,104.535842,74.01337491,1.680007,0
509,2.265238084,5.517204522,71.162710,75.05308112,8.855311,1
447,3.658044245,10.7112065,66.763747,85.18432056,14.344392,1
784,2.643907604,3.261659075,87.554555,78.33972349,10.094395,1
833,2.259484193,5.146271923,121.223132,85.30868306,2.195373,0
743,6.177485811,5.924556724,111.268708,67.92738371,1.962441,0
559,2.455391481,8.582292313,70.386624,82.24301647,9.948828,1
837,4.947197436,5.15540618,114.150485,73.80194355,1.794923,0
692,5.00811327,4.910265877,78.153602,73.18654038,10.511550,1
550,5.777803958,4.871712444,68.236239,85.07135667,13.147164,1
831,4.398719187,5.65502485,86.167513,81.32434787,10.687459,1
646,2.4607472,2.726846901,99.046972,78.06934874,1.944353,0
620,3.378239744,7.474843769,72.976740,73.37464539,13.711192,1
965,2.917839418,4.493307623,98.896993,71.67698827,14.426195,1
1401,3.981497888,6.927485215,154.870161,85.7862513,2.358152,0
621,3.212518971,1.170841376,72.951022,89.36292788,13.982754,1
1086,3.400075097,11.57803246,102.507774,75.7799638,9.182525,1
573,2.270461217,10.93065917,96.667972,81.80263164,1.595257,0
745,2.971575824,6.749574126,78.951840,68.86669397,12.524785,1
1272,3.358739315,7.183442486,159.309479,90.25056028,2.333894,0
946,5.069667638,6.448355835,124.731791,81.11040043,1.860692,0
576,3.801908431,5.161796063,72.874661,92.42412761,9.016015,1
824,2.213278627,5.208604853,118.120181,73.92640593,1.702332,0
642,4.644894882,5.948687704,98.334874,81.23142751,1.727522,0
713,4.238405644,3.568699736,81.353772,80.16976093,8.709621,1
896,2.577784106,6.364715857,86.917529,79.32501322,10.027120,1
660,2.518850626,7.772056779,77.914646,80.02054681,11.399634,1
680,4.109139747,7.236591146,74.978296,78.34868871,12.905251,1
1155,3.474291869,13.00051353,105.280180,78.34722124,9.935065,1
699,4.551963338,0.941414385,82.842913,85.70660404,10.052008,1
892,4.291684898,4.781538852,115.819275,77.55722259,2.106920,0
897,3.443202301,4.081587954,89.639434,83.60981426,11.317233,1
580,2.148754205,7.550293602,73.975584,81.23257102,11.928335,1
759,4.282887159,13.7838342,114.310825,84.05710448,1.908783,0
965,2.227582883,5.823857623,130.055537,80.65248099,2.213251,0
917,3.620941298,5.986937394,88.474629,78.85931807,12.529418,1
994,2.428574325,3.602710541,131.406652,82.27588506,1.970473,0
636,5.234647497,6.997737265,95.933360,84.00419053,1.874585,0
570,2.906042314,7.42353518,73.828705,75.15325038,10.182505,1
932,4.68868555,7.964052807,126.572674,78.23919119,2.104846,0
620,2.660636198,3.872604107,77.462458,76.90369408,11.154607,1
893,2.352699402,4.809562749,119.646749,81.58552959,1.699027,0
858,3.632693476,8.089761278,90.804356,83.32923679,14.269330,1
796,4.359271431,4.277617371,88.775164,72.74927327,10.739916,1
721,1.895801398,8.569586932,79.156447,80.71663183,15.830192,1
988,4.391887413,3.794855908,92.861439,81.28855093,10.760575,1
1288,2.780855482,8.53713538,146.451217,78.07984764,2.134758,0
584,3.196155766,7.167711374,73.310115,67.33002756,9.006243,1
793,3.683534044,4.577321726,81.962583,68.89103758,8.909933,1
987,3.592820911,8.287422991,92.953845,82.18696713,11.404756,1
436,2.353372127,3.307727192,64.165327,84.07489171,9.029747,1
668,2.805005603,7.188409364,76.084813,80.31036977,8.410688,1
743,4.195356755,9.271164565,110.215137,70.32538518,1.914884,0
486,4.71643088,7.78436284,67.430674,80.40264683,9.057328,1
549,1.870281752,6.813984759,93.755796,73.56780922,1.818684,0
733,5.265467774,5.201917318,80.183694,75.06609821,11.898196,1
1144,2.243752728,4.418108997,105.165815,75.83375249,9.170474,1
797,3.026721899,4.683743569,84.812889,73.2625641,13.855762,1
1003,3.480686086,6.13709598,124.898198,82.97216709,1.828109,0
1103,3.214466104,7.848660723,102.007463,74.89609101,13.740304,1
630,3.646982061,4.622779167,72.153025,87.15981785,14.551306,1
399,3.967771551,5.376547537,59.406759,81.44441927,12.453698,1
536,3.022837954,4.073515831,72.163571,88.42787632,9.849302,1
883,4.123876726,5.67101935,91.513740,86.03938371,13.562472,1
1451,2.174910595,1.960820455,162.972747,72.03193002,1.996603,0
912,3.901684392,4.527939467,93.483742,78.21376719,9.063589,1
742,2.17781017,5.657581504,84.451634,72.81110749,10.407482,1
990,2.708299337,7.835401616,125.269296,73.4532103,1.764460,0
816,4.220894563,6.785162035,90.321225,76.53737026,11.561645,1
1674,2.501620349,3.624157065,191.298419,74.64194049,2.626296,0
873,1.786305719,5.720598651,92.780300,69.76706881,13.503649,1
513,3.125296564,11.58945509,95.521324,72.23922724,1.467933,0
892,3.598466675,8.75671942,119.440520,87.03816879,2.058330,0
570,2.219410893,11.53174885,97.699666,83.82668458,1.743858,0
1050,2.832184742,17.19333601,103.308939,76.97216604,15.764421,1
743,3.107117847,5.524113263,84.958374,82.9917978,10.681785,1
903,2.230006757,3.953842384,119.169696,74.92326422,1.805040,0
1364,5.578141859,5.272082091,153.341130,83.69448921,2.203971,0
1628,4.693426328,6.369415761,187.192743,73.74444603,2.048930,0
980,3.054972218,5.812765177,95.636815,82.29059442,11.311257,1
966,4.459989169,3.611417165,97.044186,83.55188301,8.643864,1
556,3.875432146,5.594232018,70.033959,78.17097755,7.986301,1
673,2.941900642,13.74163162,75.951219,87.58600561,8.961973,1
479,5.691428916,1.144959251,63.434736,84.58665356,15.467005,1
899,2.81327559,5.57747507,116.163646,82.4769303,2.096518,0
619,3.533393531,7.589636757,76.765219,78.52802663,9.790694,1
868,2.295944984,4.221203379,124.587148,88.28611486,1.687693,0
587,0.107738542,6.22192506,97.639246,75.0000931,1.767003,0
486,1.713611884,7.593934815,66.973121,91.29687786,10.694192,1
770,3.600439462,2.869797401,80.396977,79.48855395,9.095766,1
861,4.71687559,8.256140036,119.583217,72.80294133,1.844891,0
700,2.691592394,13.97572009,76.120452,79.61313381,15.568308,1
713,4.792744725,3.369266309,78.969786,83.35611094,8.347585,1
429,2.43658945,5.697686557,61.204661,72.66197718,8.108259,1
1163,4.512941192,5.449606704,148.039122,88.99453503,1.805316,0
627,2.329074315,7.525549401,77.640062,82.79145702,8.183088,1
1606,2.104721258,4.404406842,139.483093,71.11678158,9.489209,1
761,4.049980349,3.628722539,86.137943,72.42606698,13.612547,1
1152,3.952010848,4.955447491,148.024136,73.47915247,1.859761,0
736,4.970301641,1.274067616,105.082434,83.16408978,2.104128,0
532,4.92840245,6.622125865,70.709178,68.1460947,12.282061,1
826,1.977965866,12.74520565,82.952722,76.88661187,15.102725,1
1335,1.85853313,6.578615243,156.673422,86.26258289,2.101785,0
553,2.802465304,11.32342795,70.642779,75.83990124,13.071844,1
1067,2.596989773,6.109565826,129.412744,82.24815833,1.947305,0
878,2.622737785,5.840775924,92.472169,76.66084484,10.932960,1
1578,3.4243618,1.76699687,135.478129,85.86918994,14.086304,1
917,4.727426725,4.236539521,117.248721,88.02752076,1.812030,0
711,1.878176094,2.792855634,83.149228,70.62736304,13.276413,1
664,3.938858848,4.876558613,80.789251,80.32686929,10.671868,1
750,2.423961336,7.542295043,114.476120,71.73114392,1.686635,0
546,2.133423591,3.285286046,68.995772,72.99274196,10.311696,1
923,3.553762698,7.178770328,119.485708,82.70482078,1.896755,0
820,2.406798538,13.46706152,114.808634,80.91617403,1.778640,0
762,4.513581148,7.358038718,86.120909,75.91194624,11.732093,1
367,4.754581127,8.225958605,58.181621,71.49264035,8.076534,1
252,2.759883356,11.20968168,53.548406,72.19710817,14.216793,1
537,3.721734597,5.380306475,70.005163,91.68934276,14.939137,1
1317,4.623245871,6.572043963,159.411109,74.83709003,2.372555,0
993,3.272306436,8.759691406,125.753391,87.22974023,1.886154,0
502,2.23336461,6.612360089,69.506192,74.57510328,11.859629,1
675,2.340747468,13.1796366,75.987291,79.60077151,10.180861,1
662,2.131410776,4.169163745,75.019717,70.85590271,10.455734,1
463,3.129276463,4.794016949,87.878500,83.90231105,1.740592,0
872,4.520969772,11.70518061,87.125966,79.66320287,9.418745,1
768,3.23380817,5.579952329,80.580422,83.29948957,14.163835,1
1311,4.777610106,0.56835087,148.488974,76.93535156,2.090003,0
1242,3.885375131,6.145073964,116.775716,75.82947051,14.805645,1
730,3.854203485,6.124153266,107.586790,84.9792694,1.953000,0
806,3.299033644,4.51804168,111.800711,81.5577424,2.077005,0
761,2.95538822,5.739191676,85.904366,89.28853246,12.246942,1
803,2.268509024,7.153450693,88.287204,82.16213003,15.045631,1
849,1.852082802,11.51882223,118.575370,91.87964108,1.716756,0
859,2.113640617,5.0984137,89.907541,82.56044069,13.810530,1
497,2.737554284,3.972129572,88.052618,80.96972117,1.660142,0
809,4.800293413,5.971955382,87.624850,80.16502432,8.350005,1
682,3.038532393,3.990943697,82.075058,77.7195891,15.533568,1
557,3.912950354,6.806831196,68.886633,74.31001789,14.332626,1
977,4.303022093,9.997433367,93.988812,77.63878529,10.835426,1
602,5.675429031,4.759761827,70.882194,83.14686112,8.630263,1
817,3.400180984,9.313423882,114.929787,83.97725242,1.940200,0
453,3.007700046,5.530251873,65.303838,73.65549863,8.840312,1
899,2.205858645,7.56670839,120.930830,78.20223166,1.831447,0
993,3.313214097,4.123148709,95.059768,84.97979458,8.656215,1
779,3.089802191,4.690323325,107.030688,90.67478646,1.853074,0
909,4.350014004,6.203589294,88.120283,81.43868503,12.031217,1
803,2.660156939,6.043977425,89.647390,83.2952059,14.403711,1
723,3.205914674,2.78698813,84.624268,76.12832533,8.004631,1
374,2.794912917,5.861734058,60.177675,73.44669881,8.335784,1
431,1.905986512,7.298055378,61.931240,82.62563445,8.273774,1
587,2.874634026,2.764498851,73.752245,76.21997775,14.271184,1
753,0.478076842,4.922090105,115.575561,78.06998361,1.684608,0
648,1.929845223,7.745250072,79.454994,90.57875638,11.637665,1
587,2.581193819,9.507606459,70.380191,78.16398969,15.189579,1
555,5.193266536,6.052998026,73.583680,84.56876253,8.053364,1
1394,4.933330218,6.933642589,156.082002,82.77916262,1.908381,0
759,2.575167849,5.341572664,85.527011,79.83860068,9.182666,1
1047,4.413927709,7.504321041,131.056612,82.4899833,2.249347,0
819,3.147547596,7.347968912,116.088497,81.90330785,1.641670,0
1488,3.773569813,6.925047954,122.444692,73.26145875,15.506921,1
705,3.739217214,14.71173613,110.371295,85.71156916,1.931063,0
596,2.446912305,6.88673152,100.088565,72.15470463,1.651291,0
720,3.765513552,4.781652768,104.052927,84.32607825,2.088595,0
787,2.495832178,14.20979085,85.627539,86.61815475,11.242494,1
1286,3.014882305,7.706397874,156.406764,76.76180862,2.041950,0
1046,4.310402703,9.182887456,128.051231,82.5336883,1.740929,0
617,5.051304902,5.207953593,95.523095,73.29680765,1.823985,0
633,2.789075516,11.45201009,75.542197,74.32332928,10.879774,1
770,3.332817155,3.484321454,83.881561,80.77740263,13.255215,1
737,2.853938002,8.194822615,82.319747,74.76470024,8.424378,1
1112,4.698064877,7.670734559,138.288552,68.39091562,1.872537,0
1517,2.666910639,10.11228263,166.225728,84.23061095,2.192743,0
1438,3.128226213,3.346490991,170.554468,75.92139198,2.054493,0
541,2.830232936,5.29925844,72.950109,78.40950868,11.360499,1
533,2.795867414,4.234941577,72.359053,84.57121451,13.814144,1
614,4.686160921,5.791437706,73.311782,90.93479844,8.529246,1
863,2.152188661,4.195237514,120.869946,88.10136856,2.168746,0
494,4.427320233,6.221871485,69.579347,75.63492835,11.493025,1
833,0.476755591,12.95926569,122.020299,66.21093275,2.154467,0
675,2.709761393,5.977238424,103.362248,77.87784448,2.128611,0
889,2.30516024,2.150062121,90.272755,75.95981848,14.775838,1
878,5.159145618,2.487179342,122.956616,68.28730741,2.215558,0
499,1.953172454,4.80703814,89.047418,78.15615997,1.758695,0
1271,0.493089518,4.34024163,148.178621,68.97467422,2.179562,0
842,3.734546824,4.145864498,112.559808,74.89715119,2.047025,0
630,3.680496727,8.178888341,74.295797,76.1311451,15.025976,1
982,3.039210377,7.722567174,124.382194,87.98771396,1.847050,0
505,2.264819293,7.083826211,64.985124,71.19307575,15.215812,1
534,3.096732758,7.514517209,71.017381,74.67603536,11.045595,1
600,1.835726552,6.271349119,73.049889,76.51820218,10.720968,1
453,2.318068836,6.004364166,64.094289,76.00828296,11.170579,1
902,2.395196215,6.615415391,116.489007,82.47667275,2.082380,0
754,3.296830139,6.568899354,81.251324,64.19949011,11.801144,1
458,3.934327067,5.909901432,62.962742,75.43145611,8.694351,1
569,2.30986705,3.98473696,72.270850,83.83025258,9.531281,1
928,3.083999547,5.579057146,92.916977,77.27792764,13.470446,1
537,4.783063725,5.331258329,71.290681,82.95136623,13.180141,1
710,2.521804122,4.885585827,81.113001,78.97606313,12.677577,1
817,2.768568474,4.74199759,117.486659,90.13009008,1.987660,0
643,3.281272468,11.12210896,79.000588,72.9814174,11.758073,1
1132,5.007241875,8.077144771,101.521556,71.3568781,9.206785,1
589,2.05068795,8.368528613,72.906371,77.6408445,9.608467,1
811,3.740862432,4.014311507,117.309492,84.29801907,1.982224,0
1071,4.029000353,6.384378279,140.634517,87.29986349,1.820762,0
746,1.87602595,4.425415383,80.878150,80.45187173,12.595929,1
608,0.793987196,5.950963506,76.611465,77.22506938,15.484110,1
1096,3.430717702,5.002303551,106.959351,71.98808166,10.656295,1
856,1.812763159,7.534508323,112.963646,70.94994596,2.090806,0
850,3.141276667,5.220516541,92.757677,73.02950089,15.096604,1
806,2.68854652,4.810612524,116.923966,78.03112254,2.123356,0
1203,2.665368319,2.358773106,108.179986,67.94570791,8.525514,1
916,2.761734666,6.519717238,123.928848,73.03642086,1.747813,0
829,3.582282396,5.129312925,86.958333,66.91730718,10.560753,1
662,2.126854904,4.704842108,79.640955,89.16932808,9.988760,1
1004,4.598015355,4.720632153,101.887274,73.00496763,14.759754,1
451,2.755170463,8.194505741,83.624221,75.68676865,1.644035,0
933,5.467504683,6.335899582,94.889866,74.37551662,14.273309,1
983,2.715337797,5.622018677,134.483540,78.20956179,1.717324,0
468,1.87112655,7.339342575,66.501890,82.89547708,12.812706,1
1432,2.182520692,8.248285501,122.713960,66.88427334,10.131905,1
727,3.502621523,7.402201014,81.719212,74.42825943,13.513348,1
698,3.465183656,6.943589831,107.179608,72.44460608,1.833382,0
424,2.612656286,6.025298103,60.467665,70.60597583,14.258962,1
455,4.275140034,5.533796414,86.976179,85.95135427,1.912135,0
1063,0.136916593,5.982237253,128.609282,77.26491363,2.049674,0
641,3.417078761,10.31878169,73.609551,77.22594581,9.905550,1
736,4.779352139,7.930298623,78.943293,78.81256672,8.693314,1
723,1.81586182,10.83310876,109.450268,82.67504662,1.938464,0
452,2.43074045,7.197301226,61.684872,76.74256338,12.402972,1
971,2.443172674,7.763951918,97.245812,68.90748212,12.202550,1
862,3.948128094,7.327890941,118.348601,80.76175232,2.155472,0
497,2.378271216,5.320073454,66.702427,71.29653919,15.728722,1
831,3.120185797,5.257630386,87.870821,70.13849606,13.995588,1
632,2.539591137,4.880473125,105.313997,73.49732967,1.719552,0
504,3.937978961,7.157951661,70.803553,67.06401637,14.884292,1
1149,3.03519784,8.348915883,105.912888,73.82046357,11.046666,1
580,2.509516289,5.618440229,68.834028,74.81088499,9.967248,1
962,2.916130103,7.406181063,93.127525,85.79107951,12.176438,1
874,3.056491379,7.546148927,86.507857,75.68535329,12.046233,1
611,5.061443229,3.364006221,75.470210,70.39816185,13.748353,1
598,2.947185867,7.24002294,71.001152,74.27361694,8.676549,1
518,3.240303915,4.821230739,65.306846,87.00941049,10.732873,1
597,4.504881416,7.867581768,76.556231,74.15386213,8.163720,1
754,3.83951873,4.119709663,105.143974,84.98336763,1.706538,0
1238,4.142548251,6.979877288,153.809069,87.53133768,2.006043,0
633,3.366976104,6.816481616,77.765160,78.53176169,14.223411,1
1335,5.892478273,7.151155778,120.820485,71.64089142,14.767654,1
738,3.789443825,10.85112272,81.609736,82.98326076,13.249417,1
610,4.588997066,5.182688095,100.075021,73.58597687,2.047282,0
459,2.939726244,4.486923022,63.049457,74.95869533,13.479967,1
961,1.048267542,3.693304276,94.614172,75.66209988,14.139145,1
1312,3.534217896,4.122034978,120.733407,88.65335915,8.403432,1
394,3.758400784,4.874237418,60.954368,84.23527027,11.502385,1
1008,3.697149852,5.026760222,131.361988,71.29257394,2.028619,0
599,4.106224818,7.668269706,71.978635,78.14574614,7.997473,1
575,4.165944262,4.635579979,71.290840,76.03842155,9.187778,1
1417,4.143646404,5.39840858,168.601974,77.83242268,2.127757,0
939,3.84920472,5.114817068,90.464942,90.82230699,14.182832,1
538,2.508734845,4.785244857,72.007293,85.20158766,14.426694,1
613,3.463984908,2.997292406,94.923869,73.44434165,1.937834,0
1232,5.097015088,2.490010153,114.504680,85.24701942,10.325471,1
651,2.758789262,4.510129352,75.182883,85.47749206,13.298122,1
528,4.109280197,7.063354938,71.720035,73.6391551,8.058844,1
541,2.321533707,10.07919911,69.155069,85.35834267,7.925813,1
753,2.003098579,9.155218815,80.150756,81.63820142,15.401239,1
405,2.40939232,7.330568805,64.729590,91.31713447,11.572156,1
669,2.460181699,8.380026547,76.469120,79.44589727,15.675701,1
690,2.356505017,5.017823692,80.520035,71.95013153,11.627317,1
826,3.064462673,17.44267439,83.062404,74.61301106,8.166530,1
626,2.573044717,10.66531942,73.699378,76.3906549,10.127646,1
1157,2.144273492,6.392589428,107.420493,71.26561227,9.069069,1
884,4.614299184,6.522765292,93.341682,87.80600823,10.006746,1
387,5.080666091,5.013999026,62.670888,73.109661,11.356571,1
495,4.595954516,6.535820577,68.687848,88.45590071,8.888130,1
1049,3.58104453,11.43192734,97.356272,73.47007622,9.537265,1
1509,2.019219865,5.066364734,121.899173,90.13896995,12.165297,1
1418,2.248322209,5.449991547,167.488273,83.2824758,2.085646,0
709,3.503475369,2.18503475,83.893837,75.8020608,14.123935,1
747,2.537887467,7.938683168,114.063747,75.95954523,2.002066,0
1337,3.468009258,15.2908922,121.505778,87.9718524,15.907322,1
689,2.550116584,7.152118563,77.678109,73.82514702,12.701192,1
882,2.392158228,5.495175807,125.590056,72.26867625,2.046680,0
940,4.541019589,7.157921595,92.163552,72.079196,13.395446,1
719,3.861570005,4.944861085,107.674977,74.87536953,1.687826,0
456,2.578766285,6.61366194,63.293991,83.2574022,12.462765,1
1674,4.133644686,10.10045036,179.522797,84.44906944,2.415058,0
648,2.899265417,6.323233858,99.341574,88.09741958,2.039579,0
494,3.634918397,5.562475722,66.017279,78.3259344,8.636405,1
764,5.094962876,5.64284164,80.627297,73.0597618,12.295974,1
414,3.527763979,4.235205377,61.618820,67.77747404,9.810551,1
742,3.392487412,7.495271728,108.729688,72.6605722,1.639296,0
893,4.804592859,5.832908814,91.970051,80.2511708,9.567499,1
650,2.762588383,6.888996814,75.639545,70.46004881,8.154158,1
1147,3.041438915,7.217041958,147.303644,77.31373567,2.314267,0
807,4.063760631,2.589764153,110.566325,72.91458889,2.153660,0
1700,2.366181747,6.918118543,140.309220,78.46628408,10.935066,1
675,2.697809872,5.087342676,104.939568,83.01886188,2.054113,0
961,2.079145319,5.770543698,98.247534,76.78561499,10.031875,1
548,3.978982474,9.832426277,70.690969,90.24119563,11.642666,1
820,3.154229525,5.140304329,83.068920,76.1820537,11.170032,1
1148,3.851853587,5.872396799,105.791201,79.60434813,8.701600,1
471,3.201427256,5.761137654,87.609358,67.72756811,1.828711,0
1089,2.733999923,1.470962331,103.874557,88.80575166,12.441442,1
629,4.454392202,4.662211858,77.756433,70.41158882,9.287504,1
786,4.818002919,5.046275373,80.595029,79.518297,13.793502,1
711,2.780820634,3.424544801,106.282421,89.7760747,1.645645,0
1016,3.390861465,4.929353568,100.712615,85.19262474,13.406439,1
840,2.379173434,15.38222144,120.475434,82.77579409,2.036233,0
1258,3.94704728,5.877777082,148.933261,74.74199558,2.402888,0
671,4.838685079,7.680078345,76.572388,85.05272667,11.597135,1
750,4.388177726,4.997373977,82.883812,79.65854457,10.304051,1
405,2.469188023,8.678388961,59.837739,86.15875753,15.688467,1
1296,4.113971396,6.912401348,147.117683,75.21912644,2.389619,0
668,3.26665754,5.743303625,73.721404,77.16191449,12.023215,1
963,1.860025498,4.713369672,125.840055,83.34901283,2.070615,0
566,4.467208006,5.380048148,72.288521,75.06718421,13.869641,1
766,2.662948827,12.27024893,83.996018,65.90760433,11.856126,1
491,3.600207591,8.775121134,68.447537,73.93907992,11.616656,1
1689,2.287336573,4.073502246,179.054856,77.58098968,2.519061,0
891,4.545147956,5.643224045,120.195812,83.8012171,1.892653,0
646,3.220935581,6.022069907,106.611024,86.80677091,1.577201,0
657,4.457946953,12.88790312,107.434915,81.60515917,1.862045,0
668,3.543187975,5.208102642,78.867511,73.4192198,10.410667,1
1134,2.819517425,15.56299134,105.276268,68.53638592,14.937129,1
693,3.104471884,4.311510856,109.059650,78.35213874,2.145614,0
612,3.5719715,11.02110931,100.791433,77.01410738,2.062565,0
833,2.401994918,5.857335843,120.904486,90.01852781,1.673546,0
474,2.026530766,19.2269376,65.404791,80.00809614,8.909849,1
806,4.286568332,7.499339439,83.011969,79.48013949,13.474270,1
1041,3.468396242,6.481723465,95.398741,74.96136838,13.987213,1
623,3.586064195,4.424377778,73.148521,85.17621724,10.522684,1
933,5.153127784,8.12015044,91.206715,63.1241191,10.727260,1
845,3.290793079,6.949411872,91.456886,71.12243741,11.984821,1
986,3.883752817,8.082195684,92.789619,80.94493976,8.454268,1
809,2.727917608,6.786472619,86.329493,82.55530331,13.277268,1
850,2.375657382,7.551966112,121.707676,86.94309762,2.047712,0
773,4.241711279,6.816608561,117.366530,90.93829181,1.678082,0
772,4.759202042,7.350958347,83.227105,72.46516287,9.320506,1
741,4.380142738,7.927032017,83.395934,73.18592598,15.830264,1
511,1.8656168,6.886134323,91.424173,81.61409066,1.463674,0
750,2.261904459,7.755096179,81.411369,86.92796885,8.015470,1
915,4.762270208,6.993929785,118.250016,66.75445195,1.813948,0
895,4.800725605,6.351455817,118.175621,71.31295568,1.659578,0
820,2.223658806,9.981141631,86.121172,85.27480198,13.321996,1
508,3.169844063,3.841874312,70.022588,86.71645613,14.598829,1
414,2.208596973,5.253378296,64.559327,80.86315571,8.430308,1
588,3.608548328,7.239063185,75.854075,84.51274797,14.371008,1
848,2.15825649,5.891241394,120.618932,67.31166633,1.743257,0
568,2.338067804,4.348166463,68.867355,77.94300809,14.359847,1
1223,3.921102325,7.013702421,111.666597,76.94057408,9.081888,1
432,2.811829591,5.35899159,66.492180,73.61404727,14.355398,1
545,2.549732538,7.363896237,67.504118,75.85145949,12.027053,1
555,2.319919888,7.548795947,69.023795,89.17576159,8.996336,1
1137,3.659531742,6.354141365,102.243971,85.35891106,12.420739,1
492,3.796218126,4.522091438,86.855641,77.01333644,1.923562,0
1047,4.525758586,9.852326189,101.014299,85.0948564,8.948191,1
624,2.894309931,6.862862023,77.613619,66.49213388,15.084617,1
1229,4.419706932,8.303126155,143.230266,74.16621798,1.818776,0
771,2.645714117,5.824303613,86.769229,72.70517915,15.591903,1
949,3.316555996,7.845413319,97.035895,70.21793852,11.406835,1
929,3.236417514,4.826405555,92.366124,91.2653399,9.231432,1
591,3.894359698,5.648546185,71.489090,76.89289864,14.190071,1
786,4.641926661,16.61676993,84.496369,68.03150476,9.564458,1
891,4.528021331,3.572741557,88.217684,72.02084281,13.211483,1
1145,4.01503389,5.256223304,146.803107,67.86147876,2.004339,0
619,3.742260369,4.672480792,72.823856,82.77204374,12.167212,1
418,5.205348053,7.971351235,61.767453,79.73884961,9.760753,1
577,3.576425818,10.50642387,69.760374,76.91483166,15.744110,1
930,3.17899577,3.897454841,96.149226,80.95634203,14.293493,1
532,2.568112686,8.021161877,70.676919,73.07615472,14.386538,1
608,2.846947173,3.955582668,77.652713,87.10975875,8.242731,1
932,2.384141042,4.654800687,122.354360,83.19994648,1.920211,0
959,4.342302364,2.965100294,99.498855,69.64786668,11.175875,1
955,2.812765556,7.28342222,123.726117,72.49009059,2.149717,0
886,2.430057157,5.587861985,126.292352,86.33433556,1.949707,0
686,2.281504946,4.581041428,110.069629,69.07221252,1.546045,0
773,3.195954786,7.745653511,87.815786,86.37386013,12.323449,1
743,2.960105263,3.733496965,107.842203,77.19730352,1.649100,0
771,3.750108731,6.795024625,83.813860,88.00813048,12.710731,1
1280,2.405626965,6.302861172,119.648837,84.64664908,14.771151,1
1011,2.626094401,4.957236006,131.298180,77.11683103,1.861590,0
734,4.316293859,4.327775106,81.605798,73.47226785,12.284384,1
583,2.619133833,8.740500122,69.093912,87.63385512,11.488750,1
822,2.299493057,5.512636685,116.200418,81.12045088,1.853641,0
402,3.511772986,7.711264309,61.555845,68.32583436,11.280491,1
1143,1.827575079,5.003871556,103.194141,81.98565482,11.747049,1
1087,2.42438987,5.120113445,99.642327,85.46068674,14.013242,1
605,2.695039583,10.17444381,70.343090,70.19445955,13.678114,1
837,2.271243537,4.402887937,113.850321,80.84584387,2.193233,0
1091,4.931282179,5.937140908,137.494044,83.44429412,1.757067,0
669,2.939017511,6.655452016,76.921555,70.76075018,11.383690,1
1228,4.8134093,7.450948883,116.337978,81.33774693,12.355356,1
454,2.454207227,6.613136344,64.622231,72.91037564,13.868587,1
1230,2.71322214,3.302988518,148.165092,84.89215847,1.885183,0
723,3.291991394,7.072070087,82.180937,72.75945488,8.387952,1
633,4.559974085,7.978624497,72.570165,75.88888024,12.703287,1
1054,2.380290475,4.247458211,127.640319,76.83200846,2.023078,0
889,2.872788826,7.685777484,125.388685,83.74189406,1.931882,0
706,3.26884623,11.14085626,77.321859,73.07764835,7.971752,1
370,3.793940355,7.738027771,59.052990,76.63939423,13.485660,1
810,2.281542371,7.933789816,115.001064,76.99615168,1.987065,0
1108,2.956960671,3.757553422,101.701319,88.29454978,11.104192,1
853,5.05302273,12.69105696,115.431769,67.24060043,2.142590,0
932,2.623902244,4.50065193,118.600302,80.50848637,1.687101,0
817,3.201312876,7.377102603,88.493530,69.32056161,8.391697,1
868,3.717163254,3.867810446,118.109615,80.74052937,1.669600,0
906,3.083838751,1.603487687,91.793007,83.0677093,9.997023,1
806,4.640850365,6.425595135,82.004520,76.8348187,8.465262,1
439,4.514257813,5.597125048,62.024341,72.78689797,8.467648,1
996,3.491688832,7.755042295,129.209525,71.50621882,2.294225,0
1826,2.47510445,5.384836134,205.148148,82.85787341,2.327000,0
456,2.615841808,6.633564972,65.788967,86.81762976,9.694982,1
509,4.033846094,7.039187567,88.824717,76.64863572,1.823542,0
451,2.24469341,13.07715881,67.682052,71.70447289,8.219335,1
1032,2.187449269,0.802338474,102.426366,84.18781183,8.337113,1
643,1.780387694,6.838793573,103.740117,80.13585572,1.770059,0
663,2.612793717,11.98332698,73.501174,83.73137888,10.717007,1
488,2.307125836,7.936842984,85.639292,88.25338233,1.623913,0
969,3.260013213,0.317907599,127.256485,80.70900376,2.167750,0
803,2.911623641,6.690310968,110.128803,64.9674053,1.863116,0
512,1.86099412,6.326146668,69.890934,74.15728087,12.329468,1
778,2.101159576,4.647124038,82.821854,76.77325998,13.502843,1
800,2.229820868,7.920076512,115.586228,75.7726679,2.102107,0
458,3.040985586,3.493298261,85.519397,72.13703635,1.498473,0
822,2.482027491,8.625618308,89.710218,68.61140977,8.628124,1
1305,2.67476802,8.222963739,159.744196,76.35894272,2.207041,0
612,2.495154039,7.097784004,76.937268,71.84602955,15.225343,1
569,4.969020457,7.997720985,94.966020,70.4267002,1.816243,0
699,4.214478763,6.380039389,82.382765,76.68364657,8.128650,1
1012,4.119215473,4.775609979,135.568502,80.84307192,2.017125,0
443,4.013090627,6.347962027,61.287416,75.81877971,12.871368,1
533,2.173872175,7.450067954,68.922468,82.97691788,15.023292,1
683,2.369701622,4.663605577,78.759949,78.43323699,14.825213,1
639,5.226335922,4.721771294,73.594800,80.65363376,10.715262,1
759,2.424956918,7.329217624,80.467397,80.6135286,13.765199,1
687,5.658418966,8.712697679,76.535740,75.6485461,11.197990,1
526,3.004260873,13.13773173,90.509639,76.18677811,1.874566,0
522,3.933438657,4.057591847,69.884168,92.72045582,11.012152,1
670,2.722271921,5.124213869,76.188266,71.79116075,13.589465,1
1574,1.877783285,1.793274406,182.281521,75.88558297,2.451839,0
680,2.328921625,7.081087216,76.603150,80.88909845,9.261463,1
653,3.080096864,7.673132578,77.306518,80.55254584,11.916193,1
1295,3.172969327,7.840572621,158.372578,81.78785215,2.127712,0
632,2.210107383,5.564554441,74.729448,81.68886539,15.540361,1
1027,2.819701432,8.986408676,134.133587,82.06156183,2.123545,0
619,4.542526796,6.522126142,73.131279,72.12301406,9.461053,1
782,4.739966699,4.826246874,83.066884,90.32568625,8.996682,1
1425,2.750815791,2.677409041,164.575770,75.70386153,2.320955,0
1281,3.024767696,6.217855286,156.770399,87.53671015,1.982189,0
759,3.987860984,8.062018415,86.966210,79.86020255,9.549598,1
817,1.802659212,11.83786602,82.818724,75.9698716,13.655440,1
804,2.124340921,5.712782395,83.465993,92.28642397,15.714076,1
1539,1.742114616,8.690316347,164.779007,79.15099145,2.031930,0
717,2.600141891,2.569573628,84.061372,73.92178589,13.234220,1
993,3.804604958,5.179408078,97.484814,76.56773975,13.316727,1
708,4.256101514,5.068812985,102.744255,81.34916224,2.112848,0
1138,3.91188285,2.918049769,137.409767,83.43092242,2.313404,0
1074,4.375511194,10.53163062,99.374960,82.62165125,13.785755,1
1536,4.775813457,10.21184214,175.608906,83.64993976,2.244184,0
604,4.617416478,13.27443848,71.499803,74.23567016,9.343383,1
783,3.094467258,8.310253879,81.836819,79.43222971,14.468099,1
924,3.881432922,14.27803846,120.626801,76.52222999,1.920890,0
637,4.035158293,6.69347473,98.816852,76.21439318,1.902884,0
679,2.74077584,12.02719291,80.371471,79.94989486,10.685088,1
934,2.108684306,8.610421008,91.260619,83.74891502,15.819647,1
444,2.278584853,5.857382807,61.054329,86.60652103,7.766534,1
457,2.055738082,2.863078622,62.873812,72.23399224,12.211088,1
592,2.732990938,0.050258467,95.934367,87.26852472,1.972463,0
1495,3.654455152,13.15251827,124.248231,81.38105411,13.724176,1
765,3.633105952,5.566320141,83.632011,80.20422051,12.055410,1
591,3.913484851,4.83835027,73.969364,81.66361869,15.493986,1
1011,3.083933899,5.811712079,101.894194,77.6189077,8.999474,1
631,4.904868284,6.925805982,72.620071,75.6908666,12.523726,1
438,2.874117909,6.37782256,66.723133,67.52711961,10.809524,1
637,4.03379473,7.364556795,76.853967,76.26831093,10.601783,1
844,2.492872856,8.643602269,91.788279,78.15677114,14.144921,1
593,2.383950669,12.80993126,75.004086,70.90932052,11.161868,1
918,4.683521719,7.984722741,88.909456,78.9664137,14.597011,1
628,2.658459609,5.623762607,74.062841,81.60078783,13.786595,1
947,1.962536895,5.60677251,124.791228,77.41306147,2.091413,0
516,2.707436598,5.216034178,67.683216,78.18885701,10.031547,1
814,2.312687651,9.317909178,86.278970,75.47448415,15.657984,1
392,1.909791509,6.344295024,59.480008,76.05524202,13.473037,1
1235,2.032809743,4.052795403,108.128070,82.34384166,14.877577,1
946,4.940324069,5.102030283,119.720587,86.02821233,1.774841,0
681,3.462650394,1.606978508,105.250324,79.7913224,2.114468,0
724,4.411591868,12.8125709,84.622673,89.00426776,11.963045,1
413,2.836612693,6.023329673,62.116376,80.1115342,10.074608,1
610,2.123542723,6.455197457,73.528992,70.82785924,8.931587,1
856,3.619334274,13.14721094,92.125077,89.10912721,10.604515,1
375,4.268756572,5.725888987,59.105172,72.56681118,14.233947,1
609,2.253007574,9.819721935,73.348462,77.86681071,10.702612,1
702,0.491967163,4.645789115,76.452297,82.37991185,11.199871,1
801,2.055937889,6.429183235,110.255971,76.42009325,1.937973,0
1378,3.720574103,3.87512944,165.772645,83.87465979,2.285130,0
715,3.868666745,5.091304368,78.709364,73.49928957,12.998652,1
453,4.412682868,5.863166793,90.063984,77.32587577,1.460234,0
542,3.936275082,5.73113904,90.336730,69.50262083,1.476568,0
762,2.210466686,6.995590199,115.400873,82.02414922,1.934956,0
1603,3.020079908,6.811742237,178.704067,74.79930766,2.039136,0
1086,3.542768643,8.753036689,138.289157,72.20897924,2.250365,0
1285,4.73764247,7.209567691,109.484179,80.58499109,12.410386,1
662,2.562928937,7.129304145,100.374748,79.91287502,2.044638,0
725,3.531366668,2.637337681,109.777465,84.72910125,1.858168,0
491,3.229133493,8.219583755,68.716232,80.11590203,13.611079,1
809,1.864633745,6.829829014,82.388495,82.55630515,9.433920,1
1377,1.821873872,4.341991907,115.201620,93.14491316,12.590410,1
1368,4.524248334,12.73225083,116.356530,80.46452664,13.501646,1
353,3.893201325,3.973884753,56.092308,67.82090606,11.435528,1
783,3.773079876,0.41355115,80.591802,86.382065,14.533473,1
719,2.423579146,4.931698926,84.152467,77.0971177,9.482001,1
1378,3.97740959,5.016939715,121.045507,80.62480294,10.709932,1
2022,0.684500608,4.389600838,216.308225,89.40415144,2.729803,0
651,2.23604479,7.660506502,78.075264,87.50614232,11.432132,1
670,4.869918752,5.029336977,77.410753,81.33542274,13.758407,1
571,3.846579553,6.969059875,71.090316,85.72985857,14.433828,1
644,3.131404814,13.04626635,78.715511,72.33692208,12.454528,1
1352,2.983786822,11.68569048,163.789734,73.14377381,2.106232,0
769,3.95256591,5.30822188,87.370777,78.71659187,15.857503,1
1290,5.233506376,6.880003675,148.883289,74.63785208,2.343643,0
864,2.551393319,8.766630363,89.932285,77.28479866,8.201046,1
708,4.656579947,6.523538736,104.074231,74.75490943,1.945816,0
739,2.828527745,4.492574351,110.544559,85.78501185,2.063751,0
983,2.282467587,5.732357486,128.958802,70.7910947,2.281030,0
577,3.611009911,6.18393539,70.913381,81.37331705,13.650977,1
444,4.607143433,18.75155795,67.098589,75.77815427,9.298716,1
509,0.004213703,5.545596423,69.794587,71.17710926,8.429042,1
696,1.670826855,9.982496665,109.578825,80.04085497,2.049065,0
713,4.412860901,6.358629249,82.826435,73.03526782,13.233791,1
769,3.866738232,9.487997199,109.730783,92.81965608,1.653572,0
575,2.765933091,5.249213731,71.970165,80.04791177,14.867768,1
1156,3.898324115,4.304632774,142.048964,82.77512611,1.802112,0
611,5.54166881,7.253459398,70.636379,67.85175051,12.296532,1
1206,2.381864962,9.213320304,139.509845,75.75014223,2.022690,0
666,2.702000461,4.247886928,77.437711,77.84098062,13.028985,1
669,3.817820542,3.919394988,108.585711,86.30220172,1.552960,0
791,4.257109657,4.627946818,115.042244,75.23847239,2.056729,0
600,3.173202792,7.075420361,71.188069,73.38755616,10.540666,1
771,3.14487397,5.514023765,108.960311,84.53590095,1.698331,0
521,3.585253505,7.062482472,88.390926,81.6960356,1.773314,0
998,2.719776961,5.493429176,132.425181,85.46570348,2.031870,0
747,5.33963361,5.495423599,85.314501,76.72442883,13.943657,1
1078,2.378642298,3.723407536,139.208778,84.64325334,1.879980,0
740,5.657931114,5.410248135,110.808745,75.51102594,1.796031,0
502,1.523206634,5.453378799,69.392238,82.42712116,12.761083,1
493,5.042098777,4.213999826,67.747563,69.01369942,12.116753,1
622,3.975049153,3.752753136,104.532440,77.73452234,1.955024,0
733,4.943801407,7.586769108,82.753571,82.28280503,8.570698,1
1076,4.460675719,8.997942321,102.522352,75.20880849,11.635594,1
902,2.102726794,4.771160568,125.280307,75.60663997,1.736241,0
1403,2.372506913,6.389449858,168.980271,80.50904733,2.244844,0
652,3.704350798,4.81747522,78.548181,89.52677063,13.799371,1
809,4.664444875,7.566739243,110.436445,75.2562052,1.820860,0
552,2.618633129,8.345460983,68.828460,74.26449523,14.223021,1
772,2.492270341,5.52108502,81.323341,84.60325969,9.874656,1
466,1.959643403,7.630782721,67.813766,89.78999656,11.264359,1
922,4.170374824,9.22398651,120.468132,75.26119445,2.061078,0
632,2.850903598,7.922288315,77.054837,74.6745911,15.040651,1
1215,1.9695186,16.75835062,113.092754,83.37762216,14.043560,1
842,2.494454611,5.541927419,111.831080,69.56000501,2.044171,0
704,3.680790974,6.163113819,82.263712,81.51975691,13.667429,1
420,4.075145514,9.183395615,64.364704,77.09078716,15.100699,1
816,3.82000756,7.2747676,83.006024,82.41102731,12.879723,1
589,4.220424194,10.72087551,76.316754,65.34518525,9.148080,1
772,2.44756771,6.904839287,81.603720,82.83605697,14.730356,1
1571,2.475355807,4.891253573,134.828081,88.16808878,15.433168,1
773,3.502458549,5.412459741,107.775882,75.75162744,2.147941,0
661,3.328853256,5.896481714,77.631348,83.45673161,15.108616,1
1098,2.956380091,5.640452519,99.628502,72.64257399,14.797590,1
928,3.714234862,5.143403171,97.791491,70.34740137,13.795730,1
670,3.301602057,7.155850727,74.933246,86.9469759,12.487210,1
851,5.94537987,7.395427624,112.741036,79.45474198,2.071069,0
646,3.879700973,6.215511853,100.924560,84.05549638,1.569717,0
991,5.298821695,8.096538953,126.000783,68.64894582,1.752070,0
874,3.027625555,5.885963413,116.868426,72.57176227,1.746791,0
1019,4.512713286,5.855153689,99.843632,75.73583995,11.272809,1
1381,2.198275354,7.443778767,118.531378,80.39836646,8.361395,1
580,3.747235562,7.360852794,99.674138,81.03682097,1.706033,0
893,2.225755338,6.132337759,91.463566,73.08507892,10.309677,1
662,3.219505868,6.420727801,75.847458,90.04814122,11.609816,1
786,3.858110181,3.604387624,110.830716,73.0935447,1.638170,0
454,2.899572165,3.889567418,86.941576,72.94910794,1.628150,0
551,4.5737495,6.821137981,68.002795,82.01753869,8.380347,1
636,1.857765759,6.382922535,102.765983,82.46462495,1.860649,0
869,3.901517684,7.948431931,93.549526,77.98108279,15.848696,1
566,3.516634033,8.587186364,69.613665,72.64791392,10.972871,1
741,2.302088695,6.591389552,79.224895,83.81437503,10.830240,1
737,2.938283158,5.676180236,82.377051,79.18684029,13.217144,1
554,3.160782721,7.494520527,90.579943,65.24453625,1.926304,0
450,2.528621128,7.693556975,65.379416,76.84942369,12.446097,1
589,0.080562204,5.941944581,75.374185,83.59098816,13.748111,1
499,4.56508238,17.62938744,65.844107,78.14891709,15.359402,1
1226,3.295938572,4.337381832,143.733329,78.3329858,2.148621,0
689,3.534694005,5.39800437,75.690743,79.9879251,8.884875,1
604,2.213109646,8.006298659,97.842619,76.5641249,2.017457,0
481,3.631823481,6.528408543,88.867572,78.34135655,1.631787,0
769,3.545660048,6.984350195,83.732642,72.42705394,13.556018,1
576,3.380316984,6.683478338,71.444368,76.58722485,13.218890,1
917,2.432348959,4.868579917,90.129875,83.83263498,14.141004,1
532,3.317003487,5.334736391,70.069619,90.93450891,8.656319,1
1494,2.443219945,3.54813907,123.364948,83.95391428,10.643955,1
727,1.834045099,5.544595457,106.215967,79.22740144,2.080586,0
813,3.795220167,7.187953142,112.851841,78.32193359,1.813387,0
767,2.765000142,5.291494326,109.795528,79.44695917,1.686676,0
811,4.156606314,5.633207709,112.684487,66.3547871,1.876183,0
880,2.961708849,7.530540057,114.770919,81.99103038,1.959508,0
642,3.799056424,7.266766633,100.967547,73.35490106,2.019959,0
577,4.075805489,4.969334905,69.468336,76.50787132,10.986922,1
608,2.387909026,6.017526721,76.819345,75.28993311,8.244269,1
488,2.51625607,9.828955771,63.557431,77.71608732,11.849244,1
890,4.087352459,5.649278787,117.798788,79.92865901,2.102839,0
694,3.021661793,5.890141799,78.375316,79.44889852,9.112791,1
785,1.83317133,4.67328355,80.725514,69.08274986,13.514075,1
807,4.753139613,6.456207474,88.755531,83.03957045,15.610513,1
637,2.769608389,5.336278769,105.584478,80.51980616,1.730804,0
921,3.873915094,4.783364122,119.001165,78.63533834,2.213228,0
622,2.877855556,7.553138011,73.145588,72.26404947,10.601954,1
656,2.971946803,5.521943845,77.469781,86.4637322,12.073956,1
511,2.821510497,6.233392953,67.599913,73.89485282,10.685815,1
1631,3.112975018,7.142689236,141.385443,82.20606676,12.112584,1
766,2.391939141,6.218300206,107.866201,87.60420917,1.660223,0
851,3.078456715,12.74429434,84.205338,81.43890933,10.929065,1
735,2.991201622,8.719369322,108.273151,74.43929558,2.024079,0
546,2.585535811,6.658867718,71.873368,92.94083887,9.588947,1
811,2.024696004,5.445152171,84.898575,68.98989894,10.443659,1
630,4.345458164,4.895514348,77.745250,73.69672444,10.405111,1
795,2.473084727,7.742195129,84.044542,83.8563945,12.717851,1
603,2.321022952,5.105533514,101.248665,86.36002019,1.746934,0
904,3.242548338,1.418040587,96.154594,77.39304782,11.260142,1
594,2.64949406,4.652615732,101.301411,81.4870314,1.813239,0
436,5.290676007,4.838787449,62.319802,69.2788959,15.201468,1
928,3.047900404,5.811241187,95.755346,80.22818335,8.332491,1
873,2.404086655,3.996169523,121.829460,81.08026618,1.986854,0
775,4.757681631,3.475479683,106.580850,85.8419191,2.107166,0
710,4.746208266,5.257445091,108.610882,72.44639821,2.151640,0
722,3.900836784,7.44169691,82.551502,86.26523742,10.718575,1
685,2.629652062,3.726719678,102.728044,79.8032045,2.101053,0
908,3.655443573,3.366172744,119.392170,89.39439402,1.801197,0
441,3.48202584,6.854916289,62.677577,68.6592273,12.540378,1
471,1.934269127,2.8491359,88.537085,75.07835811,1.563348,0
395,3.044970183,4.703295833,59.482697,75.78069575,12.148149,1
657,3.930378865,6.300935462,77.587857,77.53383494,12.931801,1
629,2.997485316,6.373301604,76.727615,74.5934749,8.357333,1
695,3.143582285,6.838270946,77.699270,82.61761671,9.318257,1
646,2.805922494,3.730536347,76.319607,87.24555354,8.437558,1
1309,2.231800485,6.845073598,115.151974,72.85079197,8.190164,1
521,2.732467552,15.31665724,67.719008,73.85281063,7.975418,1
699,3.311142354,13.77979023,82.519257,72.06520905,14.789350,1
460,5.267455298,9.805081674,67.497126,75.55016756,14.691201,1
862,2.999197415,11.22550227,89.451830,75.80184505,12.277960,1
1059,1.892911617,9.3879153,140.293412,76.34183497,1.777285,0
681,2.001904066,3.504746221,104.871977,76.49949559,1.556194,0
1007,3.553237411,3.144234929,102.531098,76.34271337,15.045303,1
757,4.502312478,6.113021394,78.842222,84.03133625,10.956663,1
517,2.840868828,6.451358605,69.743888,80.30243443,14.820207,1
908,0.946469186,4.707693909,128.559454,81.28123118,1.667942,0
554,3.324766623,10.31432463,89.757798,70.65714085,1.769135,0
756,2.082312438,6.06990666,115.457067,80.41726003,1.945503,0
428,2.322199422,6.124861525,66.002993,81.1544641,8.612239,1
670,2.161054306,10.06710882,76.202173,75.3011533,12.621832,1
1014,3.478936922,8.535092946,93.821938,66.83711453,13.369579,1
590,2.949196491,13.41302171,70.647030,88.41892632,8.657068,1
992,1.973915905,4.746770264,133.305797,84.88231632,1.909817,0
607,4.598561381,1.974687118,70.341399,65.29832494,13.584381,1
565,4.29341943,8.967714632,69.529769,82.42303303,10.063572,1
1180,2.659929089,6.628908385,105.155319,84.46596902,13.563001,1
590,4.754916566,8.785827971,72.157201,68.88679908,9.773527,1
545,3.295255002,12.91376889,69.197804,79.28524248,15.500320,1
1073,2.157046822,3.499127343,98.237976,78.0387269,9.344420,1
512,4.859571314,4.190965714,69.957987,78.28031957,12.716415,1
636,4.620254378,5.455074234,75.980185,79.97827737,15.296912,1
562,3.76044811,8.619020303,73.395697,84.06245114,9.544627,1
811,2.936618433,8.762076511,116.298232,73.75032124,1.721245,0
648,1.996696605,5.445371133,100.309734,85.53209826,2.061179,0
387,2.41422254,5.28609528,62.461440,82.30946933,12.958060,1
833,2.99450174,8.844702909,84.038412,74.15705026,14.910278,1
724,2.583147558,2.259755176,106.593599,76.44052351,1.934563,0
909,2.430532034,6.692031848,124.176818,82.14623565,2.160014,0
544,2.369400726,4.25340568,94.215861,93.14225246,1.638200,0
982,4.508889373,5.178523418,132.064011,89.96873747,1.835103,0
1027,5.1185686,4.983191919,133.798606,75.7021213,2.032986,0
992,4.914829142,7.182215688,123.771094,78.48664673,2.243756,0
932,2.146195992,5.141238709,91.997894,69.2845652,15.436862,1
964,3.613583589,5.462128683,130.704208,77.91801024,1.989148,0
537,3.409255003,11.83153346,68.123414,78.29224675,10.436708,1
984,2.789044226,4.608958199,101.289766,67.31463115,15.697876,1
620,2.251318698,17.78581601,75.285554,65.85417137,8.460058,1
826,2.288593977,12.28329334,90.125523,81.27703055,11.593950,1
687,3.715972916,7.209338198,81.650002,80.62334367,13.964338,1
414,3.79871973,6.391071938,65.371829,87.43095912,8.950250,1
706,4.283873346,9.976625693,83.561615,72.26309785,7.937552,1
883,2.22196529,5.866097336,89.742570,83.53124009,11.051783,1
942,3.049531454,7.931362771,122.506407,76.22384846,2.022103,0
489,4.471127169,7.377231998,66.539158,70.10733291,12.172975,1
743,4.521708406,7.787334931,111.447826,84.62915417,1.937629,0
782,2.420554407,6.863727458,115.651503,79.04791692,2.184608,0
541,4.573815467,7.809934036,71.435232,73.53183132,11.273327,1
1388,4.324039096,5.442202545,154.648487,85.60745709,2.106534,0
651,2.623162762,4.817873871,75.047979,77.14965417,15.198435,1
907,3.802837144,4.843232629,88.214929,82.28346909,8.504123,1
1202,3.602049234,4.493390583,142.548232,76.7615348,2.268901,0
617,3.397996337,4.794080429,76.601590,78.56362957,11.555447,1
763,2.268336951,3.468204639,106.288187,72.05611316,2.152113,0
681,2.670319063,4.893500828,79.896869,86.45596891,12.195367,1
1418,2.408874553,3.960127597,161.363291,72.9113828,2.488757,0
855,4.178112957,8.710721549,92.985074,86.38360296,13.470323,1
636,1.87416531,3.506987018,102.626110,76.65505267,1.682067,0
800,3.26114114,3.220847434,88.046438,78.86483818,13.950343,1
1401,2.719598959,8.124079266,123.452016,82.93025395,11.870988,1
780,4.235353349,6.155273635,84.497810,75.86822722,15.372289,1
583,2.63507325,15.98042471,74.153420,77.73720633,8.108907,1
1071,1.858201149,6.388231949,106.433944,86.32347503,10.340896,1
542,2.164001926,5.828974941,66.937137,82.52250233,10.676679,1
544,2.829965082,16.1673228,73.262751,73.15859398,11.031115,1
913,2.63141749,16.44408736,90.381300,83.23654158,12.228189,1
922,3.657809539,8.462006886,89.073646,86.69018853,14.776557,1
643,4.286139245,5.007287577,97.950113,89.85928154,1.743953,0
498,4.882976856,6.657981054,90.052678,76.30162307,1.823936,0
519,2.449564702,8.299821477,70.391517,74.0191278,10.125423,1
602,3.967679157,5.991916039,76.600638,83.37496313,13.750339,1
802,3.824781178,6.526883951,87.324853,74.60268862,9.041729,1
1172,3.072843147,5.12883176,142.599375,83.82395711,2.230820,0
692,2.783927027,6.282871978,80.877128,80.88636662,10.927155,1
508,1.996099039,3.709954623,71.320168,84.07170245,12.230258,1
817,2.294755111,4.358876997,112.908444,83.60335664,1.863512,0
1294,3.92721526,4.820955487,160.401649,72.84355891,1.940647,0
533,2.188741623,2.593173712,66.106748,80.61961156,10.211026,1
957,2.777575984,7.335924216,132.602668,68.30346916,1.771910,0
377,3.149162556,6.461966587,61.292448,78.53771503,8.582507,1
841,1.86354161,6.050565146,86.613961,84.95542796,12.713780,1
613,2.280720769,5.749160146,103.590604,75.77150054,1.798248,0
597,3.921454815,8.481874173,100.411924,85.73461552,1.547989,0
964,4.132079564,5.570428526,130.409519,69.05492298,2.108528,0
1093,2.006510045,8.468616484,134.397721,75.51732085,2.261939,0
671,4.088141686,11.85927925,106.502197,81.50044406,1.710149,0
703,2.304973321,5.920579709,105.624285,69.26046958,2.118680,0
1028,2.470827308,6.598061441,97.246739,86.74431444,8.974762,1
817,3.009274198,8.744502257,88.542098,86.87634317,13.932185,1
564,2.113053052,5.60921316,70.856772,86.62548937,12.645028,1
527,2.598679886,6.134264007,96.288335,76.76746725,1.614143,0
825,4.224259261,7.822592452,115.890699,74.05583231,1.623982,0
937,2.871734657,7.049812502,120.308069,86.01487962,2.007024,0
944,2.369686827,6.955543496,98.214267,70.82101839,8.824998,1
600,3.266456057,14.46716553,70.839615,83.28282985,8.339552,1
738,3.622377631,9.099431574,80.910465,83.15965574,10.712115,1
1352,2.252971799,4.500841465,160.890638,71.64767729,2.123058,0
1043,3.970668663,8.248152989,127.019343,71.4129785,1.831840,0
665,3.703948866,6.777779112,77.259807,78.72310968,8.119930,1
414,4.476736555,4.624691466,59.463052,79.80917749,8.771496,1
427,4.791220304,12.8932429,65.515930,74.29248203,12.296141,1
1633,2.417280683,6.701425069,181.003262,81.64911863,2.267762,0
975,4.705015733,5.242661437,94.371778,71.24984553,14.440933,1
973,4.998568447,7.916994527,122.767706,72.46949732,2.027802,0
1054,1.766805444,4.700848139,140.914445,73.96499123,2.263431,0
450,3.402871083,8.446045264,65.949584,73.6736416,15.534166,1
1046,2.425682482,5.413365502,100.045402,85.51957746,9.922283,1
729,4.667441609,10.96295671,82.939968,71.10579368,12.000848,1
1053,3.229326908,6.718307893,97.813654,73.92775592,12.214998,1
549,4.262793206,5.884714956,71.202748,81.32063764,10.411330,1
464,1.920021163,6.444057588,66.343800,73.1761046,12.616058,1
686,2.565916405,7.142189542,102.034275,72.18819071,1.861157,0
770,2.461217644,4.147199199,85.776206,75.14678125,8.566463,1
458,2.324513288,3.597650571,84.105045,81.45534279,1.737218,0
597,3.933034094,4.991383384,74.973640,76.33283671,9.700309,1
737,4.410626992,4.447221583,81.502887,83.73189368,9.242455,1
740,2.893717881,5.789680831,113.460743,71.85381305,2.001591,0
976,2.175593321,7.679445196,130.957644,79.13661788,1.780925,0
783,4.995095148,5.183420087,109.010114,69.46021785,1.827350,0
650,3.345768834,12.62261864,73.124538,82.41870672,12.710696,1
759,3.975196452,1.719735756,81.875582,74.01316169,14.986277,1
686,5.046013569,2.976082383,76.804603,81.15778494,11.018162,1
479,2.745724728,4.292875787,68.943349,77.39860643,9.136496,1
957,3.129075992,10.8682947,128.627985,78.15146867,1.799713,0
797,4.19955391,5.853682718,81.078220,63.28866434,9.304153,1
916,4.536794779,7.718518243,126.730902,74.34795793,1.841761,0
543,5.21463357,5.15296784,72.204685,66.87754919,15.074446,1
757,2.707495623,5.712043694,108.269133,77.36918127,1.951819,0
570,1.685498662,5.110483021,91.092491,79.35656461,1.887942,0
613,4.264711335,6.426317738,75.478844,83.65951343,9.468892,1
480,2.263578076,10.9222248,69.317666,85.47614094,11.460114,1
731,2.178237621,10.32326897,82.965486,80.9115558,10.503216,1
460,1.964847256,4.641325784,65.497400,74.88544089,12.931377,1
946,3.229428473,2.715264509,94.695394,70.95680084,13.181476,1
847,2.719785415,5.557867887,92.128953,82.62665116,14.852770,1
623,2.454759996,4.779758397,75.049755,86.90386763,11.515379,1
927,5.049482223,11.48385362,97.245535,78.79306671,8.524256,1
514,2.803668271,9.221241861,67.891819,83.33016456,14.164188,1
992,2.320664062,4.407691457,126.705644,82.74726472,1.932360,0
496,1.945482455,2.81019082,92.578455,69.17376264,1.650151,0
391,2.978573458,6.980398373,61.373532,80.02534956,9.058008,1
814,4.407727446,10.27518929,119.235280,79.52969434,2.050236,0
786,2.475425245,4.828189239,84.095647,77.49540857,15.601802,1
581,2.767335041,5.74916391,71.546733,86.73203322,11.057495,1
1483,2.723049757,2.91079114,165.640919,74.89642261,2.183430,0
356,1.999638657,8.156471985,56.309044,72.24512826,13.183579,1
751,2.714474338,5.362875095,84.727250,68.57562769,9.546315,1
572,2.877750601,6.852952933,70.149189,92.42615203,8.638561,1
748,2.35765963,3.291367229,83.120096,74.65882521,10.271387,1
655,3.107896456,6.536969984,78.332690,77.28476906,14.861476,1
922,2.307192335,4.761911424,123.817805,75.54142207,1.813185,0
639,4.012389224,5.68487074,76.085644,87.80930017,8.030934,1
816,3.824251658,8.525705943,112.785265,82.15502154,1.729201,0
657,3.438406542,5.60148223,74.041650,81.35439542,13.225556,1
572,4.359568533,6.628982325,70.912384,70.97546562,15.260546,1
669,5.130338497,6.128847247,99.246135,66.07052128,1.826903,0
1554,4.839070565,3.807063873,170.396707,79.58727672,2.379217,0
714,2.704855704,14.02329146,104.058933,78.83525384,2.051447,0
736,3.19847276,4.58339035,77.714569,86.94708644,9.739991,1
839,2.607473928,4.13588389,86.424816,83.97337526,9.360322,1
679,2.67404957,6.371171891,77.197436,69.74575398,8.210714,1
574,4.10632675,8.612469957,73.698558,79.87571378,15.572190,1
1531,5.315363354,5.837076405,179.276478,76.473072,2.241263,0
838,4.283313068,7.747187537,118.189763,76.7142475,1.848586,0
591,3.102782712,6.756559331,73.914203,74.91408949,9.025596,1
1036,1.802610521,8.964665045,134.269475,90.50329937,2.028440,0
412,4.730226649,6.713341851,64.165429,84.30883022,15.181295,1
586,2.178991486,6.315622759,99.832172,80.20819277,1.582705,0
616,2.181552586,3.83614443,102.359574,70.14842686,1.737240,0
828,3.217333235,6.276572739,86.265272,86.29944843,10.338679,1
542,4.743689934,4.765799939,70.832181,80.1551577,9.082734,1
670,1.73853015,12.00628118,80.646054,87.81216792,14.768413,1
484,4.171850651,11.53561444,87.918651,74.96205656,1.898504,0
820,2.283478583,5.455012283,85.021849,81.21946247,8.955448,1
679,5.069609817,5.311526029,81.272368,82.75310262,10.291914,1
924,3.502121818,14.47557782,97.215288,78.38494133,14.777258,1
750,4.145349492,3.771038292,112.566441,84.55490688,1.960399,0
598,3.423885041,7.833822246,74.062166,85.48244539,10.646781,1
891,3.044005131,8.83045821,92.327870,91.25436603,13.565226,1
795,2.756224641,4.218479637,112.856983,68.06789842,1.982454,0
655,2.319822974,0.461502005,103.551907,83.24062662,1.585901,0
644,4.198998224,3.757913994,97.103137,73.46205538,2.009319,0
530,2.905637931,6.934431762,67.505759,70.98938299,9.704449,1
618,2.726266415,4.433903751,101.775492,83.3494213,1.737986,0
652,5.800663733,5.36315081,102.720772,75.73011511,2.115934,0
633,3.392492103,5.59352823,72.079368,78.4472792,10.171441,1
658,3.137810675,5.605862406,75.941075,73.95844495,12.825089,1
518,5.013980994,10.3113079,95.167176,80.87226325,1.467896,0
797,1.991227785,3.419455352,109.172860,75.6250806,2.064057,0
642,2.612233577,16.95408863,74.344792,91.72388482,14.064271,1
554,3.637295588,5.173864549,69.136865,79.93306668,8.153640,1
528,4.990971637,5.323822185,67.563397,85.01750569,15.150440,1
1099,2.161373503,10.37660589,140.689099,64.72257203,2.005399,0
653,2.464127891,5.118952962,79.248325,77.17221533,9.321426,1
1193,3.100656848,5.820686356,141.603330,69.93630592,2.157336,0
868,2.603741101,11.87232134,92.943059,71.70115963,11.869661,1
1295,4.629372616,7.531660308,110.878703,78.45554797,11.643756,1
1315,3.664665178,6.46067356,116.475303,79.16254543,15.580981,1
758,4.418989732,4.394948435,107.047747,91.01044847,1.973233,0
610,4.830185448,12.44618067,74.525430,81.33643411,11.582562,1
610,3.216234911,3.987396883,97.557374,82.760357,2.046108,0
946,5.229254637,9.333714746,129.138583,81.2473261,1.782517,0
907,4.052746817,3.974344085,125.860506,79.93010431,1.841732,0
453,3.136760186,3.663695878,67.260686,67.9587511,11.007549,1
1680,2.83287301,4.381654992,193.327901,80.02819354,2.062847,0
726,5.075962382,6.71698906,81.048281,74.19393545,9.948474,1
724,4.931863218,3.497614323,78.943152,85.58538815,9.177021,1
981,4.755504091,5.126666587,94.390232,75.48418125,11.506929,1
537,3.370731922,5.567769537,68.725189,72.05583262,10.304144,1
1006,3.224095811,4.3111514,134.657986,86.33260402,1.733662,0
971,5.269903229,6.736927671,97.481000,78.34573897,8.403923,1
606,1.802312975,6.326789492,102.069221,75.97980549,1.512066,0
451,2.512356995,5.452655214,90.378648,78.9122667,1.675473,0
936,3.592289354,6.010333219,97.645119,75.42377951,14.953979,1
916,4.430782839,5.385263491,88.776409,76.68350686,9.326005,1
872,4.087339146,5.220623284,124.333870,83.08773306,1.945824,0
1211,2.60460054,7.668066149,144.824660,81.69778229,2.094511,0
502,4.160130067,5.494894663,67.112162,84.75852725,10.938770,1
1113,3.084417501,4.995093873,134.269913,75.71707501,2.222880,0
569,1.194679922,4.130574568,92.803446,67.32286239,1.631766,0
473,2.375840796,5.118614781,67.660127,73.38827548,10.923292,1
891,2.391240796,4.152287008,122.055173,84.05278349,1.843060,0
867,3.045853927,7.82448003,89.669990,82.18649918,8.183103,1
362,3.952264188,8.425318316,61.232108,77.39374161,10.053962,1
1088,2.347766803,7.017736366,105.367886,76.06278621,10.394866,1
720,3.879221833,7.907090111,112.700082,86.43088633,1.733900,0
871,2.174385611,5.507008971,93.721450,87.2129366,13.359736,1
700,2.733019393,6.782435277,78.482006,71.29475772,8.974110,1
484,2.366189686,8.493447646,69.837726,90.0756595,10.816186,1
707,2.384502097,5.092421243,102.199441,92.06448445,1.725754,0
542,2.243619111,5.893222231,68.443174,79.23614284,12.352625,1
886,5.575241418,6.725662277,124.273799,84.02326042,1.811080,0
753,3.174813777,4.60437308,81.334816,80.54921379,15.032095,1
898,2.790183941,8.295877435,93.642874,82.96834605,12.045960,1
1072,2.657262312,8.598802568,129.627243,75.59830043,2.010231,0
562,3.19174229,8.513473376,72.511538,72.90573146,11.797550,1
861,2.823318839,6.56322771,93.500147,74.40805781,14.382484,1
473,2.63068775,15.8331589,68.281496,74.67357636,12.340216,1
746,2.749226148,6.169941605,85.345780,71.34922029,8.054321,1
612,1.806187096,10.15934703,70.758210,80.79940003,12.532134,1
1002,5.045339909,7.399345925,96.337463,81.96307388,14.309693,1
769,2.051118701,11.75328111,86.075770,92.45528066,14.129861,1
1254,1.773799418,7.902298231,148.882883,74.70009534,2.206728,0
861,4.463623499,2.11835139,85.157779,77.83773217,8.206227,1
466,2.442533198,7.424822332,62.329567,80.11418691,8.661958,1
133,4.558477717,5.517272838,45.724040,66.46446298,15.326952,1
1409,3.998420476,8.234650307,167.254821,78.44106081,2.047221,0
767,3.53485651,4.487744997,109.168819,81.39828726,2.143351,0
572,3.499791875,10.02099976,73.338293,78.83529049,14.978437,1
1122,4.269178358,3.871916104,99.860158,78.08045797,9.933749,1
1046,3.372525367,9.196621096,102.568403,79.46263401,11.283042,1
1384,2.181792499,3.698334403,116.436459,89.07256634,14.682746,1
1137,3.816063458,6.367987494,140.613062,67.44589904,2.124880,0
526,3.973807029,9.999406461,69.072342,75.68423503,10.202684,1
699,3.030542129,7.540860345,75.910967,81.20311121,13.041996,1
530,2.462534897,6.659259744,67.536965,76.9921219,12.461046,1
824,3.829935043,4.709267466,118.637253,84.86733904,1.775763,0
438,2.43645841,7.591275422,65.472624,73.66600343,7.997332,1
964,3.811310535,5.443268379,99.496908,88.62642384,13.693377,1
874,2.643081363,4.808751337,124.061044,87.11979391,1.775899,0
785,4.05326969,3.734998698,112.266422,86.17524135,1.715827,0
1114,2.82844194,9.485567707,109.064948,75.81660771,9.265390,1
875,2.706423593,4.952032486,89.589202,79.43436167,7.985053,1
1008,1.812398805,5.925282062,128.983671,91.35652662,2.079153,0
692,3.90012117,7.049257954,80.234504,77.82467748,13.250794,1
973,2.867681164,5.455371523,122.894640,83.82105822,2.061195,0
817,3.614201676,6.770237731,89.694511,74.15766242,15.485418,1
1417,1.938052164,9.1422064,165.373226,82.86640765,2.212050,0
794,2.66347613,5.038385571,115.321767,73.70308332,1.973239,0
1295,2.983157708,6.009093252,147.188600,87.13975426,2.201130,0
667,3.130011074,10.73601859,78.421063,79.34923175,8.658755,1
636,5.406187908,7.937832273,77.209729,64.35526209,7.866408,1
558,4.09447309,8.063545363,74.478198,72.6908073,10.493823,1
741,5.471766253,7.23336181,83.746207,80.83646056,10.092472,1
483,2.429604755,6.75892323,69.261052,83.88321282,8.628237,1
934,3.941377242,2.56372644,124.799314,70.02630704,1.808817,0
1374,4.638256814,7.071149452,154.034665,74.44667846,2.132406,0
811,2.591548481,5.559935659,87.378334,73.07189434,11.927473,1
480,5.014930105,7.793114451,68.275386,69.77165407,10.101775,1
1076,5.287215488,8.206804213,101.391504,75.38974664,13.540340,1
868,3.616129326,1.43004812,116.417051,87.11235436,2.206072,0
899,3.198938152,5.743192938,90.565815,69.68969174,9.224053,1
517,3.997032192,7.738009437,67.703398,92.31784859,9.905663,1
429,3.645413297,6.938714975,62.194673,72.77808768,10.106493,1
869,2.031282218,6.387228864,85.614659,77.25226532,10.497913,1
861,2.552425708,7.993492401,113.672733,83.00255201,2.038893,0
608,4.664166648,9.953761184,97.039955,84.07210644,1.709330,0
398,2.635967949,12.26447754,58.453802,71.26701107,13.430746,1
789,2.880693221,5.337163007,80.829313,70.63625862,13.300517,1
634,1.890724048,7.470641864,79.064724,81.73369117,14.230522,1
592,4.142672487,3.204263431,97.867173,75.91545897,1.518949,0
535,2.440138553,10.89612019,70.586881,79.59691245,14.251213,1
525,4.145411734,6.06849667,95.552280,72.25445869,2.035826,0
491,1.983461904,5.628048493,69.456305,88.77911429,10.999930,1
555,2.751869572,5.464943658,90.936113,88.90405305,1.643641,0
666,4.20778563,7.979673016,74.202094,84.61472116,13.521643,1
779,5.220314288,5.284862488,83.356640,71.04905812,9.465645,1
797,0.867212514,9.154264723,84.927359,79.71787571,9.719047,1
410,2.632946613,4.439758573,61.878849,72.41298003,8.319497,1
725,2.530804725,6.977674074,82.114327,79.5314101,12.002755,1
683,2.741268811,4.704795005,108.405402,80.68526654,2.015670,0
834,5.041084872,4.863165393,84.889695,83.86530523,8.684653,1
868,3.707688702,8.273506736,91.942834,84.50935728,14.939396,1
609,3.614619973,6.548702066,75.557373,82.38218512,8.218809,1
967,5.019605624,7.791592228,95.637912,71.57082091,8.427466,1
1213,2.615430853,12.88064895,145.627075,73.26979267,2.323653,0
1315,4.212920725,6.697160636,149.731784,82.90405424,2.043785,0
760,4.516112209,5.274637527,82.763751,80.07388039,13.503647,1
757,4.524117616,11.33598846,82.480292,89.43613042,10.963909,1
1302,2.299981518,4.868272097,150.374338,64.72480967,2.148238,0
749,4.711205105,4.482303524,79.373813,78.2094084,15.133893,1
528,5.105800694,6.257188468,69.148962,83.31524199,10.043327,1
710,4.33856693,5.455502338,78.986515,83.97855471,14.515908,1
854,2.695827213,5.316082452,91.515082,81.5485284,13.040683,1
725,2.682679117,6.851640671,111.183658,73.67786215,1.584310,0
810,3.146193962,4.763736674,117.127987,77.7142597,1.797806,0
1051,2.818085061,4.895125408,99.650316,76.88233465,10.032661,1
1390,5.535803597,16.43424955,154.411326,82.52350332,1.987958,0
1061,4.763965434,6.430627514,102.807129,71.91872206,15.744652,1
691,3.104161528,6.291779514,77.996318,81.41230647,10.375378,1
664,2.295366801,4.081826922,78.953032,75.76848186,8.037893,1
418,2.34032414,5.768685628,59.572880,79.25743086,9.095950,1
693,4.565716598,5.736159424,78.655622,82.8737072,14.486896,1
750,2.650184828,9.321113351,80.593508,75.07424529,15.062964,1
899,2.939164944,6.03443308,118.608552,84.79439292,1.918156,0
527,2.599666808,7.066837691,67.909842,81.08950137,12.848643,1
548,3.079788441,5.737909033,67.430446,80.43050619,9.052726,1
677,3.277467593,5.379075964,78.003815,78.75349725,11.269903,1
564,3.100723631,7.77981488,73.304417,78.27727627,8.914938,1
454,2.803178187,5.438384405,61.841281,82.55104153,9.668015,1
452,4.437679339,7.026985065,65.334479,86.98354912,13.978497,1
512,2.596976215,6.619944062,70.985720,75.07329256,8.598551,1
1095,5.159227183,7.166623651,137.820629,74.42671474,2.202087,0
514,3.73570861,7.496804418,94.221302,84.6151936,2.003775,0
877,3.38331096,6.12793914,86.331657,82.69738629,14.109491,1
629,2.233660094,7.074076863,99.944443,90.89839243,1.518797,0
801,3.392095646,5.882588294,109.152078,78.37755376,2.078635,0
1022,2.114176014,7.853056333,127.000980,80.85203063,2.170864,0
675,4.159604116,6.660926286,81.545663,74.81931037,12.897513,1
1322,4.362502256,5.200347491,155.206860,80.15912568,2.100368,0
587,2.394794642,4.427609188,97.495710,78.99236122,1.855929,0
806,2.867108729,14.66783426,85.201690,76.27870996,11.095420,1
652,2.649368897,3.053924975,105.760617,75.06758932,2.102683,0
820,2.626964872,7.128498826,82.873883,72.3326544,10.432364,1
1203,4.470516074,3.565659079,142.861679,78.70266394,2.270075,0
774,4.482764497,7.699131718,116.648786,68.50229386,1.887399,0
1013,3.463195791,4.867735958,133.939478,76.81169603,1.881047,0
697,2.559869557,6.18623977,77.700362,75.56324105,14.601570,1
442,4.007245834,5.547415128,65.979644,71.91031407,11.407248,1
920,4.22518246,6.603992653,95.593316,72.07981208,10.803136,1
558,2.97140723,5.978609962,91.695306,77.50436672,1.989879,0
539,3.333235308,8.204547047,67.459319,86.44171825,10.035029,1
702,3.364067177,5.42747446,79.683303,87.04648139,13.268965,1
1016,3.754641622,6.547529609,99.119869,78.94161106,8.352451,1
532,3.953074559,4.591029524,70.127520,73.54162185,11.455678,1
676,4.58782383,6.114129846,79.974532,73.90304143,10.954566,1
824,2.915403972,3.918087219,86.439943,76.8604144,9.122836,1
605,3.851223464,4.829298001,71.517713,77.16470299,14.261561,1
476,4.020877193,6.708076897,86.066289,76.92646341,1.751271,0
906,4.198483497,5.379505618,120.713345,80.25400867,1.708639,0
465,5.038116775,10.33834763,65.175278,79.1819207,15.499401,1
675,4.877554199,7.862790152,81.770984,73.01779311,12.123681,1
948,4.000345658,10.42735568,131.353638,74.61594306,1.703558,0
931,3.370113427,5.226584351,127.151530,66.18530536,1.698567,0
950,2.256117473,7.318410957,124.597087,79.08301972,1.976987,0
974,2.17441685,2.698796295,129.449410,85.76575847,2.207207,0
741,4.475950407,14.29339512,107.464907,81.91528524,1.719075,0
701,2.264398646,5.335928415,76.020362,78.0128623,14.734011,1
1185,3.101842662,3.599729791,145.770961,78.38557382,1.972769,0
786,2.718334184,7.626409612,113.885586,69.41378173,2.111860,0
536,5.074656541,10.30179311,72.528896,84.13717705,8.573430,1
1134,2.912282861,3.362172469,101.232577,78.1840638,8.527490,1
485,4.847597702,8.725143157,66.404906,79.18283218,14.602479,1
661,2.602118003,3.960940643,98.068267,79.06483979,1.754558,0
888,4.130697969,4.226695518,125.764998,79.51710154,2.013359,0
550,5.106337489,5.934182957,69.638048,73.5521676,15.126268,1
938,3.0490831,8.326413269,121.313932,79.381602,2.114841,0
2239,5.314913751,1.968074625,239.871622,76.49441068,2.706314,0
586,2.673481748,6.367985684,69.473866,79.72213213,12.119888,1
428,3.69797333,11.26017529,62.434806,75.88828352,10.750292,1
1448,2.365503248,5.823340657,159.883921,76.07446818,2.307641,0
916,1.884825921,12.11895716,121.138321,83.43286492,1.988261,0
942,2.45001906,8.778762588,92.608598,81.4990576,9.507587,1
623,2.211484177,10.75146008,77.510853,77.54590337,13.754852,1
663,2.061800447,2.576128395,107.670549,80.32849128,1.999810,0
466,2.656824396,6.580227384,63.793388,73.95772563,10.850811,1
662,5.054411019,6.988442156,80.028351,82.33485855,10.646726,1
710,1.924315265,5.23612824,79.310310,87.7594958,13.946402,1
630,2.282054158,6.158960744,100.982818,75.63327453,1.890559,0
519,3.848494602,6.152212152,67.977891,72.18098571,12.533458,1
812,5.295481735,6.649052591,114.039601,79.77768526,1.923534,0
1224,2.214727486,5.869446739,148.401526,78.93874198,2.253758,0
471,3.66744838,5.577159379,64.181035,72.45134874,9.960251,1
943,3.140232467,15.88118046,97.437446,72.70404406,12.611414,1
411,1.912157647,7.170389233,59.570155,88.03571666,12.922400,1
619,3.07741265,4.270817591,75.466060,72.75984764,15.160444,1
891,2.411562156,5.765293478,90.487663,80.99345922,13.148482,1
676,3.538228013,5.956472376,74.231815,67.15322018,15.090890,1
698,2.886641016,4.184017163,82.423172,80.04467055,13.268387,1
646,2.739228675,6.084763704,76.198149,84.5347378,10.102200,1
1452,3.424362058,7.908246368,173.074606,90.1880679,2.407972,0
1164,4.444247193,4.848416822,141.856462,76.09808377,2.036580,0
636,0.996441894,2.001760432,76.337380,76.05656508,11.960759,1
420,2.493881789,4.163429187,63.111582,91.08597281,14.266503,1
899,3.375210443,4.996886799,92.585431,79.13814063,13.152175,1
1379,4.094925872,9.187066328,165.315424,73.22457076,2.278850,0
852,2.627251025,7.235214974,116.823428,80.87583138,1.989601,0
934,3.368109066,5.276456949,88.893546,76.9814607,15.605672,1
646,2.626579434,6.618079392,78.590809,71.55180881,12.962570,1
607,4.07410861,5.129664584,74.144356,85.33442549,13.720595,1
803,3.050696687,7.64483494,87.497773,72.63795114,13.090023,1
550,3.155576535,8.517324096,92.536903,69.00508887,1.897425,0
604,3.60594976,6.852550497,76.221061,84.65657819,10.839912,1
847,2.536973746,5.0809481,87.597204,80.76841657,13.646116,1
458,2.659770109,5.224569371,63.805026,73.93579864,13.926009,1
576,2.93223082,5.549971793,69.603228,75.32551122,7.912259,1
631,2.577838233,4.517867075,72.059387,75.24945721,13.513809,1
605,1.536758317,7.9194175,71.267508,78.40794386,13.202127,1
790,2.600959059,8.359181476,81.582371,69.46572218,13.846690,1
1095,2.682758916,6.844390793,133.316283,78.05263095,2.050525,0
496,2.719786755,6.717569665,69.390966,66.5358543,12.963401,1
1104,2.087294318,8.993418127,132.808930,76.8788612,1.765414,0
382,2.162553685,7.77492339,58.277945,71.62384988,11.440288,1
728,4.230168283,13.03693673,84.316972,78.55430588,10.330982,1
620,4.120988406,1.217380541,95.502482,72.81405098,1.758623,0
1083,3.392080735,5.950121336,106.739735,65.83983543,12.013106,1
1056,4.573404287,14.11764982,141.115950,69.29324083,1.929012,0
1073,4.732569059,5.771602781,105.284053,83.51845978,12.925313,1
893,5.158781728,2.683683105,115.661965,74.10892806,2.029022,0
1062,3.175405936,5.861243929,137.697060,83.65124879,2.008755,0
715,3.343826629,7.749627881,83.819774,69.50735758,13.565038,1
906,1.911930415,7.040563716,120.637473,89.35161286,1.991150,0
871,4.018964529,9.163864853,122.653501,66.24332021,1.843658,0
970,4.49936926,4.543056797,131.272078,78.63891931,1.931196,0
1012,2.209592813,5.434770324,129.208907,73.73304516,1.925837,0
769,3.846464011,5.258232763,83.756684,77.83530011,13.171700,1
575,2.616753776,4.805812567,100.186712,71.59268898,1.762056,0
908,4.648821199,7.973934758,88.344791,79.00245013,12.210859,1
522,3.82506069,6.580158678,69.157747,81.05282365,11.406214,1
809,2.591069325,5.564854821,85.851876,78.25033346,14.451628,1
422,2.775060661,5.57734947,60.781321,68.38592525,13.889005,1
767,2.791946172,5.947995813,85.026896,75.63042081,9.078458,1
479,3.456603752,6.506233198,66.487911,79.80212247,14.434582,1
625,1.85366899,4.151455827,77.193434,81.94510878,8.809706,1
841,3.345417715,4.387477225,120.733346,73.07777965,2.070662,0
618,2.798816735,6.17482569,78.032486,76.33779257,13.255828,1
968,0.396909315,6.557732175,99.944709,82.99847342,14.431118,1
1185,2.807159459,4.08404979,113.066635,70.58862793,13.127977,1
434,1.956587322,9.357046762,63.967709,80.62369365,11.791190,1
761,3.893426813,6.416445172,82.924726,73.1597532,11.290625,1
788,2.064161636,5.224555618,108.589456,77.39159416,2.006898,0
896,2.075372901,4.600904484,117.754947,76.21299943,2.004038,0
432,5.614343987,5.323785822,62.633359,69.40003942,10.271173,1
643,4.151861958,5.743602391,72.737391,84.57641136,13.222158,1
835,3.637026163,9.140691894,85.267912,77.34663933,12.697055,1
619,2.343295886,10.502666,72.605143,70.43070585,9.266969,1
1085,3.923719373,7.709005919,105.668001,76.12817074,9.450725,1
619,2.487371508,13.23634998,75.529642,83.61565357,12.194959,1
1280,3.993386425,16.27106257,148.855479,85.00258677,2.158555,0
529,3.870725201,5.120162329,71.858533,82.72753638,14.237116,1
547,4.797041377,5.17533694,72.760150,88.71441906,10.352071,1
517,4.582489244,6.269436277,70.206438,83.23749488,13.000319,1
920,3.481716773,0.226974798,129.056724,79.64895288,2.217450,0
664,1.894423161,3.411681074,74.743609,79.47101475,12.762540,1
628,1.998738288,8.219071968,77.463281,92.02865188,11.918816,1
625,4.778378545,4.029163811,102.924434,73.86826652,1.691029,0
752,4.706040715,6.109035954,84.551534,72.5802808,12.468658,1
778,2.342828329,5.566512674,113.586802,76.85923919,1.687627,0
841,3.798999298,9.094820419,91.353984,81.72973602,13.063164,1
525,4.571708551,8.392399638,69.996047,78.71295511,11.168302,1
459,2.390307073,4.708716816,64.706178,79.14458324,11.254454,1
811,4.03020009,4.337305422,84.261511,70.46784801,9.954597,1
577,2.518349767,6.502812233,70.554523,78.08518322,14.800259,1
837,0.892616674,4.47817849,117.580332,79.32465216,1.984531,0
775,2.251142295,12.07612535,85.997380,86.47099275,11.331811,1
1432,3.551662692,12.35941604,158.549582,76.00864599,2.267940,0
1084,4.369471975,4.39108108,138.469776,84.99428707,2.097090,0
751,4.189182457,5.903979159,113.479590,71.43578135,1.677760,0
504,0.060044018,5.258088556,70.836983,82.53860572,13.618189,1
798,3.621476746,4.255605164,84.039433,69.31584393,8.426027,1
779,1.799528665,8.492453666,86.462602,92.0553173,14.740090,1
589,3.901916073,5.366568962,72.508326,75.88233732,11.665882,1
524,2.371675517,5.961392436,71.455955,73.77576291,12.416677,1
505,2.632264711,6.824672555,64.522188,88.1210074,9.294708,1
594,3.598931345,12.21772974,72.140156,89.77683891,9.575591,1
807,2.449211583,6.757774331,81.799698,78.68369708,11.395931,1
940,2.857870301,4.847817002,98.050214,79.6396026,15.783716,1
886,2.592828206,3.931142031,88.164026,70.23796957,11.062977,1
957,3.492583583,6.489587106,90.769455,84.04089448,13.534466,1
1331,2.621416666,6.017089482,163.713809,79.55518664,2.211084,0
1128,4.699042569,6.654533003,101.966226,72.74068348,9.760194,1
527,2.820382251,5.586309362,90.674430,88.19328975,1.865684,0
468,2.286960465,7.10200369,68.851966,92.07258328,12.483668,1
985,3.618889124,6.658369021,134.176839,82.74503353,2.008473,0
708,4.354764271,4.872244832,83.300964,80.80001022,9.704507,1
890,2.353738543,16.52614239,93.948359,78.71114095,9.097643,1
518,0.262880923,4.803321891,93.087514,77.44295767,1.509910,0
818,3.923524748,2.61073014,115.015615,77.20105289,2.160106,0
1040,2.516165807,3.99013999,133.884288,89.05812154,2.084626,0
529,2.21031781,2.030618055,68.760300,75.27287221,8.839677,1
669,3.08619414,5.72130492,76.319463,74.28237561,12.025929,1
984,2.492219616,7.562085591,93.464238,74.48222711,11.994171,1
844,3.167190502,4.35039275,111.676546,80.12041428,2.195815,0
794,2.816717624,5.082375019,87.479349,76.14355117,10.850639,1
648,2.432510929,1.127191986,99.284877,91.09580879,1.814945,0
765,4.836105603,8.271328633,108.376379,77.67487007,2.146931,0
686,4.459726441,6.579082043,77.420392,76.07594862,10.390856,1
867,2.38539757,4.890971733,91.106553,69.54380848,11.610827,1
798,3.318044459,4.68282077,83.135588,69.17532136,15.653583,1
940,2.990005047,7.050211821,91.435659,80.21481774,14.018309,1
702,2.793630306,4.492759757,77.595878,73.55043663,14.444982,1
691,1.934558219,7.491275977,76.127388,80.51611571,12.933738,1
962,3.996573183,5.800062734,128.650694,81.74399902,2.064237,0
780,2.213466287,5.677759138,87.733906,71.12944771,10.059109,1
726,4.65361123,14.02151524,103.090413,75.09121838,1.992121,0
560,2.690929669,6.237932353,71.255890,82.9002576,11.951993,1
341,4.019507073,4.866731425,55.165420,85.01277848,8.599235,1
997,2.403140819,6.784254141,98.515764,80.98924513,15.021974,1
1023,4.219199691,5.71499847,96.347971,71.78460549,8.759829,1
703,2.073530716,6.243180329,110.102397,72.27340458,1.971553,0
817,2.56654289,4.074055458,112.126574,73.74815991,1.884754,0
941,4.057162476,7.411045875,126.209248,71.5586895,2.229400,0
782,3.133950081,18.04508002,85.626593,77.67824393,12.867401,1
874,2.946312613,5.116907423,114.571009,85.41519606,1.908151,0
699,2.179805149,3.904397587,81.606117,77.20688938,8.514566,1
693,5.623840695,5.708724081,101.740667,66.74978477,1.762660,0
742,3.032373012,2.967153412,114.741488,77.30109464,1.749079,0
618,3.584241625,8.552943729,70.959477,79.05669741,8.546458,1
576,2.196467089,2.256343139,95.065010,75.97503647,1.523930,0
608,4.975467378,7.789730373,99.936159,73.90755935,1.702847,0
592,2.648886855,5.986711795,73.060164,73.80079499,7.988265,1
539,1.019427243,11.44275813,94.021780,83.85085903,1.893490,0
595,2.873461036,5.272747548,75.665508,83.64620905,14.220373,1
1010,2.481335692,5.544190622,96.776536,81.23717395,13.897396,1
705,4.111174825,14.96865517,76.512097,84.05220781,15.537230,1
1082,2.157115795,13.00920013,131.615185,83.38616172,2.297573,0
1004,4.894851058,7.565391625,133.614760,88.20952499,1.917039,0
1118,4.22262321,6.865120859,132.987131,76.29320189,2.164529,0
592,2.453582236,6.873153952,75.180575,74.5079325,12.008255,1
533,2.654549502,7.263048045,94.379256,79.33752598,1.781740,0
479,2.814036852,4.973082779,68.979986,78.80675315,14.693447,1
656,2.55528095,10.14312084,101.464537,77.80430052,1.852014,0
868,3.375595276,7.103599583,93.059936,77.2589262,14.926666,1
863,4.809369192,4.057632602,90.177882,82.47864696,12.996846,1
691,2.31543963,11.7248184,76.549294,80.993386,12.258897,1
1019,2.254233327,6.274627131,129.791668,76.55328541,1.911285,0
819,4.928456323,6.915901891,112.313842,80.66460651,2.143209,0
942,3.943523873,14.74318387,94.178125,72.74294581,12.834606,1
543,1.922793823,5.530986315,72.633354,85.34603283,14.378751,1
869,2.195738793,10.74079846,87.605281,87.4022328,8.647909,1
432,3.555815135,8.539554049,64.080158,74.449379,12.629482,1
1092,4.420520648,8.270078562,102.671442,88.3937837,8.881897,1
560,2.422771205,2.35936325,72.317469,83.28171327,8.048719,1
1042,3.572642266,2.856341263,135.825713,78.51035505,2.217511,0
1419,3.131899081,5.87671463,127.617923,90.76803912,12.837289,1
801,4.844748811,5.800132136,88.064043,84.06258244,8.210966,1
1330,5.166410106,7.526015056,156.160913,72.52582496,2.211010,0
734,3.537611958,3.599514208,79.384979,86.58134812,13.420271,1
551,4.547949048,4.995890506,67.785783,73.44222801,13.038592,1
914,3.952288628,5.418104882,126.235720,87.89003146,1.887849,0
736,4.819009267,10.29128001,78.944020,69.88218506,13.127672,1
1087,2.293710711,6.140722191,101.199404,75.01670625,11.617956,1
361,2.126902124,4.277435306,77.508736,83.20332595,1.750366,0
630,2.580503721,5.258362656,73.931637,74.68865408,12.545864,1
908,2.612702113,6.390803851,119.130125,88.78295218,1.884581,0
605,2.622138467,6.582390121,74.566580,69.31593931,8.163971,1
595,4.41016661,7.788926724,69.757691,71.69289079,13.755941,1
507,3.536217192,9.654468958,70.504999,82.82364866,14.652190,1
1156,2.650848533,10.98729975,106.063044,80.7635035,15.997777,1
1028,2.438740779,6.431369996,138.820856,87.35130176,1.872163,0
931,2.7473486,7.257691871,118.538877,82.93374395,1.676841,0
1713,2.28101914,5.571537959,193.073839,79.90214312,2.432048,0
640,5.561840747,8.326702825,74.932100,76.16349132,12.266014,1
1042,3.21371837,5.190764287,103.886202,88.60394867,8.984948,1
764,2.831560138,9.685748407,83.047359,79.29240156,9.192682,1
475,3.392077526,6.598093957,64.856193,78.63169389,15.060500,1
521,2.766828615,5.449742669,68.216276,66.43452526,8.069353,1
929,3.384135216,6.352527525,119.866673,79.69275979,1.853388,0
1306,4.192702288,7.469689135,149.947897,73.64617157,2.243386,0
807,1.061171529,7.218848001,120.124039,79.04459151,1.660707,0
533,4.183596965,6.0854677,70.242700,79.45646184,11.233427,1
960,2.901854663,6.070442354,120.661116,68.99195703,1.770110,0
366,2.037200759,7.674381711,61.989313,78.06781583,8.424084,1
536,1.971837518,5.168631032,68.621915,84.51535201,9.317248,1
1549,4.567244926,5.669219798,136.931195,75.53334625,14.865500,1
565,2.622011912,7.637643727,69.501984,69.74819362,8.105575,1
869,1.035299972,11.35234948,86.026029,72.94431564,13.806144,1
918,3.749973903,6.006059789,90.570318,79.34894317,15.793554,1
1326,3.756697348,5.411362672,158.622294,88.43167549,2.078036,0
622,2.634259226,5.858383512,73.814317,80.68101457,13.654873,1
686,3.183590356,7.388821824,80.584776,83.15617079,8.529480,1
684,2.311274773,5.430210852,109.172688,72.35259792,1.685100,0
682,5.107554796,12.35975398,100.582583,80.44456082,1.748570,0
564,3.338776156,4.810572089,94.110704,76.22669993,2.018855,0
1098,2.607914061,4.756741657,98.286237,73.42062815,13.878682,1
637,4.318736351,5.406317802,78.599712,88.20929663,9.954186,1
546,4.474285023,6.124452574,72.626920,82.00492979,9.152672,1
766,5.007618463,6.401495794,82.955023,77.04195026,12.803336,1
801,5.053296772,8.410739829,84.508722,74.190322,12.191580,1
620,2.4561754,12.29948665,74.558875,78.28998666,10.199880,1
1290,2.048966495,5.390658719,159.042535,85.94586677,1.861785,0
1271,5.018706355,7.872869724,153.752775,77.01518875,2.358757,0
635,3.244042724,3.908973482,78.725178,77.700748,12.287897,1
407,2.060061679,7.772291758,64.531178,67.70192052,15.336530,1
818,2.76564034,3.646683794,111.338713,72.95637354,2.110072,0
751,4.334357717,5.301890872,111.553780,78.4488699,1.909420,0
443,3.956537977,4.95999122,63.013110,68.3496786,9.106909,1
903,2.496713731,7.915843427,96.219637,84.35802805,11.714030,1
1010,4.425086176,8.745352776,127.128315,88.89091784,2.102549,0
668,2.26712687,6.211984443,107.879206,70.51337291,1.782149,0
640,4.913017684,8.011424669,73.925053,87.19805695,14.091190,1
415,2.241805691,3.895209116,61.969396,75.46553639,15.052662,1
458,3.054244218,8.150454709,67.969379,80.46492852,7.977751,1
419,4.505065882,4.68589194,59.943338,83.34744794,8.854860,1
788,3.611598379,7.266531006,84.167674,90.78073667,15.501755,1
557,4.849661196,8.168232184,68.983171,70.72839247,10.232888,1
774,3.684048357,3.159582155,85.370055,72.72811723,9.599221,1
418,2.538428379,2.945069073,86.264403,76.49333619,1.617328,0
1192,1.913301847,14.23360841,148.242458,76.16489994,1.799036,0
889,2.737691459,12.45929045,120.159928,76.51458088,1.880727,0
824,2.952601487,5.079833453,84.594672,82.07372522,15.630359,1
682,4.213030207,3.878721452,76.694513,88.18519429,10.919902,1
672,5.648501615,6.169548912,75.145192,74.61167005,15.593991,1
1115,3.137311602,7.398409933,106.175219,82.15318115,9.535938,1
781,5.756993253,9.686998508,84.601319,75.89655123,15.813939,1
665,2.654887102,12.97621512,81.260470,82.20484161,11.301912,1
1034,2.916281092,4.58520499,139.060364,78.7823313,2.241920,0
868,2.4336425,6.641328752,86.238697,71.64182621,14.077733,1
639,3.725922549,5.444932753,73.808390,82.27303387,11.259176,1
525,3.605296978,7.269573715,89.084757,72.35280721,1.720644,0
859,3.3319732,4.476900135,89.426228,92.81762941,13.129551,1
552,3.225128899,6.804661479,68.243032,74.13225609,11.469208,1
752,2.917488493,5.365836692,80.768873,85.00367249,8.398501,1
466,2.812740141,6.169181538,84.872395,85.13797309,1.915539,0
694,3.118573227,8.337248316,81.855658,74.57816938,11.695366,1
1156,3.24831335,7.076842476,135.899927,82.61093997,1.975428,0
897,3.540680837,3.014619664,121.066989,71.39268935,2.153194,0
392,2.497148039,8.65660403,58.030921,72.47894165,14.894006,1
447,4.900772642,7.183558629,61.953338,67.11252405,8.517920,1
916,3.733041636,8.260383412,117.431297,82.49529069,1.732649,0
876,2.942208266,3.638380214,94.061130,68.53936084,11.334178,1
652,2.242117773,7.172098643,106.519221,70.79368639,1.904487,0
817,2.289048234,5.456375472,110.147622,84.80451113,1.819311,0
1257,2.897593888,7.331820212,109.588941,76.26716602,12.665011,1
1776,3.648059966,5.873873853,190.385418,71.23378647,2.654844,0
758,3.73849298,5.594919774,85.561211,70.95329961,7.997733,1
708,4.645687314,10.25141825,80.018299,79.42175814,11.547005,1
1144,2.226850463,6.327707475,107.536504,73.58305638,12.362635,1
562,2.464344864,7.532778238,70.261620,78.83395842,13.027312,1
1054,4.195705902,4.579131001,132.319651,71.35358111,2.036221,0
488,4.691986813,5.180212841,66.228159,81.69182123,13.358272,1
888,3.027763618,7.17060245,123.221512,88.38677284,1.739655,0
1314,2.271190441,6.741128426,157.816527,84.67242797,2.186115,0
780,2.082835566,5.599400486,116.495394,76.85301329,1.671328,0
873,3.718858316,5.202400376,116.580910,70.03548261,1.887230,0
746,2.161600322,4.14581951,109.381118,90.77463085,1.640529,0
404,3.874906596,4.356480192,83.147182,73.05531177,1.437770,0
816,3.605625485,7.99559945,119.718862,83.68062991,1.843736,0
823,2.557312994,9.36490272,86.424218,74.51958249,12.982910,1
468,2.365299936,6.2021881,65.645240,83.093801,8.139128,1
705,1.668181577,6.131495554,83.415003,87.04221708,8.220512,1
921,1.982237286,6.688269609,91.391074,79.47655189,9.883496,1
857,6.668045652,6.813852637,91.890826,77.11120634,9.868919,1
1043,2.904623508,5.626507619,105.013126,83.90583668,15.654440,1
1374,3.285916116,7.234992466,120.572903,81.30806507,15.960768,1
647,2.199257997,5.774292881,79.323513,67.32715139,10.314341,1
1457,3.337227134,3.36755038,162.694833,86.35113078,2.316529,0
862,4.4181694,6.753247722,90.223742,75.29336476,7.939563,1
665,3.964155301,7.047879602,102.086857,69.41571189,1.659258,0
675,3.529634697,6.837034628,77.209002,89.3235795,9.308210,1
874,2.993614,7.209694868,88.265985,82.27665152,10.388973,1
880,2.812637403,5.532998889,93.667338,93.36087479,10.642218,1
513,3.160358975,12.64529309,65.773369,84.74558618,9.708478,1
681,2.15220691,6.145198696,80.558623,77.66324196,10.311125,1
523,2.627371394,8.576869482,71.928150,68.16469496,15.240246,1
437,2.749569573,7.989146874,82.650654,79.46227944,1.708718,0
529,3.785529273,8.046544799,67.319493,73.99102318,14.790592,1
546,4.376347165,5.978312303,72.644211,75.38337683,9.111573,1
809,2.759170216,0.5229583,113.552299,80.57824352,1.941018,0
807,2.440885252,7.433291314,115.018374,77.88770795,1.980988,0
695,2.609473856,5.305509074,105.298162,79.34948392,2.071946,0
607,2.837521749,10.78825192,76.991136,75.97076121,11.020210,1
1244,5.117346547,6.780864169,116.622313,68.30119785,15.962692,1
606,2.272331239,5.489462544,70.229911,77.72570657,14.839928,1
521,1.858142176,3.826722686,72.182493,95.85528339,13.617144,1
1015,3.753364852,11.13538388,131.973957,85.08204438,1.763398,0
415,4.448791608,9.233145395,62.207953,81.26492018,14.668086,1
909,1.934517494,10.25780171,117.277334,70.66586979,1.882844,0
704,2.542179403,6.88548234,107.619799,78.1411303,1.699577,0
720,2.925809101,7.330510956,104.658349,82.31030256,1.571795,0
1032,2.233901244,1.098660901,127.541241,75.28472504,1.977469,0
870,4.63949172,5.342292964,85.828908,77.96274344,9.523111,1
417,4.146478691,8.287486457,59.980754,93.86211782,11.527210,1
494,4.496258382,5.135762048,69.938141,83.11293823,9.880529,1
479,2.479497115,6.008140596,64.277202,81.12831587,9.162165,1
1463,2.796106193,9.633088687,170.273689,75.55424587,2.320234,0
801,2.676855273,6.091457568,116.003066,86.18530625,1.992686,0
893,2.505120892,7.59750384,119.804289,82.27421721,2.137993,0
516,5.120935326,8.594022447,69.751314,74.23557365,9.484041,1
995,4.503760066,3.708454734,134.675566,81.12168542,1.833137,0
531,3.394948659,7.542844699,68.506583,81.0307641,13.035998,1
963,4.442204133,4.201034097,97.690291,75.43544352,10.915130,1
647,2.672182899,4.847533603,102.619966,65.83062115,1.844859,0
458,2.028922164,5.916224253,85.818286,82.42204494,1.563087,0
718,3.977023215,5.641764643,79.332134,80.20967728,8.018752,1
387,3.453274921,12.93983187,57.752680,75.62057782,10.833213,1
984,3.139744045,7.444061132,123.607502,84.84603487,1.999161,0
1154,3.319094211,1.999086201,139.463561,78.13854997,2.313145,0
1558,2.632174551,5.855846052,183.002845,71.762334,2.126744,0
921,5.654305029,5.919696791,120.517841,73.99644615,2.126078,0
630,2.646406586,9.484594043,76.165784,84.06808396,14.197222,1
515,2.713776146,8.475993517,67.281755,82.57536438,14.358879,1
499,2.432218745,4.821924815,65.977468,69.42102994,8.257396,1
463,2.167289157,8.876900752,66.323447,81.877674,13.796673,1
1196,4.351317611,5.148092154,109.662892,83.32467651,12.855248,1
960,3.652477513,9.395661887,97.798883,86.44538724,11.933721,1
599,4.30990379,5.285927134,71.931352,85.27829366,8.053702,1
611,2.204218845,4.883169313,101.624967,74.74052888,1.514522,0
614,2.777943792,3.654726062,101.392757,79.78834057,1.669318,0
777,3.494420928,2.123879226,107.461679,70.16240988,1.643817,0
851,2.315523408,3.448897913,117.319018,71.51630897,1.822296,0
573,3.301747685,6.060117932,74.466616,78.8346534,13.894743,1
918,4.496640478,5.930267453,124.912546,73.98514516,1.911879,0
926,2.759452967,6.268707222,97.258399,77.37454421,8.106464,1
879,3.558794071,7.755112655,124.525270,82.02301833,1.706406,0
505,3.576975829,9.374166899,68.160354,78.78420609,11.159896,1
592,2.467482961,10.15078126,73.348965,63.24335265,13.606933,1
952,3.234040144,6.923694358,124.515818,76.95448219,2.145170,0
616,2.929274874,7.40279732,75.311401,71.73062491,13.492883,1
1193,2.393539816,6.230597733,139.624206,81.87983113,2.045324,0
1246,3.078991467,5.891431296,113.486142,84.46860729,8.160850,1
498,4.695483222,5.649934786,86.300309,73.06230356,1.531475,0
1505,3.854729935,7.498181344,172.578153,73.36901706,2.032186,0
715,3.362428273,6.874643274,80.110938,77.62779683,7.896609,1
856,5.254808113,5.861384626,89.691232,69.69750441,12.745834,1
752,4.000927544,2.951897854,85.682600,84.30434316,13.957239,1
579,2.615381777,5.145139752,69.400411,83.2332589,8.091802,1
1009,4.959541939,4.162949247,94.803806,86.85872202,15.416540,1
412,2.899034835,5.240965612,64.719852,64.97376137,9.280303,1
386,2.385059557,7.57151626,61.750962,89.86942387,12.192527,1
457,1.912384466,7.96572501,66.925503,69.57489307,10.850289,1
1144,3.07054634,6.802909449,107.950599,82.127269,11.994947,1
799,2.922405806,4.73775697,112.310219,80.99873856,1.867359,0
523,4.44377305,6.888751388,67.564571,80.54814308,12.975887,1
801,4.130177856,9.5811461,88.025458,81.5389076,9.603559,1
630,4.400396742,7.022339336,72.705040,78.31860174,15.166261,1
899,4.334921621,0.932632083,93.208364,79.43800285,8.585109,1
516,2.187043881,6.045924004,66.814171,76.52389953,11.650967,1
368,3.134900461,12.24044049,58.999139,93.26414335,8.752082,1
995,2.511237745,19.85891723,134.932993,79.95980245,1.709384,0
723,3.49353893,0.301873604,112.000416,72.39656467,1.597594,0
1415,2.944337326,7.849895641,168.323893,75.03457709,2.309888,0
651,5.234179937,4.175674671,74.389019,78.10712522,10.170529,1
855,3.015968821,7.73405177,87.003323,83.03457194,11.133081,1
699,3.780946234,5.443574828,75.838442,75.58561382,9.669692,1
832,3.093388526,11.6300182,113.165377,76.6537226,2.191636,0
545,2.295782293,8.104565865,69.973270,72.72933256,7.783378,1
607,2.516349736,6.733671827,74.289605,84.37580294,8.610676,1
1207,2.473926949,4.876040461,141.487380,79.04195383,2.312491,0
1041,1.799188127,6.495777021,99.801892,88.3112614,8.303593,1
1216,2.011823493,5.960591306,111.555842,76.88472575,10.487418,1
1343,2.347640094,8.411802048,164.445702,84.96678674,1.944358,0
823,2.305869257,5.791692408,88.384039,76.79217361,10.950390,1
672,2.015966142,8.568879614,77.110183,89.84418138,11.575306,1
850,4.221118376,5.803711725,91.056139,76.22980559,9.190277,1
439,3.018662661,7.511019215,65.278927,66.26968264,9.325418,1
479,1.851432036,1.588609207,91.488350,82.36896828,1.758743,0
889,3.102808061,12.38280405,93.028056,77.22865926,9.742361,1
577,3.820453883,6.015166598,68.850259,78.75677955,15.668632,1
1206,3.895751377,5.856936889,104.400088,74.42977887,9.655759,1
1267,3.709487946,15.44173134,145.840623,81.06872476,2.398146,0
920,3.668050121,5.059798404,89.400560,74.29436001,9.404161,1
732,2.982871606,5.870506478,80.605513,79.85200567,11.893335,1
464,2.311718308,11.32674378,67.822205,80.05321523,15.433337,1
773,2.309876535,6.748409983,83.458349,84.44166413,15.247902,1
1297,4.450192974,6.573487886,121.052583,87.49971499,11.070197,1
446,4.975179893,4.909988404,66.001864,90.89362425,9.410157,1
585,2.633476494,6.033605279,73.884325,81.72015478,12.805282,1
686,5.312312798,8.061524398,75.225313,70.37369142,13.725277,1
508,2.302513259,7.853977185,95.011027,80.63188689,1.524940,0
929,4.951865715,6.320757951,93.493120,81.4868165,13.374087,1
641,4.435089761,4.02860245,75.946462,70.99872913,11.200460,1
719,2.412465876,6.235855011,77.421648,90.42637678,9.127321,1
1641,2.455733669,5.988370031,177.212810,83.83367834,2.537556,0
865,2.460059577,5.868917095,115.436231,79.74671565,2.090700,0
507,2.829952299,7.740109369,68.679560,80.84337688,11.325267,1
642,3.015540751,9.08045528,76.478286,83.51720433,9.254035,1
972,2.910614399,4.081148603,123.514527,72.51578812,2.228906,0
1140,5.723574333,8.935689752,106.407697,77.46019096,13.251562,1
699,3.723836819,11.54944836,109.988140,68.48303824,2.033961,0
620,3.785684489,8.759433125,72.084411,80.0623727,12.042356,1
1227,2.52114315,7.418856601,109.354582,70.77314418,11.508278,1
734,3.25234168,5.794801321,111.791785,78.90159452,1.877005,0
849,2.234596548,5.25953862,122.437698,72.98890632,1.778323,0
1251,2.07519722,6.773764296,148.296361,76.98913969,2.050936,0
779,3.429989187,5.800241143,116.281202,88.10403263,1.614887,0
1026,4.285825302,6.528522149,95.079078,75.33239697,12.480870,1
1196,2.209003701,7.164731732,140.782562,82.3305039,2.058354,0
648,3.143074842,6.455446029,77.181213,83.75044008,14.389188,1
737,5.076853616,7.024082449,81.356673,85.3341253,8.424899,1
651,2.675977637,7.742830984,76.698494,79.44417024,11.720847,1
767,2.420699675,1.464871108,108.805766,69.73216766,2.038754,0
388,1.905274918,5.699228517,80.048938,72.96645359,1.986293,0
855,2.710765481,4.274088866,92.504786,82.27758462,8.610210,1
652,4.690347209,6.817049273,75.996981,72.83342387,11.309118,1
545,2.787865803,7.48304481,71.976880,90.24659447,9.908710,1
1165,4.864108508,5.305383521,149.993612,82.16339923,2.186763,0
519,3.644854187,4.001496107,87.344949,86.6704369,1.954003,0
561,3.577082558,9.53178914,97.255504,70.13353038,1.625912,0
1212,2.504637355,5.518536889,147.206449,75.18067048,2.094586,0
1362,4.902269175,9.254616795,157.061517,78.94788339,2.274038,0
784,3.728043349,3.835417505,111.571399,82.68628617,1.741761,0
1206,3.736931893,6.099670669,147.828450,82.57459989,2.067824,0
810,2.294083004,3.997827629,111.920676,83.76229234,2.182602,0
616,2.975350819,5.946278851,73.182668,70.98849759,15.476301,1
689,4.715840822,8.156513854,75.713175,80.12204397,8.406744,1
903,3.836472992,3.892057993,116.376275,86.34726765,2.132743,0
611,3.24467489,10.38757589,77.054844,76.80870063,15.429237,1
1264,3.56267896,6.950853837,147.945200,66.5895622,1.877622,0
439,2.91839778,8.388894102,65.232540,70.14318176,14.816593,1
762,3.611165475,7.605858804,108.809840,79.21854131,2.003764,0
893,2.571592609,7.471679728,94.074749,75.99890596,13.632147,1
470,3.018126492,4.827767092,87.391273,90.02029413,1.754698,0
846,2.891496882,6.149750904,84.608795,88.67272642,10.321390,1
999,3.858896297,8.13771023,98.631484,85.42929634,9.185690,1
915,3.872361219,10.4546123,93.694313,79.02991642,9.630007,1
540,2.30983643,7.557710135,68.469320,73.21877354,8.718903,1
610,3.146517005,6.204067981,71.372779,72.14786715,15.320573,1
550,3.908787239,3.312051106,70.020638,79.34234555,13.486147,1
871,2.614046843,4.262012641,121.856633,82.27405758,2.021912,0
780,2.239095406,5.068516167,83.771330,75.525193,9.562021,1
788,3.233824882,6.167775187,88.668007,80.4685055,8.508598,1
758,2.750954717,1.226343206,108.712611,81.6880215,1.992922,0
1029,3.564528438,2.199117452,137.573859,86.34509902,1.967025,0
975,3.473425883,5.409861023,92.652835,71.31272955,13.675886,1
736,2.08328972,6.199326388,104.467454,77.11274584,2.149118,0
489,3.80909344,13.84070476,64.085837,77.99567039,13.061254,1
496,2.809265347,3.19436253,67.228022,80.94589783,11.316537,1
796,5.058327661,9.8627714,87.524269,78.42039551,8.928614,1
827,2.78760083,6.421118571,84.263532,82.72702101,15.793023,1
711,2.047578258,7.26169959,77.884544,80.86407731,15.600587,1
968,5.466670252,6.973255898,91.085217,69.59519681,12.096387,1
523,2.949061431,6.273911397,69.232822,68.75059357,7.929791,1
588,1.866736257,6.855087629,70.624285,85.09049614,8.053944,1
904,3.920830109,7.780998684,95.776677,88.31969015,12.551994,1
914,1.992334354,5.027565764,94.069133,86.90435241,12.130774,1
1455,5.904123748,8.453077108,129.588404,85.9454409,10.854969,1
516,3.402057511,7.548267679,67.663438,73.22235556,15.678665,1
915,3.551746744,7.38567883,90.619572,78.82674678,11.301033,1
1085,1.91152104,3.843551318,138.843167,75.59316923,1.756835,0
851,3.892927956,7.649303058,87.382853,81.85429238,15.366645,1
1374,2.543575167,8.641019829,156.704563,66.81030323,2.482138,0
401,2.597741267,7.165777827,62.025083,79.08860967,12.118117,1
1069,4.227350501,5.815929788,105.860545,85.85711913,15.454812,1
1145,4.687652694,5.463785534,147.902685,70.69406924,1.913674,0
811,2.433504965,5.651829491,116.217627,71.45894947,2.195408,0
906,4.136836785,5.439018349,124.789937,78.31019024,2.219811,0
853,3.116100536,6.135939021,88.008925,83.67801072,11.375202,1
626,3.162197146,6.931409428,103.335868,83.08210388,1.564342,0
516,2.490208915,4.659837548,69.444621,80.16147491,13.364907,1
609,3.749857195,10.09296246,77.038823,75.57779077,9.109436,1
733,2.944436095,5.148530512,103.527538,84.77662982,2.021924,0
1163,4.680531418,4.98694035,104.764342,72.15572807,9.312911,1
453,2.587313661,10.34206771,65.545300,85.14898399,14.443865,1
460,3.584437128,6.66221223,63.033767,80.26912166,14.129225,1
711,5.64238257,6.32878619,84.004116,75.23963891,14.287365,1
1195,2.057235193,7.071672932,151.137955,79.98815143,2.286242,0
857,2.32675715,14.00443354,91.042389,77.95441948,8.187174,1
824,4.526066741,8.672850756,84.508495,75.39647247,9.652349,1
718,5.415737777,6.230327977,77.008364,74.98236871,8.350853,1
739,4.040752131,6.035226658,81.021291,76.31111846,11.194448,1
740,2.359164164,7.147234078,84.664656,80.06432931,10.222360,1
477,4.251856735,4.65513614,63.861664,77.52738966,9.855282,1
738,2.223118357,6.593811189,106.377070,80.61457378,1.843282,0
668,5.005311893,4.767011766,102.414062,90.76293766,1.603992,0
1048,3.277943708,8.659894545,132.814054,68.6501286,1.729032,0
1310,4.172205177,4.116218103,160.837856,77.83424259,1.933182,0
1177,4.041965081,5.403698665,104.152231,75.01094915,13.761657,1
805,2.763572263,7.598886133,113.687877,85.69611888,1.795594,0
1256,2.307970944,5.620646088,155.678834,83.42495911,2.198250,0
645,4.076996681,6.230167862,102.017743,71.9380624,1.817732,0
633,5.948436717,5.170566082,77.716077,64.9940191,9.240085,1
720,4.351282093,7.87990519,105.085688,77.89539101,1.780655,0
706,3.714183189,5.735961296,81.528797,86.56065498,14.005705,1
944,2.758203038,7.528855054,127.168032,74.23675251,1.741205,0
582,2.036104809,8.21435189,72.035853,74.94512191,14.838853,1
909,3.883079828,4.228336334,123.866921,87.00710439,1.723151,0
600,2.870957749,7.614826554,75.596035,69.91674114,13.561126,1
808,5.107287574,7.936525862,88.717118,86.13212409,11.492355,1
623,3.569492702,7.718992687,75.788301,79.99888663,9.111742,1
670,1.650779843,4.093380223,75.846326,89.27085913,9.403946,1
643,3.593541577,5.443927767,77.906095,92.53449027,10.467940,1
1059,3.427110567,7.152349503,130.933652,80.85361712,2.011286,0
960,4.56585047,6.881213769,98.379069,90.06063116,11.374726,1
948,2.08249379,4.373133107,94.690566,73.4062389,15.921664,1
910,3.649920557,5.373736882,120.159020,76.68305181,1.658927,0
1036,2.047410514,5.922680963,139.465313,81.70436448,1.991644,0
909,4.582069519,13.52541233,90.117475,80.24986598,9.402614,1
797,2.746015779,6.834433979,84.033012,85.73449657,11.137457,1
430,4.261993796,8.037792965,62.782212,75.44614639,10.828143,1
789,2.357774406,9.978966451,114.350891,80.68466014,2.056951,0
524,2.705600358,10.83666672,65.858873,68.75294567,12.267365,1
1198,2.440425943,8.210367424,105.230357,71.12925694,14.893048,1
857,4.4907973,6.570570903,86.705001,78.3616074,15.120276,1
845,2.579340705,4.51150247,118.901436,85.23342692,2.063731,0
561,2.246204645,3.692150195,68.355460,67.72346203,11.344393,1
672,4.82514065,3.923446066,99.319062,82.98969931,1.899068,0
740,5.669839813,5.732402891,106.715225,71.68978177,2.064318,0
629,4.498698862,12.61107627,73.699469,80.81960866,10.897194,1
380,3.564297452,8.89314755,62.456649,91.11505094,14.945494,1
842,3.024014167,8.073837657,91.914114,75.1537997,9.816747,1
1562,4.2613255,7.524212219,166.981716,68.21398368,2.030934,0
725,2.622080267,3.969105394,83.301612,73.59309435,9.919226,1
675,3.176380538,7.76915485,104.486840,79.2025656,1.665067,0
678,5.150637332,6.188070488,79.831599,85.87111617,9.999817,1
787,3.737696382,5.832958609,112.940871,82.86132863,1.895269,0
722,3.184306928,17.02322404,108.910833,83.83529878,1.567188,0
786,5.631387731,6.311522001,81.928145,82.01268972,15.196265,1
925,5.021872044,3.923101088,120.220634,78.80100867,2.223389,0
630,3.175241904,8.259101633,72.619407,72.76150455,13.752101,1
1157,4.515704754,4.627772881,107.979123,82.76402459,11.124944,1
834,2.879011484,12.86920373,90.540652,75.95747704,15.846953,1
915,2.969479189,5.967934465,94.749113,82.90671298,13.177133,1
1165,4.191642136,4.410885117,140.958589,86.59783474,1.962234,0
891,2.372316746,4.372395714,119.514967,81.87966617,1.690918,0
448,1.989825217,4.281498054,62.489687,73.52143818,15.368238,1
576,2.455174353,8.679799535,75.189586,75.48203731,9.244025,1
825,4.230492508,11.8284718,113.202615,77.0445369,1.891077,0
503,2.659899293,12.88139158,69.262789,91.07283985,10.519250,1
696,4.44024547,4.252512391,81.824846,83.34809936,14.323759,1
751,2.96699544,7.895593442,79.529377,77.3279702,13.291412,1
653,4.345529943,6.160082896,79.538083,72.42792757,13.690864,1
1555,3.93431314,4.740352445,127.294314,71.88282159,14.632590,1
775,2.676973065,4.819205565,111.228802,85.82984324,2.096459,0
690,2.862088161,4.107741007,104.487824,78.56866812,1.619718,0
805,2.482970234,15.27769335,109.030421,79.60984457,1.959124,0
977,4.267590117,2.959593443,121.953637,78.76976504,2.238927,0
782,0.572775863,4.965583133,86.753818,86.59298913,10.139842,1
561,3.181774329,3.683978105,92.255452,67.31788661,1.910503,0
463,3.206768167,8.017838153,64.749662,67.09471605,10.507584,1
654,2.971438727,6.691829015,100.330360,90.05328308,1.979436,0
721,2.482220236,4.358824994,77.168767,76.73533537,13.232150,1
610,2.550123853,2.558877196,70.723104,69.00855868,11.329543,1
599,3.922223676,8.868823303,72.490678,89.41291685,14.127081,1
477,2.093974043,6.336165943,69.380035,80.31534758,10.875461,1
538,2.887143266,7.01601582,71.208147,78.82867775,14.252160,1
894,5.039302653,4.381845333,87.130488,76.81840979,13.080164,1
608,2.170173886,3.041482885,72.152305,83.6776679,9.349932,1
657,3.865303535,4.411796779,80.372838,81.37116357,13.144378,1
1289,5.455409854,4.621246589,115.077740,84.45895367,11.628497,1
1243,2.035078761,7.458685801,145.977597,87.23011336,2.155646,0
549,4.098808376,8.346208812,73.575556,82.99249805,8.393164,1
759,2.781180246,4.998522715,109.257556,76.84684378,1.941675,0
886,4.499685471,6.13165493,86.148863,77.50453182,14.263695,1
560,3.857081324,4.91699194,73.402633,84.46152909,8.543830,1
447,3.576150362,3.992159661,85.083070,78.40677714,1.812531,0
623,2.713975696,3.779507729,75.931726,74.58175449,10.385486,1
1131,3.910343638,6.51753982,101.537817,77.1201015,15.281634,1
1159,3.930186884,6.195973876,137.690785,80.34628307,2.333547,0
888,5.651999241,6.076274364,126.364241,89.13625722,1.948031,0
777,2.878184831,5.310217663,106.625050,90.10934981,1.745400,0
1855,2.664239016,5.39647153,152.276784,87.33864573,12.627694,1
896,2.513038432,5.797918621,94.060121,87.57606695,11.445153,1
660,4.415198331,5.630526647,80.947203,67.93465436,13.485044,1
653,3.171879186,5.959312443,80.206659,80.28062079,12.181740,1
695,2.833958443,5.677177548,79.262521,72.46381344,14.095482,1
452,2.413268146,2.9482673,66.558387,68.95949776,11.972308,1
463,4.904156607,3.436353774,65.237472,78.78113582,9.812952,1
896,1.985799999,5.53740515,118.629178,73.68870585,1.833490,0
1546,1.983165286,1.620443813,167.285908,82.5025086,2.555188,0
784,2.671718177,5.909397636,114.627940,87.74807081,1.806507,0
690,1.873063278,1.788290633,109.337636,76.29657911,1.914325,0
818,4.702952592,7.142085611,110.895951,71.83179965,1.933489,0
1079,4.593445977,10.9600986,139.159109,83.04297685,2.234459,0
823,1.999421323,7.475105341,118.592173,82.80534017,1.772837,0
868,3.820970696,4.291231408,115.660027,91.29166081,1.940600,0
695,0.369997051,3.957067252,106.015740,77.50348313,1.708849,0
1483,3.354776846,9.970183901,123.803361,79.7269877,15.510196,1
494,3.242060008,6.727587716,63.858449,84.57999226,10.345181,1
901,2.500751888,6.261984137,95.892993,75.79518571,15.317305,1
877,2.209699109,2.282618693,121.546770,79.94815119,1.685624,0
862,2.685323211,6.857393881,86.857333,80.22199652,12.614654,1
776,3.46177799,8.927626219,81.230437,80.14588794,8.617478,1
897,3.119184815,6.062457141,125.801282,79.12092961,2.084296,0
713,3.553567459,8.330483738,83.660323,82.48496796,8.158539,1
977,2.804026878,5.79477351,97.616237,77.99622321,11.898406,1
1082,4.655504173,8.057837481,141.046327,71.19195917,2.038696,0
612,3.321143558,7.226659709,72.131955,79.73084178,14.519494,1
618,2.197032488,7.519088888,101.523982,70.16603174,1.780252,0
489,3.719391341,6.194016927,65.841375,89.0111232,11.293645,1
828,3.299317902,9.515455728,90.178901,77.8612657,10.250009,1
1521,3.59982223,5.955080947,134.881985,79.28358554,9.197861,1
548,4.710964184,3.664564224,68.161322,76.61619075,9.875057,1
772,3.630924175,11.792247,81.877244,78.06377932,12.685866,1
1011,3.24168944,7.942845474,97.782191,77.14862134,13.195543,1
867,3.58978929,8.50883366,93.696418,76.53276761,15.590434,1
679,5.196938868,7.774482998,80.664098,81.80981925,15.221968,1
994,3.713030039,6.319465759,129.700298,70.55226737,1.774235,0
622,2.792481569,5.116614894,73.813020,85.93146013,8.435943,1
705,2.414841344,6.021840589,79.639597,86.57537079,11.902713,1
572,3.695789642,3.340985138,93.304005,77.08039065,1.946698,0
473,3.920051115,4.227916956,68.578775,76.80637321,10.268593,1
470,4.499034736,5.673547503,64.587419,67.07918161,10.863470,1
1107,2.676525457,8.088278732,137.062775,83.42437249,2.000133,0
754,4.365383174,3.651644596,84.353737,78.47773376,8.021189,1
563,4.375167795,3.051542595,72.843739,82.11704278,11.599322,1
1261,4.361026776,5.903919069,145.084473,76.24723288,2.066952,0
779,3.479504563,4.667486076,85.748991,72.87544025,10.972900,1
409,3.932652326,1.512916108,63.739412,81.3467327,11.321472,1
1002,2.530485734,4.744287271,126.744197,73.19715123,2.253394,0
676,1.762913431,8.097702587,80.454636,88.25745587,10.701894,1
610,3.279106253,7.912288777,77.784011,83.26239706,15.026697,1
594,4.096460663,7.067961864,73.555463,73.13345811,12.711870,1
1233,2.342361287,4.721082118,110.916234,79.32931535,8.485812,1
748,3.018675575,5.236237869,81.652148,78.92979022,15.133717,1
992,3.846927274,10.53671944,135.354877,69.60827142,1.730673,0
409,3.50126803,4.426921525,60.148175,87.53741545,12.062757,1
670,2.348450148,9.857015385,105.379565,87.70119086,2.010375,0
1011,4.573441518,11.46970353,98.145281,68.5780808,9.386994,1
1573,2.118134011,5.858065329,169.136865,77.64101872,2.199664,0
486,4.38045827,8.671514842,66.955011,78.47983344,12.177018,1
1212,2.978119716,7.287808604,104.727099,82.91381587,12.735664,1
938,2.858655096,7.774087114,123.955512,69.82007759,2.024089,0
1439,4.726436216,3.417592755,170.736453,77.5651674,2.413641,0
478,2.587726524,6.354571041,62.899663,72.74824647,12.607223,1
373,1.934721735,15.58308429,61.391178,68.81972257,13.635826,1
851,5.042649554,10.02958138,122.449294,89.17808003,1.641095,0
679,3.617364899,5.289237439,75.508534,67.7896913,10.264513,1
918,2.450119685,6.59660658,124.331929,71.99235271,1.983219,0
504,3.810666729,5.014195617,68.023292,75.92519367,11.955928,1
643,3.776330049,10.91945593,73.106834,84.55491193,15.283040,1
824,3.00834063,5.283749921,111.772034,86.44545345,2.181003,0
644,2.725935208,6.723525601,75.522724,66.54024879,10.296662,1
1417,4.131052048,5.327586277,128.555042,80.88690317,8.968566,1
388,1.853837764,3.081813145,60.937636,82.29044797,9.983243,1
613,4.702312041,8.451387583,74.402483,82.40641147,11.628894,1
554,5.023028502,7.100043286,69.551441,84.38153114,10.672132,1
1483,2.823974192,5.922352313,173.960240,72.24676273,2.025751,0
541,3.748771916,6.30106059,73.231604,80.89350668,12.129617,1
530,2.885222029,10.97858137,66.054767,73.14510192,12.052658,1
1260,3.394514429,7.081411259,156.561885,82.42150685,2.138022,0
1005,2.208498204,8.116433235,125.948610,88.58740594,1.917350,0
715,2.94770268,6.03853938,77.816295,75.93188022,9.133389,1
955,2.922861223,12.53408198,121.394187,76.71172623,2.166172,0
649,3.489845307,9.905419625,73.829142,67.50413496,9.664758,1
891,5.559743095,5.146131257,125.469881,84.57052324,1.947068,0
984,5.158188764,7.222813709,95.249731,84.56166357,9.486113,1
983,2.262431298,6.521835644,122.470932,85.32117413,2.237491,0
615,2.306080096,3.810398116,71.001333,78.01705928,10.914182,1
524,3.479533044,8.171632771,65.819401,66.53563772,13.582064,1
691,0.02980383,6.366643718,82.605239,70.20034038,13.140850,1
1255,2.181808067,4.596858874,115.896968,85.1875317,8.785229,1
524,3.700731742,10.93257438,69.739216,69.16524411,11.317782,1
1213,3.605817502,5.127718541,146.908394,76.33593507,1.984325,0
1530,2.242948241,4.266780416,166.564352,79.78894048,2.553877,0
778,1.984703018,5.425981978,106.981417,78.51129993,2.063448,0
1320,3.000583049,5.414400881,163.246634,84.72878255,2.229722,0
692,5.582967382,6.237782284,109.442540,80.74726376,2.069730,0
1232,2.019944759,6.066874831,144.681301,86.51803374,2.365398,0
564,4.506464093,7.504776098,74.353375,67.33581019,11.242450,1
642,4.174206267,18.6709784,77.936913,74.5939263,11.468123,1
770,3.99401346,2.753057349,116.042217,80.49338552,2.180407,0
576,4.464588772,5.109244308,93.524783,79.07216271,1.803759,0
1409,5.232303783,4.760199229,123.083268,79.34176483,12.007976,1
350,2.621163247,7.159934114,55.780719,70.46150653,14.881591,1
759,2.872575435,6.886894878,81.817578,89.85356063,11.595801,1
1085,2.224291013,5.450904189,104.193479,82.49033286,12.204784,1
1316,3.116635868,6.461735186,160.608358,74.83898737,2.227269,0
765,3.668062468,11.88168826,82.129831,76.66900511,15.467954,1
542,4.905237679,5.529897096,68.882354,82.20408891,15.571364,1
718,3.166065517,9.943091744,77.723663,73.05492854,14.066510,1
634,1.673427545,7.033303724,101.762964,78.58909607,1.992575,0
1453,2.95954404,7.468338633,128.745454,71.62293586,8.712040,1
488,2.717300815,6.220797187,65.179372,75.15795628,10.634706,1
530,3.195739533,5.897839616,68.383057,79.40369255,9.781796,1
945,4.776870802,11.46385568,131.707843,79.89839768,1.946585,0
493,3.962344322,6.33143795,64.927498,83.68395187,13.580434,1
887,2.0360095,12.61191367,121.967890,82.45954032,1.720023,0
397,5.065749518,5.454297254,59.316594,71.59074086,8.247235,1
493,2.702299141,6.413762742,67.849161,71.23402998,12.339228,1
696,2.951704649,5.303250516,102.918620,78.32455943,1.673625,0
918,2.710051877,7.917787263,96.214382,80.81892553,9.260910,1
551,3.70354998,12.13853925,71.763526,82.00859542,14.830986,1
558,4.443161459,5.610184593,70.388644,67.08213633,8.399802,1
616,2.799225422,4.36665414,72.632710,89.15228767,12.279500,1
658,3.256117724,7.59823366,76.535808,72.01868653,13.548655,1
379,2.312564344,8.355665287,59.370172,70.40229093,12.619097,1
688,1.909406948,5.671501619,82.429432,71.21008362,15.579532,1
870,2.249550268,4.321139908,120.125703,77.89988214,1.921871,0
1232,2.114822758,7.39222873,146.071311,79.79259254,2.210134,0
744,3.452690604,9.07200616,85.127093,68.16488348,9.305226,1
928,3.242758964,3.536545034,126.553003,81.86535575,1.739359,0
696,4.927499161,6.502544954,82.510165,80.02094105,13.874800,1
546,3.308029871,10.45588439,67.832091,82.24589713,15.413397,1
520,2.961745579,6.553146911,66.028275,79.64577667,13.271869,1
453,4.159076126,5.013127255,61.990695,64.64215158,9.285878,1
1035,3.887933218,8.796249151,96.466185,89.57823864,9.114297,1
1007,3.771152795,7.327709575,132.830240,70.13375257,1.771259,0
551,2.691733022,5.802492499,72.144711,69.33138623,15.156234,1
1226,3.14085111,4.990008959,143.600363,66.35578585,2.130483,0
910,2.865097074,4.411356525,125.104938,76.15350216,2.239323,0
753,1.038820239,6.422805156,86.405715,71.9208284,15.089020,1
1076,2.494089948,3.418824051,130.997776,80.79028801,1.841351,0
578,4.054710434,6.991008721,73.949214,67.12860275,12.189382,1
646,4.625554987,9.328066007,73.487228,75.55573053,15.765378,1
826,4.879704882,6.580275309,87.245835,86.46493519,10.423279,1
678,4.101594002,4.891355574,108.317879,66.71678573,2.015482,0
751,3.548282379,7.287400043,80.212330,80.62399314,10.122932,1
640,4.611244554,5.065814641,75.166045,71.71205775,13.224000,1
749,4.93007931,9.181588226,109.950713,79.48346669,2.028085,0
1003,3.15077892,10.33178642,100.433196,69.94245214,8.690002,1
452,3.981441045,5.63121775,63.866382,80.50374695,8.822749,1
689,5.020503352,6.147112115,77.414104,78.6972166,11.050099,1
624,3.422591231,5.553885649,103.391159,78.94886439,1.867408,0
1014,2.23626965,6.408731458,126.175383,87.08953244,1.842003,0
1047,4.530694113,6.644509051,101.945524,72.6282863,13.923444,1
417,4.350162683,5.714236329,65.467417,91.57009687,11.081577,1
796,5.402987168,11.26504923,82.853537,77.54319791,14.206217,1
648,2.165346449,6.011198926,74.749948,71.46816544,9.518407,1
556,2.293726588,10.10227882,90.604465,92.49571981,1.575285,0
548,2.285039409,5.536658515,72.629405,75.59951744,8.238059,1
635,3.211594736,5.354700594,100.931525,91.25978059,1.804605,0
668,3.883978285,10.75133515,75.315115,81.1464507,9.247431,1
902,2.01937503,5.84965182,124.613616,84.30910853,2.121659,0
735,2.522967499,1.792307183,80.191415,73.92290695,13.292748,1
470,3.247428434,3.588259115,62.724265,70.33038789,9.887282,1
402,2.205334487,5.487666556,63.603074,88.93513427,15.389752,1
582,3.335024029,5.854301554,98.282845,75.2981436,1.894735,0
372,1.829266635,6.021584883,62.471606,75.13648182,14.438184,1
633,2.323302382,4.94477356,77.460772,81.24426884,11.119285,1
843,2.440784782,6.3659421,88.187717,89.9549671,10.044290,1
706,2.514074842,3.617185575,107.876489,74.95742445,1.887449,0
750,2.799875311,7.631014562,84.105925,79.40488845,8.867902,1
1264,2.625855571,2.231241928,154.018701,72.34779552,1.867487,0
1667,3.630855209,4.266008532,132.544833,68.6085235,9.332544,1
569,2.681017459,7.633607685,73.873663,75.5320678,13.495247,1
995,2.189706018,7.963038141,93.357254,78.08898337,8.220266,1
844,2.928272513,8.691441127,113.104708,76.60769187,2.170234,0
979,3.953806579,14.73620497,93.776429,82.30786096,13.115971,1
625,5.618394192,6.188778205,71.702367,76.83206766,15.399073,1
1068,3.145591215,7.536734643,100.306708,80.69230729,10.553776,1
553,2.34694912,9.25134796,71.332044,76.89437376,8.656064,1
566,2.309044212,5.711440094,72.430278,80.01388298,8.828835,1
752,5.489483482,11.16258953,81.805926,68.34745779,13.564561,1
953,2.479606298,7.401891102,99.155834,79.31126109,8.030641,1
554,4.032825284,4.152598356,70.939723,82.34870606,15.551393,1
705,3.171883909,4.743914232,80.978002,75.94773112,10.358361,1
893,4.303452174,2.631012737,115.983194,75.92887837,1.902304,0
858,4.887527369,6.098887336,89.289503,77.62946748,8.770426,1
1289,4.774683699,4.686137812,109.912903,76.11574672,14.785396,1
521,3.298007087,6.014803288,72.128805,76.56066491,11.322600,1
799,2.449096111,5.291652866,86.008963,69.32294962,15.249204,1
620,4.801225628,5.621290471,71.603454,76.86652443,11.058875,1
1109,4.364793687,6.9576559,139.321847,82.46817807,2.278536,0
732,3.228021476,7.786047975,78.101713,64.92378138,11.158222,1
385,3.035209864,7.024723557,61.689439,71.70699164,9.821631,1
1127,3.49501207,7.925827448,104.281627,73.71939656,10.868465,1
1001,2.379043227,8.545446763,126.188065,83.86688078,2.206546,0
404,3.713587241,11.10170752,60.166242,85.1382239,11.905471,1
1036,5.336089737,10.11225488,97.827536,75.06725435,12.744617,1
671,2.047179056,6.062282019,77.068088,79.1044198,8.247309,1
560,2.042660093,5.01349931,94.114308,86.69194756,1.875477,0
459,3.320628897,5.190606593,64.757209,79.7513243,11.599413,1
1194,3.165353066,15.90736525,111.388913,75.72005357,15.136657,1
795,2.380337334,6.352857884,89.092525,75.48979836,9.727749,1
774,3.65911511,5.797937465,82.885765,75.51566843,8.249580,1
1222,3.629609352,2.680514113,111.131716,76.77153069,10.812086,1
875,2.51150601,4.832912249,91.372755,88.55144488,14.766358,1
1112,2.74625631,4.256802327,104.966640,85.61434844,9.242715,1
445,2.22947703,5.755960511,64.604579,78.06311933,14.851654,1
521,3.895943121,6.662639423,89.746850,75.03381905,1.602324,0
611,3.164028403,6.525689501,74.882288,79.09751412,11.627894,1
967,3.083355329,6.666707777,133.430685,77.65058341,2.255094,0
528,4.75810559,6.845099456,95.111732,76.40297877,1.927913,0
625,4.635030459,5.391762358,75.682062,73.7737441,14.417282,1
782,2.725019116,6.397499225,82.193762,71.09719828,12.617294,1
837,4.545785875,6.450615486,90.131355,75.12680688,13.429584,1
1155,3.056349841,5.371817234,104.435933,75.12590127,15.963522,1
636,4.249385432,7.235523522,98.621993,64.14440978,1.742890,0
690,3.078116112,7.222529866,79.501411,78.76631428,12.169768,1
1021,3.187050929,10.81887766,94.529492,82.48239619,14.909401,1
729,5.607484246,5.565780738,79.799801,83.10959215,9.751031,1
849,3.06708201,5.087229651,86.299884,78.1314144,10.241664,1
762,1.913540833,5.662346636,106.965941,80.05251176,2.050609,0
749,3.602570408,6.44458026,110.133505,74.56745389,1.824768,0
1238,3.328104945,3.496448404,154.130439,75.34647846,2.379633,0
423,2.96629279,6.824370838,60.831476,74.69922256,10.657095,1
801,2.267446496,6.792510286,84.432937,65.63540652,9.671782,1
812,2.084834566,4.547701716,84.638159,71.85553729,12.320195,1
679,3.503845342,10.67835028,103.339504,80.09592471,1.988344,0
923,1.765868577,5.016870007,94.588533,86.41402715,8.278005,1
839,2.721369438,15.65932035,114.460203,83.09731822,2.210478,0
884,4.47634055,0.552379309,124.043402,78.17679602,1.746706,0
733,3.142649433,7.615295581,83.951540,65.98822341,13.826712,1
1573,2.502631963,7.222857027,178.370002,70.34102791,2.063234,0
745,4.628481383,6.124467595,78.194493,70.82429349,13.968837,1
535,2.43561856,4.133808226,68.887997,70.85930406,15.324518,1
1045,2.582744283,7.473207964,104.651644,80.41773317,11.476567,1
771,1.816641563,12.07143759,110.036009,85.69463366,2.168200,0
817,1.94583485,5.314042806,87.383605,82.20509186,14.859391,1
733,3.637602008,3.690270298,103.781688,75.01169877,1.632786,0
1539,3.410239721,5.203083121,169.526282,70.25012679,2.205707,0
592,2.947006525,6.195448938,71.842505,87.6006423,8.605570,1
673,2.551830565,6.742669133,101.507439,78.92287772,1.892854,0
456,2.852376454,6.862452404,66.755314,64.8166192,9.233152,1
697,3.813757968,1.633776818,100.854321,86.72923729,2.021515,0
628,4.047114333,6.471460462,74.865549,84.14928714,9.193981,1
827,1.990309682,7.60162286,119.856906,76.50724458,2.024679,0
510,1.856356799,3.019684452,89.960608,82.96322242,1.989985,0
800,1.239046787,11.72778821,108.807222,68.44603299,2.198469,0
376,3.170598153,6.241885705,59.786287,80.80592162,8.899435,1
928,2.04262772,4.031457946,92.381344,72.23750917,13.927228,1
1363,3.676642434,4.376828199,120.144491,89.77546423,14.263274,1
1321,4.69016473,9.602057824,122.393702,80.29541024,9.380942,1
699,5.226812275,5.237820015,103.723389,75.06509891,2.047871,0
834,1.918167431,6.782092415,89.952609,86.71160211,12.620319,1
699,4.05052902,4.879317321,105.099920,70.64184936,1.629679,0
1171,2.573587279,2.901537118,139.211057,84.5193773,2.316188,0
1123,3.157005903,12.55097403,144.081401,81.35496676,2.296004,0
1434,4.614594747,5.68724661,117.606043,79.70406849,9.492323,1
772,2.210096653,4.448023339,114.165388,80.20605648,2.131014,0
1129,2.291964718,7.22413066,102.582690,77.30266038,8.698140,1
537,2.490573217,3.850437763,89.903991,81.94767045,1.653901,0
851,4.315322724,6.8838202,113.921640,79.62962835,2.168006,0
819,1.964465891,8.280937231,88.710867,68.0609734,8.830035,1
1229,2.242412742,7.270735882,153.485591,84.15668908,1.837139,0
866,3.470083701,3.91269452,123.385926,80.97396206,2.229664,0
864,4.551637498,5.341291326,86.679263,72.60694229,11.115725,1
715,2.200750675,5.796080525,109.444066,88.68026191,1.566441,0
464,3.135438944,12.24842822,67.340954,71.51384296,14.844332,1
1062,2.618582095,7.514907286,128.780949,87.4906191,1.887406,0
507,3.072538626,14.89365233,70.905201,86.3024284,12.477626,1
486,2.109286615,7.71045899,90.967364,80.21192404,1.801518,0
1341,4.62633279,6.188480205,151.886406,78.88448943,2.284373,0
890,3.280272452,4.780121415,87.254781,69.71297601,9.722637,1
548,4.27556187,6.032313384,69.189704,81.73331692,11.275359,1
1509,1.968105722,4.072130575,177.012456,82.99880474,2.460887,0
544,3.798073267,6.006927589,70.215154,74.99491561,8.904638,1
715,2.590158543,5.261121197,83.538851,76.29688631,14.848635,1
756,4.1724154,5.314295427,80.277894,84.48030946,9.451623,1
678,5.806316882,9.499288196,79.926354,85.05145467,15.163149,1
1586,4.375683415,8.210742396,136.446365,65.07079805,9.457043,1
1071,3.679589141,14.92976306,102.365901,71.92193376,11.193136,1
1557,2.526916578,6.017451869,136.127793,71.71573628,15.667259,1
656,2.557949222,9.365773567,74.158310,74.12603637,8.584148,1
972,2.740212143,5.468693449,130.416840,81.05338684,2.067984,0
1026,4.222343765,7.79102944,95.892778,82.98691769,14.678891,1
801,3.872777123,6.033545116,82.294934,81.77692765,10.968996,1
652,4.050205572,5.698820151,77.505960,69.49102077,8.661962,1
995,2.981005708,10.05644082,124.203724,86.73781248,2.038506,0
531,4.038967229,12.95225605,67.770605,72.01600506,12.344980,1
602,1.946548196,4.528127102,71.093578,85.60507693,10.572018,1
604,3.224156587,6.870205871,75.509727,66.59683285,12.282467,1
760,3.986415358,4.658431468,81.537838,74.54484462,8.446764,1
726,2.366277011,7.252718481,84.407719,73.80458742,10.303766,1
781,2.262383769,8.047641423,82.664956,66.52698341,15.417364,1
761,2.586904098,6.429009772,109.199370,78.98477862,1.596957,0
532,3.461161918,3.996230799,68.992970,77.58102686,10.300404,1
979,2.687820904,6.667786306,98.187524,84.92499928,11.181770,1
469,0.557950748,3.796934793,66.549601,84.34028626,8.446776,1
459,4.377456445,4.432131091,64.081281,66.38036175,15.358936,1
643,2.394383583,4.284258359,98.911213,78.8187034,1.729961,0
1283,3.662668421,8.050388104,114.526804,83.53855928,13.644871,1
874,2.701721577,1.762569052,119.903628,84.61420383,1.872553,0
443,2.827045687,8.07765298,63.002854,75.76387808,13.901843,1
1094,0.3403996,2.162893677,140.492584,79.50010506,1.817904,0
770,4.421013717,7.489076494,85.670321,67.80928918,13.128125,1
894,3.590043908,8.50727469,116.023986,85.59917927,2.127539,0
868,4.828818489,4.529304914,93.561057,86.91670489,15.651751,1
964,5.855496256,7.271608125,96.059155,83.72266734,9.511108,1
1038,4.810752159,6.677428204,102.501104,78.44708836,11.045860,1
586,4.115786053,7.71976771,71.181397,70.5827112,9.361236,1
739,3.381055744,6.725646297,81.622642,74.82607632,12.816732,1
1703,2.973447779,9.823549086,142.520603,72.90696811,11.806293,1
493,2.682183465,9.61451206,66.266359,75.87063347,13.629125,1
922,3.434614587,6.884069134,125.917669,78.0269863,1.746096,0
567,2.005400898,5.126508522,71.576333,87.35887597,12.411744,1
578,3.939704306,6.079533056,95.706271,85.13578594,1.857442,0
954,3.885941818,2.951932787,124.628785,76.3901718,1.809609,0
822,4.164170388,5.786910801,117.013775,80.59760953,2.023979,0
540,1.742383397,6.911794013,66.762393,75.66089353,13.850415,1
1413,4.920442494,6.980386718,126.355978,79.92755751,12.962520,1
736,5.510274367,0.676002947,113.200438,71.28609163,2.130782,0
549,4.135452408,5.672168923,89.710586,88.29892575,1.577912,0
615,3.829215083,1.28678917,72.007876,86.74351432,11.365589,1
493,2.896283001,10.19356798,65.074593,74.36157961,15.548281,1
950,2.106551071,7.202507821,119.978217,81.34409711,1.769596,0
421,2.311524171,7.743172745,61.730346,92.36638208,11.329335,1
880,2.538751682,3.955337464,116.035188,79.98981535,1.897853,0
979,2.046689435,3.381522582,130.697885,84.82614971,2.197759,0
1383,2.304902491,15.08401654,117.495678,69.8732401,11.643013,1
806,2.218110703,6.581784161,81.587860,80.95902181,9.715804,1
595,1.440847412,5.794000374,76.753804,71.46189521,8.463497,1
509,5.015579163,7.995649114,70.282403,66.11398473,14.269968,1
761,4.094088262,4.858504853,82.934932,81.35322666,15.442008,1
418,2.750964563,1.377305252,87.538594,86.26220752,1.943240,0
619,3.380581486,7.647953881,74.819280,82.10079968,11.643109,1
813,2.217467051,6.976107254,89.489173,81.6613328,10.030463,1
769,4.087159672,14.45867511,85.195645,82.8002575,14.446482,1
812,2.003692537,6.798785932,84.787132,87.09823781,14.253582,1
987,2.285065803,3.53499736,124.928379,78.85356612,1.782986,0
963,0.566150477,2.971870357,131.559989,69.70184727,2.083307,0
473,5.573796091,6.906827252,66.491859,68.79263632,15.574103,1
531,3.749705374,6.846375195,66.744062,88.87911467,13.243830,1
656,5.900295637,8.307274466,74.838838,82.06000367,10.817267,1
657,4.699996318,5.293913568,99.886087,77.04407484,1.558803,0
675,4.720646016,6.873072941,79.937188,72.39060136,15.183100,1
773,1.833132358,3.658382463,86.910764,69.50608726,12.029300,1
1093,3.228504929,8.743845331,132.775189,78.66134966,2.161688,0
585,1.739313089,4.59634227,100.987924,87.79701839,1.798419,0
723,2.968042315,4.624310632,77.911803,79.87785161,8.586332,1
1173,3.74698226,7.109040879,107.732000,79.57746133,12.068285,1
1126,4.090414242,2.580531686,140.319087,85.12357823,1.820155,0
1257,3.032970526,4.486794025,115.701666,79.37410496,9.904985,1
1067,1.890055343,1.752435512,130.023897,76.71505071,2.211866,0
583,2.5484341,8.346047601,69.968023,84.12164878,8.720150,1
380,3.633900619,5.413048029,61.528459,75.03936574,12.148000,1
530,2.553988287,6.799024441,65.852403,74.15520539,11.688809,1
674,4.589315702,10.50996804,104.109223,68.97405926,1.550199,0
631,3.182612614,3.824429285,78.949831,75.71723071,11.893281,1
1069,5.966743135,6.120488942,100.037270,75.73275197,13.592925,1
806,3.441862765,7.235226004,83.925501,85.2116722,15.185028,1
631,2.293372132,10.2878489,102.595725,77.35850253,2.074250,0
673,2.526507994,7.441902516,104.776215,68.92468526,1.558140,0
490,3.105967062,5.483151054,86.733240,78.35177816,2.015859,0
713,3.688731998,6.863706261,104.245383,78.21247043,1.892876,0
484,2.710633513,5.135924961,69.285697,81.2453136,13.270165,1
1038,5.436102893,10.95927706,98.445806,76.66664319,12.948326,1
1529,4.007055646,6.209035443,170.449873,89.31068668,2.407920,0
611,3.84085537,1.091120825,77.379866,65.31084182,8.873935,1
429,3.41714307,5.676896164,88.033290,77.98804386,1.722951,0
593,2.474396104,7.46461388,76.243204,83.0082025,14.605887,1
946,4.334792716,8.462216011,96.949880,82.75862518,12.411128,1
760,2.344402042,7.098242913,81.319594,81.07558133,13.304266,1
664,4.812661613,5.354230609,106.577439,79.34871611,2.013928,0
715,2.556051105,6.822439963,102.036386,82.96261784,1.837921,0
529,1.933890442,5.353606296,69.046248,72.69931292,12.143002,1
862,2.765477133,7.180198493,88.301332,91.35422726,8.231588,1
801,3.279092248,5.799760938,109.460731,72.97586426,2.164969,0
641,2.791669762,5.429521273,98.668343,84.35256468,1.667979,0
1023,2.75740685,4.436939844,128.653506,78.12552951,2.204369,0
646,3.717578039,6.404404135,77.897343,77.20636224,10.234596,1
598,3.306079805,11.8859021,75.991069,69.1510664,13.544025,1
918,5.260520077,4.330070679,127.361345,76.70190092,2.036793,0
576,1.86474901,9.340315842,71.275219,72.01061407,10.873869,1
645,3.492918502,4.56503938,75.299236,88.59847689,15.025674,1
1103,2.452799607,5.754249447,135.331103,82.0305339,2.246624,0
946,3.410976806,4.754553086,93.644547,70.61896627,9.115407,1
416,3.47183588,4.406753068,65.095507,77.20810555,11.679474,1
679,2.941300447,7.880442478,76.419616,86.30884451,10.879545,1
1279,2.002774228,6.769641815,145.570451,84.42671939,2.434149,0
528,2.539986937,5.839284491,71.298129,83.83260721,9.051603,1
453,2.548895472,2.371286053,63.002022,82.57288491,13.957945,1
975,2.150511436,11.41427799,131.842035,76.29115446,1.908981,0
828,3.196464179,8.561186535,90.249443,75.12607549,10.208830,1
594,3.016445374,4.344494499,73.889259,82.46602937,15.336915,1
784,3.283901655,8.185897983,85.893967,68.66251643,12.355259,1
739,0.996100954,6.566933381,105.742060,68.85158708,1.924088,0
969,3.266548161,6.003004845,129.139328,82.86544341,1.998839,0
364,2.054196639,12.44109009,59.475273,83.72388687,8.920188,1
504,4.07218919,4.886931218,88.215245,81.6997161,1.496258,0
930,2.426646258,8.144430911,90.022090,80.43750759,10.738646,1
730,2.901980341,14.64962201,83.607934,75.34635193,13.971627,1
688,2.959549066,5.228888441,76.228567,74.09677084,13.486155,1
1013,2.380090565,5.873750458,99.327989,78.79280594,14.917811,1
663,3.400009565,5.44995519,77.249062,78.71224985,14.361440,1
1377,3.301361776,11.54960246,119.977962,71.99181911,14.126712,1
825,3.04193235,3.959586993,113.088064,78.88213589,2.088758,0
606,4.211201344,5.892132433,74.322050,70.94112949,15.700959,1
796,3.701676186,7.087639454,117.199416,77.56508141,2.032480,0
794,2.341215231,12.4263972,83.124922,78.72310982,12.369622,1
753,3.220745474,6.938979276,110.043166,82.29550595,2.024458,0
952,2.435950077,4.203035258,129.943765,88.43497472,1.853837,0
1110,3.033289594,5.608284349,106.022816,78.78609943,14.488272,1
894,3.275200573,4.87780835,123.002731,89.19198505,1.803915,0
553,2.043580155,5.04796544,71.576020,78.58027175,14.694445,1
755,2.677096269,0.198997685,83.306897,70.95442573,14.963015,1
592,2.258274216,4.432368842,72.623640,87.29507736,11.680318,1
544,3.573358565,4.029156016,73.528985,66.89852737,13.406207,1
432,4.683412833,6.713261007,60.375282,83.5992239,12.864422,1
629,0.723874081,6.467710666,72.231774,75.7672727,12.576321,1
723,2.937291339,8.667018308,81.061898,79.55552224,14.642293,1
641,3.227160205,6.331445718,73.907440,69.3580191,9.302811,1
679,3.618147415,7.132183673,103.734496,76.35784803,1.728511,0
730,1.854605238,7.957275075,112.578539,80.73435075,1.605189,0
739,4.426026413,7.660817497,83.997511,79.5652306,9.998381,1
675,3.912920748,7.407750965,77.543912,78.62822163,11.190288,1
786,2.606635779,8.734466938,113.510581,85.71221666,2.151825,0
468,2.625445389,4.418414607,91.090345,82.80237956,1.603333,0
529,5.22272633,9.278491883,68.094004,74.15109425,8.251733,1
1585,3.820128393,8.935389477,173.932632,73.80651029,2.313581,0
628,2.797841464,5.295980094,75.942017,83.44774008,14.965208,1
543,2.633525414,5.923904235,93.537452,72.71290878,1.993415,0
765,5.078868833,7.017749506,87.536895,68.27341024,15.610290,1
583,3.397936191,6.146661107,75.140863,70.61435969,14.903992,1
654,4.771925166,7.04839551,105.533605,78.27617092,1.828590,0
1031,5.020083417,7.218094747,127.160741,85.5711128,1.929930,0
1007,3.916647224,3.888042259,128.411118,68.55822257,1.894449,0
744,5.890013925,5.854030131,84.214558,77.16713982,9.037527,1
583,2.637161276,4.159916796,95.786164,71.76697032,2.059684,0
881,5.258054834,7.087961341,126.444073,85.4676875,1.951363,0
1059,3.244239423,6.349272953,132.301036,86.73328951,2.223251,0
892,2.918973618,7.322537773,92.873164,70.84672602,15.617965,1
724,4.585951825,9.081519126,77.526423,74.94856506,9.431776,1
760,3.628139512,3.795526365,110.276300,81.32915251,1.711366,0
1192,2.423820708,8.257578743,139.252665,91.97345709,1.827374,0
1088,3.414222578,6.444251194,101.372946,88.52332903,8.189584,1
1246,1.898586842,6.231770636,147.120787,81.78380891,2.089186,0
898,2.960838327,6.211541487,127.781936,75.1928998,2.180302,0
620,3.129052524,3.057063494,76.325624,85.26059621,9.900933,1
583,4.739922402,6.029321033,70.549695,89.78646615,11.673042,1
654,4.626674252,8.814263177,79.598103,76.4862333,12.715105,1
940,2.188214784,4.168115672,127.332208,71.48483104,1.994584,0
566,2.884727486,13.88862986,72.582742,76.26156097,8.695285,1
931,2.545411888,10.11704169,89.329992,79.84666949,8.864153,1
914,2.007211123,7.734567094,126.912789,77.93718997,1.957257,0
1024,3.840733999,3.454864768,131.972933,84.57800206,2.135450,0
672,2.497401613,8.856876543,80.010128,86.94751175,14.591213,1
436,4.254678789,7.43832958,61.306290,82.39599504,12.970609,1
1108,3.420267039,4.788703654,137.897782,76.22868705,2.262189,0
448,3.99352526,10.88291207,61.836913,66.4143573,11.515592,1
521,2.884328619,10.4875367,65.833263,82.05082109,14.588082,1
414,0.762600034,16.3498671,61.683019,82.85149097,15.327697,1
633,4.99797005,5.827522983,71.939998,73.27514046,13.653821,1
1062,3.143993054,13.63393162,100.010905,78.14730528,10.253394,1
983,4.366030531,9.907493059,96.528995,78.69441001,13.524011,1
692,2.550574553,6.083662742,76.088896,79.15143245,10.620155,1
893,4.168990557,4.997315674,121.913053,82.72105406,2.212839,0
448,2.364717216,6.676509799,63.260688,69.07712321,10.958459,1
701,2.383429603,6.876647881,80.016280,79.60026095,14.191269,1
733,2.610313861,7.109651773,80.613518,80.05290565,8.195704,1
554,4.275605633,5.459291135,69.046803,81.22732353,8.131782,1
711,2.7192727,9.227733011,105.309005,71.48981356,1.703107,0
751,3.775300755,5.150585032,113.924068,79.29427796,1.608494,0
1650,3.764192922,4.053842154,140.873639,84.99510178,8.981079,1
750,2.686931566,5.090279553,112.755399,85.3011919,1.577417,0
446,2.265993392,6.328131264,65.559158,79.48316291,7.940658,1
958,3.0146019,7.911066192,91.853811,86.56493669,8.799461,1
652,2.470623222,6.687443077,76.877100,76.42506398,8.051565,1
807,3.215739409,6.006900119,114.701885,70.83833374,2.050535,0
1273,5.568690205,7.398678967,151.080944,76.47163308,2.054829,0
888,2.2071111,3.929817902,124.762279,88.65148959,1.670957,0
804,3.221900908,4.972636357,83.675084,65.55966559,13.801655,1
648,1.945863615,7.264547014,76.181352,85.19961822,9.451958,1
932,2.473811771,11.01973883,120.316813,75.26275401,1.894300,0
613,2.292805083,6.897012424,74.350515,80.30415615,12.159114,1
762,1.723628121,11.553605,108.991247,83.52186534,2.030183,0
448,2.876330635,4.757737429,62.916401,77.57910034,11.705699,1
1505,3.2954042,8.808165264,128.232293,85.41367886,16.232826,1
1154,3.311558683,6.025894818,141.723005,80.89224141,2.170606,0
726,4.277434099,5.393485465,78.648730,76.41964522,12.081226,1
707,3.991636264,2.454796708,79.364389,68.27410263,14.532563,1
1455,2.798721368,6.804132015,128.759236,84.45739832,14.369524,1
864,2.713812541,6.026919343,114.879507,79.2737455,2.162559,0
442,2.133638141,0.314028302,66.844294,83.67252996,13.950223,1
657,1.954069525,5.188466082,73.654741,76.18003545,14.955595,1
626,4.531679331,7.409872833,98.280340,82.22789079,1.782574,0
1331,2.310082322,6.926832174,162.679396,83.25931245,2.366605,0
716,2.827727614,5.604928416,82.562147,91.86024183,9.381995,1
470,4.284806529,7.254888398,68.246489,71.37365648,14.303274,1
628,2.50224204,13.76926041,73.813434,72.59569966,12.107519,1
713,2.903776106,10.36359997,76.662323,76.85342625,7.991511,1
1358,2.703054553,4.519143426,159.427453,79.33068664,2.055192,0
1221,2.458925893,5.534158874,149.947637,84.93967806,1.811345,0
1204,2.161743425,6.60963629,104.946841,67.40648444,15.432743,1
1061,3.128954876,7.045857062,129.395842,79.58413186,1.871128,0
986,5.153917309,4.410346271,97.412057,70.03115938,8.982499,1
841,5.272142055,2.977790631,118.416356,81.14177553,1.920305,0
404,3.739321233,4.547393071,61.860888,83.23181745,11.153367,1
708,2.837262865,14.88549806,78.178564,71.79936282,15.289874,1
1006,3.609605462,13.26489944,93.206899,75.21197867,8.206564,1
633,3.271553447,4.541113318,74.865682,68.34558149,12.957787,1
980,2.951625571,7.964782315,100.641257,69.87422762,8.626557,1
773,2.950775102,4.464956613,83.085402,70.65961696,9.084224,1
468,4.918316114,4.747907755,68.631103,72.51422884,9.402789,1
778,3.850831088,5.220785139,88.158545,71.84358038,8.271465,1
724,3.930945346,5.778866536,80.025402,75.42397168,8.297475,1
737,4.009886712,12.3160808,81.468759,75.74348457,8.237901,1
699,2.920489982,6.259866945,109.819742,88.93178679,1.983547,0
653,2.510447176,6.248394419,100.800438,76.68077153,1.695083,0
583,5.185894851,6.397637594,74.264453,69.79562849,13.804853,1
779,2.950209523,9.412265387,87.611584,71.71544676,10.896066,1
556,3.023440636,5.962199356,67.486941,85.86681427,15.649647,1
989,3.749640757,3.354804547,133.408193,71.69462513,2.093017,0
419,2.515130325,4.702305887,64.907372,81.58262354,14.237250,1
976,4.617228237,7.894259069,91.640084,89.74285458,12.402342,1
599,4.201220707,6.293175238,76.999838,84.50833778,9.969734,1
526,3.505262174,4.246991077,93.365891,84.36162971,1.574769,0
677,4.683190117,3.801646039,108.223257,73.55139554,1.726359,0
743,2.186345174,4.72962594,114.569104,78.52780114,1.659454,0
731,2.573217099,8.299950871,78.183244,77.54409791,9.583980,1
776,3.321105289,5.674595728,82.033223,72.76329725,13.482951,1
1142,3.413186967,4.413021017,135.144856,71.39720447,2.242741,0
687,3.403687169,7.055051531,81.304808,78.80567817,10.541110,1
916,3.946637366,4.295144645,90.036280,69.8253586,9.293757,1
667,2.5602269,7.295842637,98.871102,76.42846729,1.841105,0
1199,2.790717121,16.39334711,142.172324,75.14181614,1.931464,0
978,3.177879562,4.615674252,130.767043,78.12398707,2.237257,0
773,2.094782654,4.682689148,115.300315,67.17844359,1.757166,0
1306,4.780673354,8.903465927,119.879457,83.38557061,8.640804,1
625,3.482803676,10.75850404,104.646718,81.31116988,1.835297,0
1140,3.238056749,13.55889864,103.096961,77.48515515,14.670160,1
763,5.392665237,7.722545905,86.967513,78.83454195,15.588111,1
761,2.343649724,10.86727921,82.095041,80.80792585,15.820906,1
972,3.731897487,6.820286282,121.838616,77.03034277,2.227655,0
811,2.074121065,4.829459316,115.217631,84.72038185,1.837594,0
606,0.012157152,6.928875427,72.314832,67.59913263,13.128700,1
787,2.914263741,4.482985383,116.679668,78.7440411,2.121459,0
1205,1.973464122,5.141576904,147.058298,82.6299978,1.829591,0
1139,3.07367173,4.438266527,101.776759,75.62283033,15.803138,1
682,5.147047361,7.397697526,106.250514,88.21152978,1.890501,0
1258,2.959647655,4.557222071,108.063468,70.47834215,8.143603,1
1251,4.595257186,4.788091425,150.177379,89.03258504,2.324751,0
751,2.913376516,7.772217241,83.966422,81.57184479,10.361772,1
497,3.178284576,7.564117713,87.171331,72.70388695,1.638078,0
487,2.131461295,3.874247209,66.383811,93.57590276,12.060071,1
818,2.491115264,2.973450517,82.698391,80.29253106,13.842059,1
853,2.639075219,4.72079549,118.477073,75.46083863,2.008430,0
917,2.775363361,16.56563476,93.789648,81.85261387,8.633437,1
647,4.072987657,9.677462254,75.664974,77.77509362,15.444747,1
767,1.963516858,3.928598238,114.500061,80.46783106,1.921827,0
1427,2.255095858,7.184380294,169.911789,70.74851497,2.507315,0
624,4.887483778,6.387554735,74.515596,66.90592932,12.675839,1
1079,2.382161116,7.392195873,100.682642,76.30216284,14.463545,1
868,3.617018252,6.698699896,89.009183,74.70599047,12.139384,1
1236,2.823250613,6.481798185,145.137218,70.57151345,2.253633,0
665,2.935926428,6.564819252,80.631801,67.34706573,9.141126,1
1139,4.210597518,6.955827229,135.587579,71.84023065,1.979696,0
1434,3.582734614,5.357107965,168.860816,84.49216425,2.372152,0
718,3.888638288,6.586809967,83.581839,75.08671729,9.456476,1
869,5.287879734,8.232164246,118.457455,72.90687778,1.768157,0
717,3.425691258,4.028493687,78.056729,82.0775328,8.247691,1
667,2.329041633,8.208658273,78.469328,81.14188606,8.883646,1
488,4.240642385,8.059479579,66.898171,75.59812902,8.759404,1
421,2.576688827,4.648492257,60.685384,71.8350944,10.431784,1
400,3.717109487,4.124321566,60.582488,80.10387695,8.618211,1
709,2.806818482,5.991776262,81.397128,82.92638886,14.362076,1
505,4.29602848,6.603779859,70.843168,85.77671551,12.009129,1
559,4.070467971,7.019138882,73.038106,74.855892,9.401343,1
883,2.943956192,8.174336219,86.275102,71.53373093,15.776467,1
676,5.154383951,4.014879862,76.528952,68.77949551,13.294965,1
815,4.634729383,6.926150236,87.263830,82.26137293,11.315593,1
903,3.964170751,4.826815675,126.583216,82.95472662,1.989326,0
661,5.265688403,6.005438203,75.798178,76.61592171,8.231082,1
686,2.185153961,5.748858865,79.392492,87.43288648,10.404574,1
599,3.740668744,4.858290305,75.124283,79.4312281,9.338085,1
829,3.422599762,6.108972885,121.011396,74.93880147,2.082939,0
1612,4.490629052,8.326646338,133.399041,88.50510976,12.607093,1
584,2.040336536,8.195928083,72.361513,78.71012369,14.346374,1
735,2.559394986,8.429072538,78.619435,87.80374534,11.844707,1
897,3.588934748,8.259433471,91.865142,73.5469225,13.222650,1
811,3.966318376,13.56409707,113.961287,84.7200783,2.004153,0
799,3.814036841,7.332109958,88.041740,77.29348691,12.162508,1
1105,4.231219145,4.589737806,103.735704,74.06992306,10.565481,1
382,3.56273632,8.723508911,60.362706,67.42636961,14.530596,1
577,4.13847171,7.205371118,98.123203,88.34008927,1.929227,0
1445,4.589751322,3.72406755,163.607068,75.13832248,2.375086,0
900,3.041490414,5.13260352,126.101408,72.04348799,2.152912,0
920,2.955972873,6.630349597,127.545594,76.83511833,2.228078,0
579,4.50759446,10.26737618,70.010826,77.69321377,8.148473,1
908,4.432952469,6.112680964,122.922554,81.01742508,2.127253,0
704,2.448940689,4.011016736,77.028262,67.95304028,9.294188,1
821,4.034592104,4.622534249,82.518055,80.0936358,9.041890,1
892,4.817162502,3.909599743,92.079966,78.5330332,15.933847,1
902,2.743747328,5.113640046,123.209287,74.19926023,2.107815,0
878,4.341413175,6.851070679,89.384085,75.43853319,10.708862,1
673,3.700322036,3.86228847,74.516235,83.64455635,8.849465,1
950,3.87733488,1.361820276,132.299268,78.08841148,1.675735,0
451,2.934737869,9.825357385,83.084249,81.67000871,1.700762,0
1014,2.812114765,3.96659466,129.754653,83.52553237,2.118111,0
769,3.517000043,5.784346899,116.802803,77.61914336,2.073319,0
407,2.193841552,4.593862951,64.041650,86.76901828,8.549929,1
517,2.322203443,9.620173186,67.595919,72.32488269,10.803049,1
672,2.34618412,5.437102153,104.523451,87.04308341,1.698626,0
854,3.440655249,4.747437772,122.121097,82.82314367,1.764913,0
526,2.506502273,11.48207922,71.063344,75.0407076,12.421934,1
1007,2.985704682,4.77585741,99.720709,82.08852547,9.653185,1
827,4.106609646,9.905550645,118.108618,83.65117529,1.712377,0
836,3.120605271,6.791641049,86.356723,88.93405249,15.293424,1
776,4.677278115,1.908663768,87.876379,82.99867653,13.824702,1
377,4.866600286,10.71552977,58.112217,82.26897071,8.410011,1
794,3.233649267,4.703620407,86.016931,68.72931353,13.200062,1
1081,2.550060446,6.102942432,139.697443,75.07762532,2.084588,0
861,2.431707422,11.11985991,114.203963,76.64939628,2.028455,0
591,2.615363426,4.986683788,76.056347,69.55638147,12.183960,1
936,3.066862485,6.491765277,91.025803,81.89015105,13.029445,1
567,4.285839012,5.67132669,91.903360,71.37205288,1.889690,0
483,2.592095889,4.814609833,64.544361,72.85147931,11.858936,1
643,3.889431588,6.878073448,78.525913,75.96079479,11.559123,1
410,3.579736298,6.12280929,63.304606,72.01365912,15.309940,1
698,3.476879104,7.991031607,80.077027,77.06859828,14.502242,1
623,3.648296019,5.375757307,71.313347,86.9761769,9.098539,1
746,4.061424344,5.883969755,79.517242,77.42063497,12.878271,1
458,2.745912163,7.970594467,67.735942,72.283263,13.526516,1
471,4.221759544,2.723931855,68.916960,80.28080714,13.774478,1
824,2.00515624,3.842437365,116.261834,79.7085922,1.869889,0
539,3.014650279,5.214387405,72.904082,75.65521217,13.972081,1
866,4.437971772,5.395554162,85.818046,75.39394615,13.893287,1
1240,2.111391601,4.638325436,109.621374,76.12801308,8.439397,1
699,4.369701173,7.332602592,107.183601,87.11526083,1.599393,0
897,2.318026565,7.473438052,92.981336,83.01433862,8.024754,1
650,2.942455061,5.402121384,79.340354,83.68650653,13.591070,1
1245,2.030880233,4.968979683,109.598073,83.87822946,10.633101,1
766,2.686738821,8.367201804,86.199818,71.61800609,8.229963,1
746,2.325497787,7.155848388,79.218118,75.70532739,10.393511,1
1299,5.66066882,14.70444288,159.281736,68.64483412,2.196100,0
943,2.423151179,6.509660036,92.884502,74.92942559,13.909155,1
716,4.703737846,5.890510148,79.808290,72.82275186,8.964049,1
1292,3.230724662,3.240460201,153.481936,74.34146439,2.050419,0
1101,2.795912056,5.965046005,138.807287,89.50945977,1.773318,0
937,4.103069895,6.413015856,91.898393,80.18174576,8.099021,1
338,3.985187506,5.056964211,56.329355,84.21774955,15.490127,1
865,4.42329884,6.472040634,123.554189,74.88412877,2.171265,0
878,4.774250475,6.086959095,114.586667,78.44327432,1.645295,0
517,5.492351187,4.887902233,70.845476,77.49571886,9.784647,1
561,4.805260496,5.573357442,71.669891,75.46787502,15.081510,1
605,4.711969905,6.2284919,73.005526,75.80550956,14.637146,1
706,2.110747331,4.538697806,111.255658,87.69580885,1.888038,0
1297,2.807511957,5.653088999,151.778745,73.45075608,2.080199,0
853,2.157795325,2.107162428,85.949490,88.03722376,9.663756,1
1192,5.384548236,4.031249713,112.877135,84.7454605,15.798760,1
1462,2.460920614,6.562974267,165.349212,83.73643546,2.258845,0
708,3.794818451,6.667677679,107.162540,72.53621642,1.625399,0
577,2.294652217,7.510699845,73.410546,78.44713388,10.607016,1
534,5.922045388,18.04468571,69.815291,74.73437228,7.884217,1
950,4.5889919,6.729097355,126.583692,82.41921423,1.720076,0
1099,3.700856235,4.856877845,139.468322,70.88014196,2.184022,0
1621,2.317585196,5.145733831,185.528309,83.11385365,2.332122,0
793,3.514322564,7.138490931,86.942236,77.99060189,13.715090,1
774,3.026612266,6.000629759,84.310796,82.93215157,13.592095,1
737,4.621479399,5.908824889,85.579328,70.89634298,14.463348,1
794,2.329333198,6.148371227,114.956443,86.05969643,1.970233,0
900,3.178634126,3.152402808,118.759878,74.14681872,1.714889,0
636,3.485924216,6.841103532,77.257200,76.30931398,13.821526,1
1168,3.151059835,4.677185428,146.093881,84.38801795,1.830773,0
574,4.122944138,8.353271867,73.193604,76.61624574,15.567171,1
1351,2.742637511,4.346467375,158.554225,86.22981445,2.082058,0
1000,2.475173527,6.989254602,124.868689,88.31872955,1.943980,0
1355,3.666095918,8.399981708,164.769912,72.48134706,2.111352,0
725,3.114016969,9.143844039,78.822613,79.52497861,8.209121,1
795,2.797760015,4.934215437,88.320594,77.52107006,12.625385,1
489,2.667227309,7.132621744,68.592896,71.64076854,11.066629,1
1043,4.532169692,5.603232674,96.610215,89.82863572,14.797855,1
744,3.2076234,6.961286006,79.357309,75.15029707,8.031697,1
815,3.07446079,7.351783376,83.064597,66.46008196,8.613662,1
847,4.908952982,7.496315444,83.997343,81.93264156,10.358042,1
1378,2.80844805,6.069563914,156.969755,70.4464103,1.948440,0
926,2.856511447,13.12484103,92.049749,67.60640328,8.152888,1
554,2.153890012,3.371146971,72.525483,82.50144504,9.921542,1
741,2.349598782,3.554936881,104.654110,89.75200939,1.675248,0
977,4.102263381,3.693198934,128.144723,89.70484272,1.787154,0
962,3.37614222,4.389011304,94.046618,73.14461433,12.869553,1
997,4.644626094,2.495695063,95.394263,71.45451683,8.502575,1
572,1.961703231,7.13468994,71.694454,81.04914371,11.679322,1
869,2.209019269,6.470696612,93.640230,69.97401759,15.270038,1
614,2.603057963,12.32116169,75.683051,88.30691068,11.311598,1
936,2.737180806,5.73701811,127.514988,77.74486007,1.838322,0
522,4.025598449,1.192783257,68.403260,73.34693521,12.977340,1
902,2.660403141,6.394065132,91.579502,69.97152353,15.535436,1
487,4.649650588,5.290202528,68.910909,71.84423686,10.661222,1
740,3.703228885,5.045585137,80.582705,78.39751867,11.487297,1
635,3.409346362,5.542650304,76.928198,80.28249758,8.053032,1
692,3.33956887,1.706435454,106.273984,68.02822348,1.763520,0
759,3.236847837,6.711372315,112.012364,78.0483693,2.052459,0
1164,4.97542105,6.153971429,142.658875,72.66607484,2.083258,0
622,1.976496902,5.075257766,104.564893,81.98052249,1.711473,0
706,3.942880217,16.74778839,104.798238,74.91300041,1.928685,0
934,4.440779967,12.60632405,92.684797,73.45245226,8.042174,1
712,1.757263053,5.591962608,104.336183,81.96587514,1.597782,0
659,3.129533562,3.961213245,102.596952,75.76059821,1.565641,0
489,4.015674293,7.325900916,67.697992,70.01327957,10.514595,1
441,3.897072518,7.051596966,65.176852,79.35421986,10.677327,1
608,5.556469501,6.092478029,71.150721,64.70351055,15.447474,1
1072,5.564738257,9.235048375,106.149022,72.63630714,12.261995,1
745,4.104788581,4.946475064,78.111604,89.75559365,11.051111,1
606,2.437087421,6.074521013,98.581570,74.13909414,1.628933,0
952,2.816020438,11.46458696,96.018040,72.94507367,12.900362,1
637,4.77825529,5.32746577,76.655701,88.39780338,9.717433,1
1300,4.128023349,14.9511731,111.898117,76.09131109,9.255516,1
834,3.82098838,2.163521975,83.949085,80.83821692,14.774263,1
1376,2.010492786,1.735669659,158.252666,84.07815054,2.352113,0
892,4.522354124,9.248958147,122.373288,82.42350659,2.040186,0
679,4.012130023,6.067787939,101.957100,82.37991774,1.554149,0
582,3.108248606,5.409023772,99.822357,89.08291403,1.829461,0
658,4.812298723,7.334374281,74.413320,87.17550715,8.986612,1
569,1.97336927,7.309184375,96.296180,85.84880709,1.541472,0
891,4.106932977,6.144850266,87.693502,73.39957366,13.089366,1
1163,3.563582201,4.430761202,142.840713,82.95553459,2.194239,0
543,4.96197317,12.60002407,72.665658,74.40073049,11.084572,1
814,3.159342477,5.551390389,114.325959,85.68445037,2.018468,0
1448,2.047082039,6.009890902,161.599127,86.50183496,2.229505,0
793,3.193188905,4.172798149,118.774187,81.75158641,1.803117,0
929,2.11448521,1.440258463,122.680184,86.66479735,2.065867,0
845,5.149037765,6.696632646,86.392632,71.34808239,8.691237,1
1159,3.964071701,4.237159323,136.743373,78.74878554,2.253404,0
464,3.635202252,5.953569255,65.042083,83.17728278,13.531624,1
603,3.961661298,4.789571666,71.721370,79.12642552,8.655999,1
739,4.866686157,5.400781047,85.179392,76.55825586,11.576115,1
730,3.200645361,8.042462302,83.341857,82.74628926,13.071080,1
678,2.387830361,10.82183294,76.657340,78.90407027,10.090778,1
830,4.377552217,3.256600112,89.825309,79.51875505,15.262368,1
679,3.784725052,4.74263532,76.496099,87.11946791,10.628294,1
471,2.33478944,7.620856426,65.841542,76.30147353,12.332720,1
634,1.375960944,7.920974488,99.521340,71.26033742,1.544239,0
485,4.88378309,7.454613353,66.881411,66.54264017,13.361868,1
529,3.50066113,5.539921996,90.578750,92.55901792,1.807730,0
644,3.615298729,18.09114668,75.095801,65.7455021,14.920039,1
737,2.230102536,5.284332196,111.748834,69.07499218,2.146987,0
1032,4.717807644,6.919979222,97.925930,73.3883372,11.819727,1
616,5.430131629,8.025171769,72.047473,71.92163975,9.006683,1
779,3.552972754,9.681559863,117.899672,87.22627043,2.123574,0
559,4.08485155,11.17381534,68.005523,74.67283376,13.197456,1
736,3.063921039,5.087735982,80.835174,92.51720745,13.251884,1
909,2.174269418,9.40886502,124.954209,76.84742227,1.925852,0
1172,3.282762281,10.34829734,111.487691,76.71761855,11.212555,1
886,3.631693873,1.999349808,117.549269,75.46375295,1.777723,0
543,4.324418024,18.78629677,72.315982,88.2619261,10.797027,1
499,2.884092366,6.426012207,92.879263,77.44320918,1.563564,0
1250,4.095273543,2.723070422,150.114135,69.73097477,1.866846,0
884,3.358217334,14.46928458,117.071774,67.60110768,2.196736,0
579,5.669802905,6.374986596,71.515620,74.99749608,8.977128,1
574,3.743069764,8.944993819,69.394329,82.19865892,9.987178,1
612,5.651609098,5.271158234,94.658552,78.63578223,2.070489,0
652,4.093448356,6.856390016,103.763662,75.37923483,1.642399,0
1107,2.328120231,4.808383643,143.898566,81.76537866,1.807532,0
492,2.994342322,5.306231879,65.599964,71.33529114,15.715187,1
450,3.744527808,4.804844559,61.746730,84.44105702,13.569223,1
793,5.265928281,5.869576595,89.185569,84.96201969,9.357551,1
692,3.628630008,5.53265252,75.593292,74.6848392,12.693787,1
792,2.401991051,8.378783825,81.326440,87.15892739,11.610668,1
646,2.509992146,7.545808404,79.463524,88.42630301,8.186915,1
1044,3.15868367,6.664862402,137.332327,75.68326125,1.863669,0
808,5.490803084,3.518160124,117.415659,76.90002397,1.805299,0
663,1.691702067,14.55064972,76.624384,88.1571396,11.214486,1
685,2.941039657,5.785641512,80.972286,87.52646514,13.501796,1
466,3.088058659,3.833145438,68.724783,82.51509674,13.523955,1
780,2.516938745,7.654210759,108.690631,81.32114318,2.159947,0
722,2.368615465,3.747567112,81.796629,83.20445824,8.688045,1
780,5.137005675,6.695974984,87.940212,81.3900671,8.968302,1
882,2.454746953,8.146919732,124.196527,86.11818428,1.926909,0
717,2.194785636,4.019164579,83.114765,71.62235962,14.492301,1
654,2.61577103,6.20533738,98.525604,91.96149232,1.664777,0
917,3.75123485,10.82935978,126.114858,82.521078,1.666815,0
938,3.0738283,7.414277238,125.032736,73.24920895,2.227332,0
1024,2.260374459,7.614427903,134.584120,85.25241434,2.218285,0
1421,2.456991434,6.368500135,156.322108,75.31801529,1.996558,0
658,4.010453411,4.727715757,73.883169,84.16946856,14.510495,1
815,2.916353056,7.103442062,89.198699,78.1874507,14.234279,1
379,3.394167344,5.840985856,79.581191,70.12334653,1.517230,0
1060,2.490621416,12.22881869,96.209386,64.50662162,15.497333,1
866,3.974161795,6.687264764,113.857341,73.90595631,1.999862,0
574,4.753714222,6.820049655,70.359594,86.00150539,15.067105,1
784,4.040047494,8.384503916,84.529767,69.38057507,14.839541,1
397,5.259932552,3.54957395,63.739331,82.3544713,15.201166,1
853,3.757125001,4.465336169,119.608417,73.07272756,1.820315,0
754,3.905879099,5.201110384,83.723079,75.6385822,8.083473,1
623,2.948837653,6.885980932,71.821508,67.18448993,13.221564,1
672,5.852483303,6.092373685,74.058332,68.72709047,11.850248,1
1151,3.823749483,6.782069587,111.636815,71.68662393,8.448016,1
616,2.800752483,7.744998521,73.248138,77.02421787,13.293645,1
698,4.454381025,1.401523476,78.393224,73.04722809,11.553296,1
778,3.77062129,5.712575629,111.735683,78.66519154,2.160449,0
925,4.98861117,4.15565995,90.458450,74.69141718,8.803982,1
1014,3.796237722,8.970553371,99.804094,79.96385908,9.104864,1
1053,2.533847042,4.212193982,137.473163,75.98157237,1.745600,0
734,4.234473566,5.617176918,81.754484,76.73878021,12.710710,1
458,4.006601358,10.23899201,63.905081,77.63083964,9.752347,1
1283,1.957542231,6.274882296,146.022203,74.30284094,2.377281,0
1234,2.324204092,4.383020872,145.465138,77.14220944,2.282269,0
742,3.69827034,6.027755682,81.476617,90.47910949,13.880108,1
960,4.465052136,7.937945727,128.290475,82.93467705,2.061160,0
411,4.040207968,10.56158554,62.703911,75.49498118,14.644389,1
1048,2.365215703,6.152590425,104.732993,73.93163196,13.561529,1
754,3.855040201,5.132172999,84.127307,75.48310704,9.228350,1
435,4.098055088,6.398678652,63.506978,79.00078652,14.965449,1
535,2.067262462,1.425311108,67.410315,83.3609097,11.592915,1
685,0.981449763,4.666649577,81.877067,71.0768693,8.328901,1
830,2.276967219,5.804416254,89.391617,82.71534213,14.282554,1
1093,2.56187634,4.608761134,101.855104,92.20352461,12.417100,1
673,2.099733913,7.829910701,78.970408,75.83400919,8.206105,1
906,5.262483905,4.6438492,126.530842,75.65772307,2.002298,0
1107,2.382951375,3.836684725,133.503664,85.4772693,1.930266,0
1158,2.639929297,7.234215331,147.483437,85.23246296,1.898219,0
1062,2.957603652,3.410291141,133.921894,73.07334645,1.781922,0
722,1.8834848,3.475289488,111.910646,80.44567038,1.836248,0
927,2.369635484,6.482887515,97.695982,74.50844646,13.231920,1
888,3.238698266,7.5927825,89.102472,84.49225346,15.470926,1
664,2.050573922,7.190392391,104.656690,80.74024181,1.969084,0
1323,3.63938328,7.244241525,158.398202,75.71253239,1.894778,0
424,2.885138312,4.45852545,64.538268,91.48305327,11.407775,1
1044,3.356247512,5.026864524,101.405817,77.57600156,10.272858,1
731,2.857614898,4.565751276,105.312699,82.74613636,2.100966,0
386,2.754295302,5.745495453,61.705895,74.4677436,10.916631,1
902,3.982949474,8.003270695,93.931210,76.54913668,11.252470,1
1025,3.165057743,10.86348184,94.950698,82.2686492,11.480466,1
627,4.303574821,3.835954681,75.822583,80.23442229,10.754027,1
627,3.582603861,6.25724925,73.487892,92.29007669,15.707184,1
1077,2.033080209,7.230060469,100.529415,82.41205439,11.019468,1
1153,2.981055892,7.736716272,104.001785,87.33618533,8.487684,1
535,2.334791399,6.438232608,69.765276,69.84727436,8.294938,1
743,4.223461124,16.08408331,81.083250,76.28848702,14.722442,1
673,4.82053344,5.404337342,74.320929,85.64046006,14.916780,1
815,4.042303364,4.824914846,115.521982,90.13883754,2.134478,0
1129,2.661456408,7.424962083,107.922337,80.61987681,15.972416,1
1576,4.528999519,7.363527875,135.895204,83.31435098,14.220552,1
871,2.398899401,4.860208625,86.054612,83.4914333,13.372491,1
1108,2.50116872,10.52448274,140.759300,79.41457456,2.202222,0
897,3.410800042,4.636446543,117.150956,81.00984162,2.218441,0
560,2.990984469,9.955683737,73.359281,87.16065444,8.357167,1
797,2.388070429,6.1723328,86.491483,82.11893647,14.246746,1
399,4.694279934,2.637849784,79.297778,78.36818356,1.540948,0
983,4.150463474,3.885178705,122.816513,78.56257731,1.747816,0
805,3.982874664,12.72741831,84.582961,80.70942934,8.968290,1
417,2.914305677,7.299135442,64.121991,71.47888906,15.396027,1
969,3.964318456,9.543631823,125.124982,72.80526145,2.240545,0
1021,5.855813576,5.925863083,98.558517,67.9063786,8.226227,1
439,4.217855035,5.038757719,66.258721,78.17716971,12.034777,1
728,2.555692885,6.163416795,82.851120,75.15320157,11.613398,1
744,3.774870982,2.644530161,105.278949,75.51706584,1.717609,0
1292,4.504137567,8.657419753,147.865553,71.74080651,2.080637,0
546,3.60852325,6.949537176,68.533775,86.1925438,13.171882,1
1189,3.776088656,6.065286419,111.863136,71.17425834,11.491177,1
346,2.425622478,5.632913147,58.302806,68.23618504,14.083898,1
615,5.185344881,5.007435123,77.679150,70.21663454,10.986832,1
694,2.945726903,9.174094273,77.016733,64.60060259,13.669652,1
580,3.661043769,5.071958429,72.168811,85.065886,12.647347,1
1401,3.177904795,8.542869977,121.499466,70.93320965,15.464209,1
544,2.134590473,13.66845148,71.924170,77.11738637,9.985681,1
675,0.664093471,17.35775318,106.481018,83.92774767,2.098955,0
413,2.784729607,4.446985956,62.995915,90.71788519,12.973120,1
626,2.608232484,6.712785967,72.733839,76.55805246,10.766615,1
799,1.841346928,1.061783556,83.293964,82.82331733,12.052972,1
980,2.805679849,5.178954028,125.744771,75.03374723,2.120260,0
793,1.71428865,8.141169012,113.834726,72.85843631,2.027834,0
532,2.425273383,6.728471373,92.906450,78.00479854,1.534310,0
736,3.669490111,8.624623003,80.964988,85.0107389,13.265249,1
1187,2.20503426,15.12846204,140.030277,74.61732699,2.262828,0
585,3.471929572,11.42756592,73.642425,72.88694155,10.384475,1
398,3.730475111,5.342839272,59.041090,85.73949311,9.259675,1
1057,3.726872423,4.569508059,131.626016,92.11457105,1.896625,0
617,4.525319141,3.116799058,77.103094,72.2341875,15.249802,1
464,3.140535413,5.701409488,64.162984,79.16667581,10.529510,1
1132,3.981044758,8.044227502,147.013006,66.54654202,1.840744,0
474,3.817979003,7.289257333,65.503909,88.17290577,8.135181,1
635,1.971362125,10.17227075,97.214300,91.01856525,1.817108,0
561,3.870979136,5.620912003,71.126143,76.21924468,14.795390,1
785,2.50686869,6.377483151,87.575260,77.96475651,11.549761,1
1063,2.964841688,11.80184044,103.410179,81.73611201,12.410931,1
815,2.589214201,6.170128728,111.470030,72.61576661,2.044304,0
929,2.610431807,6.042660222,128.706777,74.59369092,1.844828,0
637,0.525993641,6.002145893,76.183423,81.19487281,13.610241,1
988,4.01786732,6.91950652,125.636289,82.81370215,1.974881,0
808,2.096908363,5.065455966,113.145069,84.2159894,2.166673,0
465,2.983400198,10.0569676,67.145053,77.07543297,8.629796,1
581,3.609292425,2.676624164,69.649322,83.51458907,11.938162,1
909,5.16923673,6.721094885,91.412735,68.35564976,10.417554,1
1021,5.28430017,17.3682191,96.930827,74.45489006,12.256008,1
963,4.32160033,5.149283215,95.733113,72.88817315,12.948617,1
961,3.778473955,7.166539756,128.830870,78.742005,2.225014,0
444,4.936607258,9.022182595,62.151996,80.88482249,8.886935,1
1117,3.57706831,8.010292444,139.477850,73.08847129,2.097379,0
415,4.088546632,5.038579463,60.475117,74.01675381,8.225664,1
498,2.898922894,9.154742308,66.905743,80.00577609,8.470048,1
543,3.503705775,3.60930966,97.102697,85.4615626,2.002164,0
669,2.934501436,5.22674547,77.915198,73.22422288,11.584616,1
787,4.311629629,5.834296289,114.483449,81.37350599,2.185997,0
451,1.706325314,7.098884637,66.161906,76.10320067,10.668985,1
1563,4.223530785,4.077811016,176.423442,86.77492267,2.569816,0
663,2.343099068,6.61568654,98.594021,82.36362638,1.675962,0
905,2.378260906,7.537689958,88.964073,75.95360774,8.670514,1
590,1.876913639,5.422567655,96.714105,75.19351728,1.550542,0
550,3.281042865,4.022754664,71.589961,73.03530036,14.127961,1
435,3.832696146,9.675746121,63.293697,78.01466874,13.066853,1
636,4.249654925,6.512192749,77.123396,63.7567759,9.545985,1
512,2.904160384,7.948887818,70.341605,82.58119863,15.464591,1
697,2.153351626,5.921095282,78.927601,69.92050552,10.582495,1
661,2.238634447,5.661943863,76.593255,64.97623692,10.260204,1
966,5.464976404,6.05794948,95.523831,82.03340222,14.563996,1
490,2.914719776,3.744594825,67.667113,79.15939819,14.979473,1
686,3.016735007,11.30476977,78.602651,83.5661968,13.190414,1
410,3.786955633,3.660445426,63.560394,87.54554289,13.209863,1
570,3.588485522,9.509094208,70.238289,84.72124706,12.553001,1
1211,4.678950454,5.876807319,141.726643,79.78034842,2.220085,0
434,4.622657701,4.860942302,65.337177,80.8563777,15.509439,1
736,2.532810735,4.127773243,105.717060,69.28346096,1.609310,0
728,2.085241603,7.460108391,82.761186,67.66479855,12.879689,1
942,2.839368934,5.014638231,124.980553,81.39935699,2.049851,0
1579,4.249249721,7.440567926,135.433739,90.72920245,14.834756,1
689,5.030946395,5.129100682,77.809392,75.04900898,12.916383,1
1125,2.694901275,12.26489381,100.399230,70.49758317,15.294138,1
1257,4.781776847,6.491341279,112.396643,73.73258675,14.110940,1
935,3.811436574,5.942792876,123.443232,83.38751536,2.063304,0
838,3.377151875,4.159451141,84.798126,88.78397112,14.799796,1
838,2.819517528,4.464310564,117.086867,71.94467882,1.767334,0
755,3.253803817,7.125032211,79.089617,82.94269649,10.721947,1
756,5.798337579,5.143442103,84.793396,84.24334946,13.532096,1
1369,2.67519444,9.337151062,123.426310,71.46631775,14.868769,1
582,4.065168604,7.951637841,69.700180,82.03265063,12.497286,1
1221,3.916887648,4.104313278,142.866144,77.94536525,1.854997,0
805,2.266602917,6.697597147,81.901502,82.36303583,13.602720,1
639,3.72968868,5.316594685,73.186730,74.20419112,14.657999,1
1384,2.185869163,3.429982265,157.496432,83.37673198,2.388766,0
810,2.86858442,6.68787892,89.586697,76.43124218,10.811225,1
937,4.010242692,3.460154762,120.008028,70.69608132,1.907766,0
522,5.06404227,5.780391041,90.692457,75.90655301,1.574804,0
821,4.415336324,9.134021179,84.073965,84.51717893,11.830900,1
674,3.187431696,3.208982941,100.228519,84.35811782,1.798487,0
950,2.969093261,5.714239715,95.303347,83.80686619,9.071069,1
604,4.750194875,7.366805598,73.887966,88.49564803,13.721096,1
761,3.133997546,5.748403436,105.963067,81.69484917,1.770523,0
965,2.440711581,4.469179783,92.182568,79.40712813,10.431497,1
600,3.253146665,12.04326756,102.664459,81.27043026,2.039260,0
1417,4.301904418,5.714437352,166.550345,70.72565489,2.149189,0
360,2.782370738,8.144057177,56.759320,86.41981651,13.180084,1
837,4.004837972,5.171129782,89.302963,85.19181172,8.929049,1
659,2.738662761,5.254075378,80.869072,84.30467701,12.132318,1
981,3.874185323,10.70922498,95.470975,83.69525762,15.052817,1
738,2.161308241,6.693774554,80.424383,84.38789731,13.071837,1
772,2.262819984,6.298963219,83.662553,79.50411313,12.353537,1
977,2.89196614,12.99334376,122.315166,80.13003626,1.741085,0
815,3.258687093,6.49950693,87.122300,74.59565699,7.922556,1
595,4.004848952,7.339799131,73.502545,79.53940691,13.799451,1
453,2.538697676,4.482698389,87.843964,89.63810623,1.508440,0
685,2.238753528,2.45169238,81.524144,78.74296738,8.518301,1
984,3.240893891,7.841039261,99.278030,79.28157977,10.634099,1
309,2.998872497,9.378140341,54.790135,73.73436373,12.246185,1
755,4.774313363,5.058411094,82.979917,79.78620659,9.246529,1
651,4.11118933,0.729635243,76.014610,88.6878075,12.919282,1
723,1.756405985,6.705976098,105.616432,83.81567873,1.833662,0
1739,4.071412977,6.255561411,194.857349,77.19238399,2.471586,0
507,4.708475656,4.222254839,68.913717,72.93170225,10.915691,1
498,4.108774259,8.618451012,85.884350,68.59187248,1.714957,0
645,5.607331944,6.245702271,79.113238,79.4779275,12.728899,1
789,3.141538457,7.632252155,85.466834,86.46977686,15.429045,1
1020,4.86356502,7.814562645,130.787099,84.48219025,2.062900,0
1128,2.316545023,5.769000234,103.243443,81.99832656,9.730303,1
868,2.860361473,0.666337657,123.258017,75.91205594,2.083147,0
726,5.562892703,5.254272031,81.156796,74.94422612,9.601132,1
594,4.729445742,2.437721166,76.595719,74.19315777,15.549044,1
437,3.153142068,7.875027062,62.037980,91.38400787,8.235057,1
586,2.423695442,17.39891425,95.070736,74.22806061,1.503933,0
673,1.921312384,5.572455299,107.787089,73.05638626,1.739117,0
1171,3.047381169,10.35437527,110.281557,73.7434686,15.798746,1
1261,2.510204192,3.845683098,157.900371,70.43216749,2.226696,0
581,3.000909927,3.915582623,74.743482,77.52577034,8.802623,1
1278,4.036355944,6.635413632,145.164156,76.99346628,2.154747,0
1410,3.231059198,5.121068638,167.528695,88.4249519,2.387569,0
1182,3.4242095,5.759443555,138.713857,71.01258254,2.032000,0
809,2.307648448,10.64120104,119.021856,84.41284074,2.093531,0
562,5.124418472,8.006499544,71.550810,77.38640881,13.946028,1
770,5.316130899,3.690486995,86.792773,86.70109451,13.119361,1
1020,2.341105533,4.381784498,99.181927,86.11216318,14.810018,1
741,4.549989748,4.379714854,106.221581,81.9759681,1.638168,0
1347,2.191806571,7.228193974,157.253868,86.64620888,2.304687,0
663,3.006375112,3.816959749,76.791932,72.97287307,15.048328,1
802,2.278241841,3.752841106,86.808712,78.84995324,8.023474,1
1285,3.458044725,6.303760865,159.189534,75.95603868,2.002244,0
968,3.811178177,16.68834602,97.822934,72.79595234,8.143515,1
865,3.608565218,2.94196929,123.244732,75.36908521,1.883053,0
683,4.880416254,5.694765689,81.456741,72.15790006,10.809576,1
856,4.994215625,5.937480583,121.003011,80.52884875,1.864108,0
1240,4.338728868,4.512453834,113.366182,72.47545053,11.406367,1
400,4.345171046,3.814428293,62.431959,79.41422887,11.593499,1
421,4.870199266,5.541029142,60.762818,80.58619309,14.938229,1
873,5.073183905,7.289471914,120.467397,67.46978592,1.723948,0
801,3.476705561,9.900913022,89.618074,76.32410273,9.241527,1
804,1.745656503,2.398086345,109.293415,81.852739,1.718646,0
461,3.842203435,8.402017286,62.079241,84.11014187,9.976481,1
798,3.648524871,7.310739044,83.238729,68.91413669,10.538210,1
942,3.02435098,4.381002563,129.713817,64.34235805,1.891849,0
1321,3.428787689,8.130367818,161.622967,76.87764811,2.281269,0
628,3.929800733,4.72784504,74.677381,75.23122643,11.275203,1
915,1.738615826,4.655282127,122.565750,80.4476199,1.784094,0
701,4.486074007,3.5695056,107.174688,72.82100294,1.993692,0
839,4.909281229,6.28853321,112.145555,80.089456,1.692092,0
701,2.153376885,4.981113032,104.865762,70.821148,1.988299,0
794,5.057969732,6.783485967,85.684090,72.94694268,9.406470,1
1333,3.714286721,4.002140834,160.366453,71.57119516,2.245868,0
742,2.610882146,5.543800211,83.063591,81.69087719,15.491289,1
750,2.624697607,5.292758706,81.703877,77.34093469,12.702552,1
758,4.450048868,12.7831553,107.135787,71.07344719,1.622408,0
511,3.464579801,6.728426107,69.738539,68.71508082,9.148437,1
908,3.033810183,4.897281715,91.322578,77.37121538,15.754525,1
597,1.934832258,5.40029382,100.295740,86.72938822,1.953022,0
1150,3.19539709,3.576928808,106.925438,88.58458813,13.015888,1
467,2.09509618,3.006468767,88.361607,76.68925021,1.884997,0
764,2.472185389,9.300214783,107.437411,66.2919143,1.771194,0
726,2.28194281,8.865791934,82.358176,77.03676968,11.598422,1
468,3.50525554,4.565857704,63.748283,81.35524043,9.463658,1
1108,4.533534571,5.056211499,108.558596,82.69801162,11.478912,1
1507,2.078398465,6.956104113,125.666518,73.27010071,9.909828,1
1132,4.431477685,11.97852389,102.609291,85.292275,8.286990,1
656,2.556360559,5.603569156,101.588127,88.38833548,2.092454,0
787,4.453019155,7.141396739,81.871334,70.90025156,15.039714,1
688,2.666948682,7.78865769,78.387331,82.21622452,10.005612,1
544,4.016510612,6.213187494,67.136985,85.24148255,13.871976,1
789,4.695646353,6.85722156,85.671528,77.31863907,12.788730,1
842,2.82603781,6.789680143,91.985148,87.92261867,15.455656,1
608,2.572670052,7.350643825,75.047348,89.50983233,14.912954,1
1522,2.849096956,2.819417341,169.991122,75.13190357,2.468272,0
531,4.054509762,7.939257201,67.637973,81.84166301,8.772854,1
866,4.850334316,6.149134497,91.085476,75.47166269,14.280336,1
698,2.571703545,3.41711787,78.310137,81.30739568,14.170889,1
1442,4.246808621,7.929052185,173.377832,75.5009832,1.970570,0
959,2.563235658,10.18108624,96.487475,72.12447122,11.867176,1
778,4.575375319,6.627605218,110.820719,81.29084131,2.083531,0
687,2.933347982,5.918590463,82.099395,71.29925713,11.389664,1
657,2.638751744,4.276455827,73.537561,81.63427265,9.056844,1
982,2.98520653,6.494574303,124.708168,80.55640687,1.793108,0
984,1.917329437,6.134232937,127.939696,74.20728218,1.735482,0
681,3.901091801,8.304079255,106.843487,80.11014374,1.833945,0
657,4.280497173,2.951999184,99.234893,87.19195786,1.659564,0
503,3.950221973,12.56578745,68.316194,87.6599948,13.449823,1
665,3.106958133,7.539590008,77.477984,69.24123529,14.431534,1
600,4.506462976,4.515542874,71.305523,80.18538284,12.595785,1
891,2.817612555,4.579712295,119.087544,67.75771119,1.991946,0
352,2.813342888,0.758958143,75.190295,69.41735477,1.864063,0
487,1.979360186,7.346948566,68.454955,78.41053724,9.029090,1
1292,3.951863117,2.161862534,156.267497,82.25266869,1.990681,0
579,1.832584692,5.02179924,93.294818,80.09092543,1.505823,0
798,2.296519559,4.22363437,109.929631,83.06023413,1.840395,0
698,4.434843674,6.59621586,79.508410,78.28710467,12.618668,1
875,4.008707454,4.994708583,92.767860,75.27661471,14.594120,1
494,2.130010785,7.876364101,63.793001,74.21090517,12.375702,1
1041,2.83864154,8.972755248,104.408920,85.5949273,10.269166,1
693,3.21846442,5.69044174,82.301514,79.02054829,11.769395,1
1276,5.007336275,9.779537251,151.365801,80.88913632,2.088077,0
1000,2.318481441,11.63922019,94.105844,94.04875781,13.224446,1
1179,2.773444161,11.92391761,113.002221,86.82538071,13.870197,1
864,2.515694177,5.566881426,124.413763,81.3535946,1.957386,0
736,3.087006888,5.804503626,109.297702,82.46276745,1.995852,0
533,2.496720794,7.028247831,69.051771,74.07249511,15.641616,1
573,4.166588092,6.847161918,73.576248,83.07734272,10.011521,1
870,3.907209221,5.688381261,120.877946,77.03598513,2.048580,0
428,3.764490273,6.009987746,63.340446,82.27519127,13.790561,1
716,5.199400012,4.975387382,78.276707,77.47106159,15.338648,1
480,4.188631419,5.825464461,66.294866,64.94495145,11.852100,1
1222,2.382363604,5.880977165,107.001682,75.25132677,10.505426,1
611,4.813572431,5.304950072,98.914235,78.37865904,1.986230,0
471,3.072251828,4.606229813,65.471636,88.8990133,12.780115,1
820,3.275971788,6.228383496,89.346487,83.86246441,8.719987,1
891,0.345441078,6.39158058,87.187329,84.55300084,8.407161,1
690,3.454304057,6.022835069,104.457352,79.48396122,2.088152,0
1220,2.380474229,4.814344363,154.028605,80.22140639,2.290107,0
653,3.045324266,4.905919701,79.761826,77.13540421,9.384933,1
617,2.688422027,6.034544965,76.474680,69.47062726,15.030251,1
721,3.851590447,6.829042458,80.030166,69.30877751,13.314191,1
676,2.420835251,3.384473044,75.636000,89.83973191,10.152729,1
572,4.751984583,6.834183606,74.803865,66.78680013,10.412751,1
920,2.663060999,4.017144377,127.657520,79.97758498,2.232486,0
